<?xml version="1.0" encoding="UTF-8"?>
<includes>
	<include name="NormalTouch">
	<include>OpenClose</include>
    
        <control type="group" description="Furniture">
            <animation condition="!Container(9000).Row(0) | Container(9000).HasPrevious()" effect="slide" start="0,0" end="0,-590" time="220">Conditonal</animation>
            <control type="image" description="Stage">
                <width>1920</width>
                <height>2080</height>
                <aspectratio>stretch</aspectratio>
                <texture>BackgroundX9.png</texture>
				<orientation>vertical</orientation>
            </control>
            </control>
			<control type="image">
				<left>0</left>
				<top>1046</top>
                <width>35</width>
                <height>35</height>
                <texture colordiffuse="x9">x9-35x35.png</texture>
                <aspectratio>keep</aspectratio>
            </control>	
			<control type="label">
			<right>-30</right>
			<top>1060</top>
            <width>130</width>
            <height>10</height>
			<font>size9</font>
            <textcolor>black</textcolor>
            <label>v2.10.9</label>
			</control>
			<control type="panel" id="9000" description="ICONE">
			<animation condition="Container(9000).Row(2) +!Container(9000).Row(0) | Container(9000).HasPrevious()" effect="slide" start="0,0" end="0,0" time="220">Conditonal</animation>
			<centerleft>960</centerleft>
            <top>60</top>
            <width>1800</width>
            <height>1060</height>
            <onleft>9000</onleft>
            <onright>9000</onright>
            <onup>700</onup>
            <ondown>noop</ondown>
            <orientation>vertical</orientation>
            <scrolltime tween="sine" easing="inout">280</scrolltime>
            <itemlayout height="290" width="360">
                <control type="image" description="shade_base">
                    <centerleft>180</centerleft>
                    <width>360</width>
                    <height>250</height>
                    <texture>icons/iconbase.png</texture>
                </control>
                <control type="image" description="color base">
                    <centerleft>180</centerleft>
                    <top>27</top>
                    <width>287</width>
                    <height>179</height>
                    <texture diffuse="icons/diffusehomeicon.png">$INFO[ListItem.Property(color)]</texture>
                </control>
                <control type="image" description="THMBSICONS">
                    <visible>!IsEmpty(Listitem.thumb)</visible>
                    <centerleft>180</centerleft>
                    <top>27</top>
                    <width>287</width>
                    <height>179</height>
                    <texture diffuse="icons/diffusehomeicon.png">$INFO[ListItem.thumb]</texture>
                </control>
                <control type="image" description="THMBSICONS">
                    <visible>IsEmpty(Listitem.thumb)</visible>
                    <centerleft>180</centerleft>
                    <top>27</top>
                    <width>287</width>
                    <height>179</height>
                    <texture diffuse="icons/diffusehomeicon.png">$INFO[ListItem.label2]</texture>
                </control>
                <control type="image" description="THMBS weather">
                    <centerleft>180</centerleft>
                    <top>27</top>
                    <width>287</width>
                    <height>179</height>
                    <texture>$INFO[ListItem.Property(weatherthumb)]</texture>
                    <aspectratio>keep</aspectratio>
                </control>
            </itemlayout>
            <focusedlayout height="290" width="360">
                <control type="group">
                    <animation effect="zoom" start="100" end="130" time="120" center="auto" tween="Back" easing="Out">Focus</animation>
                    <animation effect="zoom" start="130" end="100" time="120" center="auto">unFocus</animation>
                    <control type="image" description="shade_base">
                        <centerleft>180</centerleft>
                        <width>360</width>
                        <height>250</height>
                        <texture>icons/iconbase.png</texture>
                    </control>
                    <control type="image" description="color base">
                        <centerleft>180</centerleft>
                        <top>27</top>
                        <width>287</width>
                        <height>179</height>
                        <texture diffuse="icons/diffusehomeicon.png">$INFO[ListItem.Property(color)]</texture>
                    </control>
                    <control type="image" description="THMBSICONS">
                        <visible>!IsEmpty(Listitem.thumb)</visible>
                        <centerleft>180</centerleft>
                        <top>27</top>
                        <width>287</width>
                        <height>179</height>
                        <texture diffuse="icons/diffusehomeicon.png">$INFO[ListItem.thumb]</texture>
                    </control>
                    <control type="image" description="THMBSICONS">
                        <visible>IsEmpty(Listitem.thumb)</visible>
                        <centerleft>180</centerleft>
                        <top>27</top>
                        <width>287</width>
                        <height>179</height>
                        <texture diffuse="icons/diffusehomeicon.png">$INFO[ListItem.label2]</texture>
                    </control>
                    <control type="image" description="THMBS weather">
                        <centerleft>180</centerleft>
                        <top>27</top>
                        <width>287</width>
                        <height>179</height>
                        <texture>$INFO[ListItem.Property(weatherthumb)]</texture>
                        <aspectratio>keep</aspectratio>
                    </control>
                </control>
                <control type="label" description="label">
                    <animation effect="fade" start="0" end="100" time="150" delay="50">Focus</animation>
                    <animation effect="fade" start="100" end="0" time="100">unFocus</animation>
                    <centerleft>180</centerleft>
                    <top>234</top>
                    <width>368</width>
                    <height>24</height>
                    <font>size27B</font>
                    <align>center</align>
                    <textcolor>white</textcolor>
                    <label>[B]$INFO[ListItem.label][/B]</label>
                </control>
            </focusedlayout>
            <content>
                <item id="601" description="Custom Fvourite">
					<visible>!Skin.HasSetting(hidehomefav1)</visible>
                    <visible>!IsEmpty(Skin.String(HomeFav.1.Label))</visible>
                    <thumb>$INFO[Skin.String(HomeFav.1.Icon)]</thumb>
                    <label>$INFO[Skin.String(HomeFav.1.Label)]</label>
                    <onclick>$INFO[Skin.String(HomeFav.1.Path)]</onclick>
                </item>
                <item id="602" description="Custom Fvourite">
					<visible>!Skin.HasSetting(hidehomefav2)</visible>
                    <visible>!IsEmpty(Skin.String(HomeFav.2.Label))</visible>
                    <thumb>$INFO[Skin.String(HomeFav.2.Icon)]</thumb>
                    <label>$INFO[Skin.String(HomeFav.2.Label)]</label>
                    <onclick>$INFO[Skin.String(HomeFav.2.Path)]</onclick>
                </item>
                <item id="355">
                    <thumb>icons/Icon_TV.png</thumb>
                    <label>31059</label>
                    <property name="color">icons/Icon_TV.png</property>
                    <onclick>ActivateWindow(1718)</onclick>
                    <visible>!Pvr.IsRecording + System.GetBool(pvrmanager.enabled) + !Skin.HasSetting(PVRhide)</visible>
                </item>
                <item id="355">
                    <thumb>icons/LiveTVrec.png</thumb>
                    <label>$INFO[Pvr.NowRecordingTitle]</label>
                    <property name="color">icons/green3.png</property>
                    <onclick>ActivateWindow(1718)</onclick>
                    <visible>Pvr.IsRecording + System.GetBool(pvrmanager.enabled) + !Skin.HasSetting(PVRhide)</visible>
				</item>
                <item id="603" description="Custom Fvourite">
					<visible>!Skin.HasSetting(hidehomefav3)</visible>
                    <visible>!IsEmpty(Skin.String(HomeFav.3.Label))</visible>
                    <thumb>$INFO[Skin.String(HomeFav.3.Icon)]</thumb>
                    <label>$INFO[Skin.String(HomeFav.3.Label)]</label>
                    <onclick>$INFO[Skin.String(HomeFav.3.Path)]</onclick>
                </item>
                <item id="604" description="Custom Fvourite">
					<visible>!Skin.HasSetting(hidehomefav4)</visible>
                    <visible>!IsEmpty(Skin.String(HomeFav.4.Label))</visible>
                    <thumb>$INFO[Skin.String(HomeFav.4.Icon)]</thumb>
                    <label>$INFO[Skin.String(HomeFav.4.Label)]</label>
                    <onclick>$INFO[Skin.String(HomeFav.4.Path)]</onclick>
                </item>
                <item id="345">
                    <visible>!Skin.HasSetting(hidewtr)</visible> 
					<property name="weatherthumb">$INFO[Window(weather).Property(Current.FanartCode),weathershelf/,.png]</property>
                    <label>$INFO[Weather.Temperature]</label>
                    <property name="color">icons/Icon_Weather.png</property>
                    <onclick>ActivateWindow(MyWeather)</onclick>
                </item>
                <item id="605" description="Custom Fvourite">
					<visible>!Skin.HasSetting(hidehomefav5)</visible>
                    <visible>!IsEmpty(Skin.String(HomeFav.5.Label))</visible>
                    <thumb>$INFO[Skin.String(HomeFav.5.Icon)]</thumb>
                    <label>$INFO[Skin.String(HomeFav.5.Label)]</label>
                    <onclick>$INFO[Skin.String(HomeFav.5.Path)]</onclick>
                </item>
                <item id="606" description="Custom Fvourite">
					<visible>!Skin.HasSetting(hidehomefav6)</visible>
                    <visible>!IsEmpty(Skin.String(HomeFav.6.Label))</visible>
                    <thumb>$INFO[Skin.String(HomeFav.6.Icon)]</thumb>
                    <label>$INFO[Skin.String(HomeFav.6.Label)]</label>
                    <onclick>$INFO[Skin.String(HomeFav.6.Path)]</onclick>
                </item>
                <item id="607" description="Custom Fvourite">
					<visible>!Skin.HasSetting(hidehomefav7)</visible>
                    <visible>!IsEmpty(Skin.String(HomeFav.7.Label))</visible>
                    <thumb>$INFO[Skin.String(HomeFav.7.Icon)]</thumb>
                    <label>$INFO[Skin.String(HomeFav.7.Label)]</label>
                    <onclick>$INFO[Skin.String(HomeFav.7.Path)]</onclick>
				</item>
                <item id="608" description="Custom Fvourite">
					<visible>!Skin.HasSetting(hidehomefav8)</visible>
                    <visible>!IsEmpty(Skin.String(HomeFav.8.Label))</visible>
                    <thumb>$INFO[Skin.String(HomeFav.8.Icon)]</thumb>
                    <label>$INFO[Skin.String(HomeFav.8.Label)]</label>
                    <onclick>$INFO[Skin.String(HomeFav.8.Path)]</onclick>
				</item>
				<item id="610" description="Custom Fvourite">
					<visible>!Skin.HasSetting(hidehomefav10)</visible>
                    <visible>!IsEmpty(Skin.String(HomeFav.10.Label))</visible>
                    <thumb>$INFO[Skin.String(HomeFav.10.Icon)]</thumb>
                    <label>$INFO[Skin.String(HomeFav.10.Label)]</label>
                    <onclick>$INFO[Skin.String(HomeFav.10.Path)]</onclick>
                </item>
                <item id="611" description="Custom Fvourite">
					<visible>!Skin.HasSetting(hidehomefav11)</visible>
                    <visible>!IsEmpty(Skin.String(HomeFav.11.Label))</visible>
                    <thumb>$INFO[Skin.String(HomeFav.11.Icon)]</thumb>
                    <label>$INFO[Skin.String(HomeFav.11.Label)]</label>
                    <onclick>$INFO[Skin.String(HomeFav.11.Path)]</onclick>
                </item>
				<item id="352">
                    <visible>!Skin.HasSetting(hidefav)</visible>
                    <thumb>icons/favs.png</thumb>
                    <label>$LOCALIZE[1036]</label>
                    <property name="color">icons/red.png</property>
                    <onclick>ActivateWindow(134)</onclick>
                </item>
				<item id="347">
                    <visible>!Skin.HasSetting(hideSources)</visible>
                    <thumb>icons/Media locaties.png</thumb>
                    <label>20094</label>
                    <onclick>activatewindow(1115)</onclick>
				</item>
				<item id="348">
                    <thumb>icons/settings.png</thumb>
                    <label>5</label>
                    <onclick>ActivateWindow(1120)</onclick>
                </item>
                <item id="349">
                    <visible>Player.HasMedia</visible>
                    <thumb>icons/Ga terug.png</thumb>
                    <label>Ga terug</label>
                    <onclick condition="Player.HasMedia">Fullscreen</onclick>
                </item>
                <item id="349">
                    <visible>!Player.HasMedia + Skin.HasSetting(quitter)</visible>
                    <thumb>icons/Zet uit.png</thumb>
                    <label>351</label>
                    <onclick>ActivateWindow(ShutdownMenu)</onclick>
                </item>
                <item id="349">
                    <visible>!Player.HasMedia + !Skin.HasSetting(quitter)</visible>
                    <thumb>icons/Zet uit.png</thumb>
                    <label>351</label>
                    <onclick>ActivateWindow(ShutdownMenu)</onclick>
                </item>
            </content>
        </control>
        <control type="group" description="RSS">
            <control type="rss" description="RSS Feed">
                <visible>system.getbool(lookandfeel.enablerssfeeds)</visible>
                <visible>!Skin.HasSetting(NORSS)</visible>
                <include>VisibleFade</include>
                <top>950</top>
                <width>1920</width>
                <height>33</height>
                <font>size22</font>
                <urlset>1</urlset>
                <shadowcolor>-</shadowcolor>
                <titlecolor>White</titlecolor>
                <headlinecolor>White</headlinecolor>
                <textcolor>White</textcolor>
            </control>
	
	    </control>
        <control type="group" description="Player Info">
            <visible>Player.HasAudio</visible>
            <visible>!IntegerGreaterThan(Player.Time,8) | !IntegerGreaterThan(Player.TimeRemaining,8)</visible>
            <animation effect="slide" tween="Sine" easing="Out" start="430,0" end="0,0" time="600" delay="200">VisibleChange</animation>
            <left>1500</left>
            <top>440</top>
            <control type="image" description="Playing BG">
                <width>430</width>
                <height>105</height>
                <texture border="20">images/ProgressBG.png</texture>
            </control>
            <control type="group">
                <control type="image">
                    <left>18</left>
                    <top>15</top>
                    <width>75</width>
                    <height>75</height>
                    <texture>$INFO[MusicPlayer.Cover]</texture>
                    <aspectratio>keep</aspectratio>
                </control>
                <control type="label">
                    <left>110</left>
                    <top>9</top>
                    <aligny>center</aligny>
                    <width>300</width>
                    <height>36</height>
                    <font>size24</font>
                    <textcolor>black</textcolor>
                    <label>$INFO[MusicPlayer.Title]</label>
                </control>
                <control type="label">
                    <left>110</left>
                    <top>36</top>
                    <aligny>center</aligny>
                    <width>300</width>
                    <height>36</height>
                    <font>size21</font>
                    <label>$INFO[MusicPlayer.Artist]</label>
                </control>
                <control type="label">
                    <left>110</left>
                    <top>60</top>
                    <aligny>center</aligny>
                    <width>300</width>
                    <height>36</height>
                    <font>size21</font>
                    <label>$INFO[MusicPlayer.Album]</label>
                </control>
            </control>
        </control>
        <control type="label" description="Clock">
                <visible>!Skin.HasSetting(HideClock)</visible>
				<width min="30" max="850">auto</width>
				<centerright>-60</centerright>
                <height>45</height>
                <font>size33</font>
                <label>$INFO[System.Time] $INFO[System.Date]</label>
            </control>
        <control type="label" description="Top Label">
            <include>ShelfFade</include>
            <include>ShelfTitle</include>
            <label>[B] $VAR[shelflabel] [/B]</label>
		</control>
	</include>
</includes>