<?xml version="1.0" encoding="UTF-8" standalone="yes"?>
<addon id="plugin.video.dutchyoutubechannels"
       name="DutchYoutubeChannels"
       version="1.0.2"
       provider-name="ArmoGuy">
  <requires>
    <import addon="xbmc.python" />
	<import addon="script.module.t0mm0.common" />
    <import addon="script.module.beautifulsoup" />
    <import addon="script.module.simple.downloader" />
    <import addon="plugin.video.youtube" />	
  </requires>
  <extension point="xbmc.python.pluginsource" library="default.py">
    <provides>video</provides>
  </extension>
  <extension point="xbmc.addon.metadata">
    <platform>all</platform>
  </extension>
</addon>
