<?xml version="1.0" encoding="UTF-8" standalone="yes"?>
<addon id="plugin.program.hayboxinstaller" name="HAYbox Installer/Updater" version="1.0.0" provider-name="ArmoGuy">
  <requires>
    	<import addon="xbmc.python" version="2.1.0"/>
	<import addon="script.module.addon.common" />
  </requires>
  <extension point="xbmc.python.pluginsource" library="default.py">
        <provides>executable</provides>
  </extension>
  <extension point="xbmc.addon.metadata">
    <summary lang="en">HAYbox Installer</summary>
    <description lang="en">Installeer de build HAYbox by ArmoGuy</description>
    <platform>all</platform>
  </extension>
</addon>
