<?xml version="1.0" encoding="UTF-8"?>
<addon id="skin.haybox" version="1.0.3" name="HAYbox Skin" provider-name="ArmoGuy">
    <requires>
        <import addon="xbmc.gui" version="5.3.0"/>
    </requires>
    <extension
            point="xbmc.gui.skin"
            defaultthemename="Textures.xbt"
            debugging="false">
        <res width="1920" height="1080" aspect="16:9" default="true" folder="1080i" />
    </extension>
    <extension point="xbmc.addon.metadata">
        <summary>HAYbox Skin by ArmoGuy</summary>
        <platform>all</platform>
        <licence></licence>
        <email></email>
    </extension>
</addon>
