<?xml version="1.0" encoding="UTF-8"?>
<includes>

    <include name="ShelfTitle">
        <posx>30</posx>
        <top>20</top>
        <height>45</height>
        <width>750</width>
        <align>left</align>
        <aligny>center</aligny>
        <font>size27</font>
	<textcolor>black</textcolor>
    </include>
    
   
    <include name="FAV01">
         <control type="group">
            <visible>[Container(9000).HasFocus(502)]</visible>
             <control type="image">
                <posx>0</posx>
                <top>0</top>
                <width>1920</width>
                <height>490</height>
                <texture background="true">special://home/addons\skin.aram\backgrounds\bg.jpg</texture>
            </control>           
        </control>
    </include>
	
    <include name="FAV01">
         <control type="group">
            <visible>[Container(9000).HasFocus(407)]</visible>
             <control type="image">
                <posx>0</posx>
                <top>0</top>
                <width>1920</width>
                <height>490</height>
                <texture background="true">special://home/addons\skin.aram\backgrounds\bg.jpg</texture>
            </control>           
        </control>
    </include>


    <include name="FAV02">
         <control type="group">
            <visible>[Container(9000).HasFocus(405)]</visible>
             <control type="image">
                <posx>0</posx>
                <top>0</top>
                <width>1920</width>
                <height>490</height>
                <texture background="true">special://home/addons\skin.aram\backgrounds\bg.jpg</texture>
            </control>           
        </control>
    </include>

    <include name="FAV03">
         <control type="group">
            <visible>[Container(9000).HasFocus(404)]</visible>
             <control type="image">
                <posx>0</posx>
                <top>0</top>
                <width>1920</width>
                <height>490</height>
                <texture background="true">special://home/addons\skin.aram\backgrounds\bg.jpg</texture>
            </control>           
        </control>
    </include>

    <include name="FAV04">
         <control type="group">
            <visible>[Container(9000).HasFocus(403)]</visible>
             <control type="image">
                <posx>0</posx>
                <top>0</top>
                <width>1920</width>
                <height>490</height>
                <texture background="true">special://home/addons\skin.aram\backgrounds\bg.jpg</texture>
            </control>           
        </control>
    </include>

    <include name="FAV05">
         <control type="group">
            <visible>[Container(9000).HasFocus(402)]</visible>
             <control type="image">
                <posx>0</posx>
                <top>0</top>
                <width>1920</width>
                <height>490</height>
                <texture background="true">special://home/addons\skin.aram\backgrounds\bg.jpg</texture>
            </control>           
        </control>
    </include>
	
	<include name="PVR">
         <control type="group">
            <visible>[Container(9000).HasFocus(401)]</visible>
             <control type="image">
                <posx>0</posx>
                <top>0</top>
                <width>1920</width>
                <height>490</height>
                <texture background="true">special://home/addons\skin.aram\backgrounds\bg.jpg</texture>
            </control>           
        </control>
    </include>

    <include name="FAV06">
         <control type="group">
            <visible>[Container(9000).HasFocus(408)]</visible>
             <control type="image">
                <posx>0</posx>
                <top>0</top>
                <width>1920</width>
                <height>490</height>
                <texture background="true">special://home/addons\skin.aram\backgrounds\bg.jpg</texture>
            </control>           
        </control>
    </include>

    <include name="FAV07">
         <control type="group">
            <visible>[Container(9000).HasFocus(409)]</visible>
             <control type="image">
                <posx>0</posx>
                <top>0</top>
                <width>1920</width>
                <height>490</height>
                <texture background="true">special://home/addons\skin.aram\backgrounds\bg.jpg</texture>
            </control>           
        </control>
    </include>

    <include name="FAV08">
         <control type="group">
            <visible>[Container(9000).HasFocus(410)]</visible>
             <control type="image">
                <posx>0</posx>
                <top>0</top>
                <width>1920</width>
                <height>490</height>
                <texture background="true">special://home/addons\skin.aram\backgrounds\bg.jpg</texture>
            </control>           
        </control>
    </include>

    <include name="FAV10">
         <control type="group">
            <visible>[Container(9000).HasFocus(411)]</visible>
             <control type="image">
                <posx>0</posx>
                <top>0</top>
                <width>1920</width>
                <height>490</height>
                <texture background="true">special://home/addons\skin.aram\backgrounds\bg.jpg</texture>
            </control>           
        </control>
    </include>

	<include name="FAV11">
         <control type="group">
            <visible>[Container(9000).HasFocus(406)]</visible>
             <control type="image">
                <posx>0</posx>
                <top>0</top>
                <width>1920</width>
                <height>490</height>
                <texture background="true">special://home/addons\skin.aram\backgrounds\bg.jpg</texture>
            </control>           
        </control>
    </include>


    <include name="SETBACK">
         <control type="group">
            <visible>[Container(9000).HasFocus(348)]</visible>
             <control type="image">
                <posx>0</posx>
                <top>0</top>
                <width>1920</width>
                <height>490</height>
                <texture background="true">special://home/addons\skin.aram\backgrounds\bg.jpg</texture>
            </control>           
        </control>
    </include>

	<include name="MEDLOC">
         <control type="group">
            <visible>[Container(9000).HasFocus(347)]</visible>
             <control type="image">
                <posx>0</posx>
                <top>0</top>
                <width>1920</width>
                <height>490</height>
                <texture background="true">images/media_banner.jpg</texture>
            </control>           
        </control>
    </include>

  
	
	<include name="EXITBACK">
         <control type="group">
            <visible>[Container(9000).HasFocus(349)]</visible>
             <control type="image">
                <posx>0</posx>
                <top>0</top>
                <width>1920</width>
                <height>490</height>
                <texture background="true">images/Uit_banner.jpg</texture>
            </control>           
        </control>
    </include>

	<include name="DOORGAAN">
         <control type="group">
            <visible>[Container(9000).HasFocus(349)|Player.HasMedia]</visible>
             <control type="image">
                <posx>0</posx>
                <top>0</top>
                <width>1920</width>
                <height>490</height>
                <texture background="true">images/terug_banner.jpg</texture>
            </control>           
        </control>
    </include>



	
	
	<include name="favourites">
         <control type="group">
            <visible>[Container(9000).HasFocus(352)]</visible>
             <control type="image">
                <posx>0</posx>
                <top>0</top>
                <width>1920</width> 
                <height>490</height>
                <texture background="true">images/favs_banner.jpg</texture>
            </control>           
        </control>
    </include>




    



</includes>
