<?xml version="1.0" encoding="UTF-8"?>
<window id="135">
    <defaultcontrol always="true">300</defaultcontrol>
    <allowoverlay>no</allowoverlay>
    <backgroundcolor>background</backgroundcolor>
    <include>OpenClose</include>
    <controls>
        <include>BlackBackground</include>
        <control type="group">
                <control type="image" description="Thumb">
                    <left>153</left>
                    <top>49</top>
                    <width>688</width>
                    <height>699</height>
                    <include>Icon_Fade</include>
                    <texture background="true" fallback="defaultalbumcover.png">$INFO[ListItem.Icon]</texture>
                    <aspectratio aligny="bottom">keep</aspectratio>
                </control>
            <include>MusicInfo</include>
            <control type="textbox" description="Plot">
                <left>1000</left>
                <top>140</top>
                <width>870</width>
                <height>799</height>
                <font>size28</font>
                <align>justify</align>
                <autoscroll delay="6500" time="4000" repeat="10000"></autoscroll>
                <label>[COLOR=$VAR[diffusetext]]$INFO[ListItem.Property(Album_Description)][CR]$INFO[ListItem.Property(Artist_Description)][/COLOR]</label>
            </control>
        </control>
        <control type="image">
            <posx>0</posx>
            <top>1000</top>
            <height>80</height>
            <width>1920</width>
            <aspectratio>stretch</aspectratio>
            <texture>images/BlackT.png</texture>
        </control>
        <control type="group" description="Options">
            <control type="grouplist" id="300">
                <posx>15</posx>
                <top>1000</top>
                <width>1890</width>
                <height>80</height>
                <itemgap>0</itemgap>
                <aligny>bottom</aligny>
                <align>center</align>
                <onup>50</onup>
                <orientation>horizontal</orientation>
                <control type="button" id="12" description="Album Info">
                    <height>80</height>
                    <width>280</width>
                    <label>10523</label>
                    <font>size28</font>
                </control>
                <control type="button" id="13" description="Get Thumb">
                    <height>80</height>
                    <width>280</width>
                    <label>13405</label>
                    <font>size28</font>
                </control>
                <control type="button" id="14" description="Decrease Rating">
                    <height>80</height>
                    <width>280</width>
                    <label>-  $LOCALIZE[563]</label>
                    <onclick>DecreaseRating</onclick>
                    <font>size28</font>
                </control>
                <control type="button" id="15" description="Increase Rating">
                    <height>80</height>
                    <width>280</width>
                    <label>+ $LOCALIZE[563]</label>
                    <onclick>IncreaseRating</onclick>
                    <font>size28</font>
                </control>
                <control type="button" id="10" description="Save rating">
                    <height>80</height>
                    <width>280</width>
                    <label>186</label>
                    <font>size28</font>
                </control>
            </control>
        </control>
    </controls>
</window>
