<?xml version="1.0" encoding="UTF-8"?>
<window id="29">
    <defaultcontrol always="true">52</defaultcontrol>
    <allowoverlay>no</allowoverlay>
    <backgroundcolor>background</backgroundcolor>
    <include>OpenClose</include>
    <controls>
	    <control type="label" description="Clock">
                <visible>!Skin.HasSetting(HideClock)</visible>
		<width min="30" max="850">auto</width>
                <top>38</top>
                <right>55</right>
                <orientation>horizontal</orientation>
                <itemgap>15</itemgap>
                <align>right</align>
		<height>45</height>
                <font>size33</font>
                <label>$INFO[System.Time] $INFO[System.Date]</label>
            </control>
        <control type="group">
            <top>75</top>
            <control type="fixedlist" id="52">
                <animation effect="slide" start="0,0" end="-225,0" time="0" condition="StringCompare(Container(52).NumItems,2)">conditional</animation>
                <posx>285</posx>
                <top>249</top>
                <width>1350</width>
                <height>450</height>
                <onleft>noop</onleft>
                <onright>noop</onright>
                <onup>noop</onup>
                <ondown>11</ondown>
                <pagecontrol>-</pagecontrol>
                <scrolltime>250</scrolltime>
                <focusposition>1</focusposition>
                <movement>1</movement>
                <orientation>horizontal</orientation>
                <itemlayout width="450" height="450">
                    <control type="image">
                        <posx>75</posx>
                        <top>0</top>
                        <width>300</width>
                        <height>300</height>
                        <aspectratio scalediffuse="false">scale</aspectratio>
                        <texture background="true" diffuse="images/logindiffuse.png" fallback="def_user.png">$INFO[Container(2).ListItem.Icon]</texture>
                    </control>
		    <control type="label" description="User Name">
	        	<posx>-730</posx>
                	<top>285</top>
                	<height>45</height>
                	<width>1920</width>
                	<align>center</align>
                	<font>size28</font>
			<autoscroll>false</autoscroll>
                	<textcolor>$VAR[diffusetext]</textcolor>
                	<label>$INFO[ListItem.Label]</label>
            	     </control>
                </itemlayout>
                <focusedlayout width="450" height="450">
                    <control type="image">
                        <posx>75</posx>
                        <top>0</top>
                        <width>300</width>
                        <height>300</height>
                        <aspectratio scalediffuse="false">scale</aspectratio>
                        <texture background="true" diffuse="images/logindiffuse.png" fallback="def_user.png">$INFO[Container(2).ListItem.Icon]</texture>
                    </control>
		    <control type="label" description="User Name">
	        	<posx>-730</posx>
                	<top>285</top>
                	<height>45</height>
                	<width>1920</width>
                	<align>center</align>
                	<font>size28</font>
			<autoscroll>false</autoscroll>
                	<textcolor>$VAR[diffusetext]</textcolor>
                	<label>$INFO[ListItem.Label]</label>
            	     </control>
                </focusedlayout>
            </control>
            <control type="image">
                <visible>Control.HasFocus(52)</visible>
                <animation effect="fade" time="300">VisibleChange</animation>
                <posx>855</posx>
                <top>289</top>
                <width>210</width>
                <height>210</height>
                <aspectratio>stretch</aspectratio>
                <texture>images/LoginSlider.png</texture>
                <animation effect="slide" start="0,0" end="-225,0" time="0" condition="StringCompare(Container(52).NumItems,2)">conditional</animation>
                <animation type="Conditional" condition="Container(52).Position(0)">
                    <effect type="slide" start="0,0" end="-450,0" center="auto" time="200" reversible="true" />
                </animation>
                <animation type="Conditional" condition="Container(52).Position(1)">
                    <effect type="slide" start="0,0" end="0,0" center="auto" time="200" reversible="true" />
                </animation>
                <animation type="Conditional" condition="Container(52).Position(2)">
                    <effect type="slide" start="0,0" end="450,0" center="auto" time="200" reversible="true" />
                </animation>
            </control>
        </control>
        <control type="group" description="Labels and button">
            <posx>0</posx>
            <top>696</top>
            <control type="label" description="Last Login">
                <posx>0</posx>
                <top>69</top>
                <width>1920</width>
                <font>size28</font>
                <align>center</align>
                <textcolor>$VAR[diffusetext]</textcolor>
                <label>$INFO[ListItem.Label2]</label>
            </control>
            <control type="button" id="11" description="Quit xbmc">
                <posx>915</posx>
                <top>255</top>
                <width>90</width>
                <height>90</height>
                <onup>52</onup>
                <ondown>52</ondown>
                <onleft>Control.Move(52,-1)</onleft>
                <onleft>52</onleft>
                <onright>Control.Move(52,1)</onright>
                <onright>52</onright>
                <texturefocus>images/QuitFO.png</texturefocus>
                <texturenofocus>images/QuitNF.png</texturenofocus>
                <onclick>XBMC.Quit</onclick>
                <font>-</font>
                <label>$LOCALIZE[13009]</label>
            </control>
        </control>
    </controls>
</window>
