<?xml version="1.0" encoding="UTF-8"?>
<addon id="skin.aram" version="9992.9992.9992" name="HAYbox Skin" provider-name="ArmoGuy">
    <requires>
        <import addon="plugin.video.youtube" />	
        <import addon="plugin.video.merojax.tv" />
    </requires>
    <extension
            point="xbmc.gui.skin"
            defaultthemename="Textures.xbt"
            debugging="false">
        <res width="1920" height="1080" aspect="16:9" default="true" folder="1080p" />
    </extension>
    <extension point="xbmc.addon.metadata">
        <summary></summary>
        <description>HAYbox Skin by ArmoGuy</description>
		<disclaimer>HAYbox Skin</disclaimer>
        <platform>all</platform>
        <licence></licence>
        <forum></forum>
        <source></source>
        <email></email>
    </extension>
</addon>
