<?xml version="1.0" encoding="UTF-8"?>
    <addon id="repository.galaxy" name="Project Galaxy Repo" version="0.0.1" provider-name="Galaxy">
        <requires>
            <import addon="xbmc.addon" version="12.0.0"/>
        </requires>
        <extension point="xbmc.addon.repository" name="Galaxy Repo">
            <info compressed="false">https://raw.githubusercontent.com/Project-Galaxy/repo/master/addons.xml</info>
            <checksum>https://raw.githubusercontent.com/Project-Galaxy/repo/master/addons.xml.md5</checksum>
            <datadir zip="true">https://raw.githubusercontent.com/Project-Galaxy/repo/master/zips/</datadir>
            <hashes>false</hashes>
        </extension>
        <extension point="xbmc.addon.metadata">
            <summary></summary>
            <description></description>
            <platform>all</platform>
    </extension>
</addon>