<?xml version="1.0" encoding="UTF-8"?>
<window id="150">
    <defaultcontrol>5</defaultcontrol>
    <include>DialogOpenClose</include>
    <controls>
        <control type="image">
            <centerleft>960</centerleft>
            <centertop>540</centertop>
            <width>1620</width>
            <height>1230</height>
            <texture border="150">images/Dialog.png</texture>
        </control>
            <control type="label" id="1">
                <description>header label</description>
                <centerleft>960</centerleft>
                <top>80</top>
                <width>930</width>
                <height>45</height>
                <font>size28</font>
                <label>5</label>
                <align>center</align>
                <aligny>center</aligny>
            </control>
            <control type="grouplist" id="5">
                <description>control area</description>
                <centerleft>960</centerleft>
                <top>145</top>
                <width>1000</width>
                <height>680</height>
                <itemgap>8</itemgap>
                <pagecontrol>60</pagecontrol>
                <onleft>noop</onleft>
                <onright>60</onright>
                <onup>noop</onup>
                <ondown>28</ondown>
            </control>
            <control type="scrollbar" id="60">
                <right>296</right>
                <top>105</top>
                <width>9</width>
                <height>860</height>
                <onleft>3</onleft>
                <onright>3</onright>
                <ondown>60</ondown>
                <onup>60</onup>
                <showonepage>true</showonepage>
            </control>
            <control type="button" id="7">
                <description>Default Button</description>
                <height>60</height>
                <font>size27</font>
                <!--<texturefocus border="5">button-focus2.png</texturefocus>-->
            </control>
            <control type="radiobutton" id="8">
                <description>Default RadioButton</description>
                <height>60</height>
                <font>size27</font>
                <!--<texturefocus border="5">button-focus2.png</texturefocus>-->
            </control>
            <control type="spincontrolex" id="9">
                <description>Default SpinControlex</description>
                <height>60</height>
                <font>size27</font>
                <!--<texturefocus border="5">button-focus2.png</texturefocus>
                    <texturenofocus border="5">button-nofocus.png</texturenofocus>-->
            </control>
            <control type="sliderex" id="13">
                <description>Default Slider</description>
                <height>60</height>
                <!--<texturenofocus border="5">button-nofocus.png</texturenofocus>
                    <texturefocus border="5">button-focus2.png</texturefocus>-->
                <font>size27</font>
            </control>
            <control type="image" id="11">
                <description>separator image</description>
                <height>1</height>
                <texture>lines/Line.png</texture>
            </control>
            <control type="grouplist" id="9000">
                <centerleft>960</centerleft>
                <top>900</top>
                <width>900</width>
                <itemgap>0</itemgap>
                <orientation>horizontal</orientation>
                <onup>5</onup>
                <ondown>5</ondown>
                <control type="button" id="29">
                    <description>Cancel Button</description>
                    <width>300</width>
                    <height>60</height>
                    <align>center</align>
                    <aligny>center</aligny>
                    <font>size26</font>
                    <label>222</label>
                </control>
                <control type="button" id="28">
                    <description>OK Button</description>
                    <left>315</left>
                    <width>300</width>
                    <height>60</height>
                    <align>center</align>
                    <aligny>center</aligny>
                    <font>size26</font>
                    <label>186</label>
                </control>
                <control type="button" id="50">
                    <description>Defaults Button</description>
                    <left>630</left>
                    <width>300</width>
                    <height>60</height>
                    <align>center</align>
                    <aligny>center</aligny>
                    <font>size26</font>
                    <label>409</label>
                </control>
            </control>
    </controls>
</window>
