<?xml version="1.0" encoding="UTF-8"?>
<window type="buttonMenu">
    <defaultcontrol always="true">1</defaultcontrol>
    <include>DialogOpenClose</include>
    <controls>
        <control type="image" description="BG">
            <animation effect="fade" start="0" end="50" delay="150" time="300">WindowOpen</animation>
            <animation effect="fade" start="50" end="0" time="50">WindowClose</animation>
            <width>1920</width>
            <height>1080</height>
            <texture colordiffuse="inverted">images/transparent.png</texture>
        </control>
        <control type="image" description="Dialog">
            <left>350</left>
            <top>290</top>
            <width>1220</width>
            <height>500</height>
            <aspectratio>stretch</aspectratio>
            <texture border="150">images/Dialog.png</texture>
        </control>
        <control type="grouplist" id="9000">
            <left>500</left>
            <top>450</top>
            <width>920</width>
            <height>126</height>
            <onleft>9000</onleft>
            <onright>9000</onright>
            <onup>noop</onup>
            <ondown>noop</ondown>
            <itemgap>30</itemgap>
            <align>center</align>
            <orientation>horizontal</orientation>
            <control type="button" id="1" description="Exit button">
                <width>126</width>
                <height>126</height>
                <font>-</font>
                <texturenofocus colordiffuse="77FFFFFF">BM_QuitNF.png</texturenofocus>
                <texturefocus>BM_QuitFO.png</texturefocus>
                <onclick>XBMC.Quit()</onclick>
                <label>13009</label>
            </control>
            <control type="button" id="2" description="Shutdown button">
                <enable>System.CanPowerDown</enable>
                <animation type="Conditional" condition="!Control.IsEnabled(2)">
                    <effect type="fade" start="100" end="30" time="0" reversible="true" />
                </animation>
                <width>126</width>
                <height>126</height>
                <font>-</font>
                <texturenofocus colordiffuse="77FFFFFF">BM_ShutdownNF.png</texturenofocus>
                <texturefocus>BM_ShutdownFO.png</texturefocus>
                <onclick>XBMC.Powerdown()</onclick>
                <label>13005</label>
            </control>
            <control type="button" id="3" description="Suspend button">
                <enable>System.CanSuspend</enable>
                <animation type="Conditional" condition="!Control.IsEnabled(3)">
                    <effect type="fade" start="100" end="30" time="0" reversible="true" />
                </animation>
                <width>126</width>
                <height>126</height>
                <font>-</font>
                <texturenofocus colordiffuse="77FFFFFF">BM_SleepNF.png</texturenofocus>
                <texturefocus>BM_SleepFO.png</texturefocus>
                <onclick>XBMC.Suspend()</onclick>
                <label>13011</label>
            </control>
            <control type="button" id="4" description="Reboot button">
                <enable>System.CanReboot</enable>
                <animation type="Conditional" condition="!Control.IsEnabled(4)">
                    <effect type="fade" start="100" end="30" time="0" reversible="true" />
                </animation>
                <width>126</width>
                <height>126</height>
                <font>-</font>
                <texturenofocus colordiffuse="77FFFFFF">BM_RestartNF.png</texturenofocus>
                <texturefocus>BM_RestartFO.png</texturefocus>
                <onclick>XBMC.Reset()</onclick>
                <label>13013</label>
            </control>
            <control type="button" id="5" description="LogOff">
                <enable>System.HasLoginScreen</enable>
                <animation type="Conditional" condition="!Control.IsEnabled(5)">
                    <effect type="fade" start="100" end="30" time="0" reversible="true" />
                </animation>
                <width>126</width>
                <height>126</height>
                <font>-</font>
                <texturenofocus colordiffuse="77FFFFFF">BM_LogOffNF.png</texturenofocus>
                <texturefocus>BM_LogOffFO.png</texturefocus>
                <onclick>Activatewindow(29)</onclick>
                <label>20126</label>
            </control>
            <control type="button" id="6" description="TimerOff">
                <enable>!System.Platform.ATV2 + !System.Platform.IOS</enable>
                <animation type="Conditional" condition="!Control.IsEnabled(6)">
                    <effect type="fade" start="100" end="30" time="0" reversible="true" />
                </animation>
                <width>126</width>
                <height>126</height>
                <font>-</font>
                <texturenofocus  colordiffuse="77FFFFFF">BM_TimeroffNF.png</texturenofocus>
                <texturefocus>BM_TimeroffFO.png</texturefocus>
                <onclick>AlarmClock(Timer,Quit())</onclick>
                <label>Timer</label>
            </control>
            <control type="button" id="7" description="TimerOff">
                <visible>Skin.HasSetting(hidesett)</visible>
                <animation type="Conditional" condition="!Control.IsEnabled(7)">
                    <effect type="fade" start="100" end="30" time="0" reversible="true" />
                </animation>
                <width>126</width>
                <height>126</height>
                <font>-</font>
                <texturenofocus colordiffuse="77FFFFFF">BM_settingsNF.png</texturenofocus>
                <texturefocus>BM_settingsFO.png</texturefocus>
                <onclick>ActivateWindow(Settings)</onclick>
                <label>5</label>
            </control>
        </control>
            <control type="label" id="3100">
                <top>565</top>
                <centerleft>960</centerleft>
                <width>600</width>
                <align>center</align>
                <font>size39B</font>
                <label>13009</label>
            </control>
        <control type="group">
             <visible>Skin.HasSetting(hidesett)</visible>
        <control type="image">
            <left>1350</left>
            <top>600</top>
            <width>45</width>
            <height>45</height>
            <texture>images/ArrowNF.png</texture>
        </control>
            <control type="image">
                <visible>Control.HasFocus(6)</visible>
            <left>1350</left>
            <top>600</top>
            <width>45</width>
            <height>45</height>
            <texture>images/ArrowFO.png</texture>
        </control>
        </control>
    </controls>
</window>
