<?xml version="1.0" encoding="UTF-8"?>
<window id="2">
    <defaultcontrol always="true">53</defaultcontrol>
    <allowoverlay>no</allowoverlay>
    <backgroundcolor>background</backgroundcolor>
    <controls>
        <include>WindowsTopInfos</include>
        <control type="image">
            <centertop>430</centertop>
            <centerleft>590</centerleft>
            <width>1050</width>
            <height>690</height>
            <aspectratio>keep</aspectratio>
            <bordersize>4</bordersize>
            <bordertexture>images/white.png</bordertexture>
            <info>ListItem.FileNameAndPath</info>
            <fadetime>400</fadetime>
        </control>
        <control type="group">
            <visible>Control.IsVisible(53)</visible>
            <control type="group" description="List">
                <control type="fixedlist" id="53" description="icons">
                    <viewtype label="536">Icons</viewtype>
                    <left>0</left>
                    <top>790</top>
                    <width>1920</width>
                    <height>300</height>
                    <orientation>horizontal</orientation>
                    <focusposition>4</focusposition>
                    <onup condition="!Skin.HasSetting(ViewsMenuOff)">9000</onup>
                    <ondown condition="!Skin.HasSetting(Scrollbars_Passive)">60</ondown>
                    <onleft>53</onleft>
                    <onright>53</onright>
                    <preloaditems>4</preloaditems>
                    <pagecontrol>60</pagecontrol>
                    <scrolltime>400</scrolltime>
                    <itemlayout height="300" width="210">
                        <control type="group">
                            <animation condition="true" effect="zoom" start="100" end="90" center="120,300" reversible="false">Conditional</animation>
                            <control type="image">
                                <visible>!StringCompare(ListItem.Label,..)</visible>
                                <centerleft>120</centerleft>
                                <top>5</top>
                                <width>230</width>
                                <height>230</height>
                                <texture diffuse="images/diffusepic.png" background="true" fallback="PhotoFolder.png">$INFO[ListItem.Thumb]</texture>
                                <aspectratio scalediffuse="false">scale</aspectratio>
                            </control>
                            <control type="image">
                                <visible>StringCompare(ListItem.Label,..)</visible>
                                <left>5</left>
                                <top>5</top>
                                <width>230</width>
                                <height>230</height>
                                <texture diffuse="images/diffusepic.png" >$INFO[ListItem.Icon]</texture>
                                <aspectratio scalediffuse="false">scale</aspectratio>
                            </control>

                        </control>
                    </itemlayout>
                    <focusedlayout height="300" width="210">
                        <control type="group">
                            <animation effect="zoom" start="90" end="100" center="120,300" time="400" reversible="false">Focus</animation>
                            <animation effect="zoom" start="100" end="90" center="120,300" time="300" reversible="false">Unfocus</animation>
                            <control type="image">
                                <visible>!StringCompare(ListItem.Label,..)</visible>
                                <centerleft>120</centerleft>
                                <top>5</top>
                                <width>230</width>
                                <height>230</height>
                                <texture diffuse="images/diffusepic.png" background="true" fallback="PhotoFolder.png">$INFO[ListItem.Thumb]</texture>
                                <aspectratio scalediffuse="false">scale</aspectratio>
                            </control>
                            <control type="image">
                                <visible>StringCompare(ListItem.Label,..)</visible>
                                <left>5</left>
                                <top>5</top>
                                <width>230</width>
                                <height>230</height>
                                <texture diffuse="images/diffusepic.png" >$INFO[ListItem.Icon]</texture>
                                <aspectratio scalediffuse="false">scale</aspectratio>
                            </control>

                        </control>
                    </focusedlayout>
                </control>
            </control>
            <control type="image" description="selection">
                <centerleft>960</centerleft>
                <top>795</top>
                <width>230</width>
                <height>230</height>
                <texture colordiffuse="FFFFDD55">images/picselection.png</texture>
            </control>
            <control type="image" description="Line Split left">
                <right>0</right>
                <top>805</top>
                <width>780</width>
                <height>1</height>
                <texture flipx="true">lines/LineL.png</texture>
                <aspectratio>stretch</aspectratio>
            </control>
            <control type="image" description="Line Split right">
                <top>805</top>
                <width>780</width>
                <height>1</height>
                <texture>lines/LineL.png</texture>
                <aspectratio>stretch</aspectratio>
            </control>
            <control type="scrollbar" id="60">
                <animation effect="fade" delay="200" time="300">VisibleChange</animation>
                <left>198</left>
                <top>1038</top>
                <width>1525</width>
                <height>9</height>
                <onup>53</onup>
                <ondown>noop</ondown>
                <orientation>horizontal</orientation>
                <texturesliderbackground border="6">Scrollbar/HScrollbarBG.png</texturesliderbackground>
                <texturesliderbar border="6">Scrollbar/HScrollerNF.png</texturesliderbar>
                <texturesliderbarfocus border="6">Scrollbar/HScrollerFO.png</texturesliderbarfocus>
                <showonepage>false</showonepage>
            </control>
        </control>
        <control type="label" description="Media details">
            <visible>ListItem.IsFolder</visible>
            <centerleft>960</centerleft>
            <top>720</top>
            <height>30</height>
            <width>1200</width>
            <shadowcolor>-</shadowcolor>
            <font>size22</font>
            <align>center</align>
            <label>$INFO[ListItem.label]</label>
        </control>
        <control type="group" description="Side menu 9000 group">
            <visible allowhiddenfocus="true">ControlGroup(9000).HasFocus()</visible>
            <include>9000slide</include>
            <control type="image" description="List back">
                <top>-10</top>
                <left>-80</left>
                <width>580</width>
                <height>1100</height>
                <aspectratio>stretch</aspectratio>
                <texture border="50">sidepanel/Back.png</texture>
            </control>
            <control type="grouplist" id="9000">
                <left>0</left>
                <align>left</align>
                <include>DialogGLs</include>
                <control type="button" id="0">
                    <enable>false</enable>
                    <texturenofocus colordiffuse="silver">images/buttonselect1.png</texturenofocus>
                    <include>DialogButt</include>
                    <label>•• $LOCALIZE[33063] ••</label>
                </control>
                <control type="button" id="3" description="Sort">
                    <include>DialogButt</include>
                </control>
                <control type="togglebutton" id="4" description="SortOrder">
                    <include>DialogButt</include>
                    <label>584</label>
                    <altlabel>585</altlabel>
                    <usealttexture>Container.SortDirection(Ascending)</usealttexture>
                </control>
                <control type="button" id="6" description="Slideshow">
                    <disabledcolor>dimgray</disabledcolor>
                    <include>DialogButt</include>
                    <label>-</label>
                    <visible>!ListItem.IsFolder</visible>
                </control>
                <control type="button" id="7" description="Recursive slideshow">
                    <disabledcolor>dimgray</disabledcolor>
                    <include>DialogButt</include>
                    <label>13318</label>
                    <visible>ListItem.IsFolder</visible>
                </control>
                <control type="radiobutton" id="9" description="Randomize">
                    <include>DialogButt</include>
                    <label>13319</label>
                </control>
                <control type="togglebutton" id="699" description="Playing">
                    <enable>Player.HasMedia</enable>
                    <include>DialogButt</include>
                    <label>$LOCALIZE[16003]</label>
                    <altlabel>$LOCALIZE[31055]</altlabel>
                    <usealttexture>Player.HasMedia</usealttexture>
                    <onclick>fullscreen</onclick>
                    <altclick>fullscreen</altclick>
                    <animation effect="fade" start="100" end="60" time="100" condition="!Player.HasMedia">Conditional</animation>
                </control>
            </control>
        </control>

        <control type="grouplist">
            <visible>!ListItem.IsFolder</visible>
            <visible>!Container.Content(addons)</visible>
            <top>70</top>
            <left>1160</left>
            <width>600</width>
            <height>720</height>
            <itemgap>0</itemgap>
            <align>left</align>
            <control type="label">
                <height>30</height>
                <width>700</width>
                <font>size22</font>
                <label>[COLOR=gray]$LOCALIZE[551] :[/COLOR] [B]$INFO[ListItem.Label][/B]</label>
            </control>
            <control type="label">
                <height>30</height>
                <width>700</width>
                <font>size22</font>
                <label>[COLOR=gray]$LOCALIZE[21826] :[/COLOR] [B]$INFO[ListItem.PictureAperture][/B]</label>
            </control>
            <control type="label">
                <height>30</height>
                <width>700</width>
                <font>size22</font>
                <label>[COLOR=gray]$LOCALIZE[21863] :[/COLOR] [B]$INFO[ListItem.PictureAuthor][/B]</label>
            </control>
            <control type="label">
                <height>30</height>
                <width>700</width>
                <font>size22</font>
                <label>[COLOR=gray]$LOCALIZE[21867] :[/COLOR] [B]$INFO[ListItem.PictureByline][/B]</label>
            </control>
            <control type="label">
                <height>30</height>
                <width>700</width>
                <font>size22</font>
                <label>[COLOR=gray]$LOCALIZE[21868] :[/COLOR] [B]$INFO[ListItem.PictureBylineTitle][/B]</label>
            </control>
            <control type="label">
                <height>30</height>
                <width>700</width>
                <font>size22</font>
                <label>[COLOR=gray]$LOCALIZE[21823] :[/COLOR] [B]$INFO[ListItem.PictureCamModel][/B]</label>
            </control>
            <control type="label">
                <height>30</height>
                <width>700</width>
                <font>size22</font>
                <label>[COLOR=gray]$LOCALIZE[21822] :[/COLOR] [B]$INFO[ListItem.PictureCamMake][/B]</label>
            </control>
            <control type="label">
                <height>30</height>
                <width>700</width>
                <font>size22</font>
                <label>[COLOR=gray]$LOCALIZE[21862] :[/COLOR] [B]$INFO[ListItem.PictureCaption][/B]</label>
            </control>
            <control type="label">
                <height>30</height>
                <width>700</width>
                <font>size22</font>
                <label>[COLOR=gray]$LOCALIZE[21866] :[/COLOR] [B]$INFO[ListItem.PictureCategory][/B]</label>
            </control>
            <control type="label">
                <height>30</height>
                <width>700</width>
                <font>size22</font>
                <label>[COLOR=gray]$LOCALIZE[21839] :[/COLOR][B]$INFO[ListItem.PictureCCDWidth][/B]</label>
            </control>
            <control type="label">
                <height>30</height>
                <width>700</width>
                <font>size22</font>
                <label>[COLOR=gray]$LOCALIZE[21807] :[/COLOR] [B]$INFO[ListItem.PictureColour][/B]</label>
            </control>
            <control type="label">
                <height>30</height>
                <width>700</width>
                <font>size22</font>
                <label>[COLOR=gray]$LOCALIZE[21834] :[/COLOR] [B]$INFO[ListItem.PictureWhiteBalance][/B]</label>
            </control>

            <control type="label">
                <height>30</height>
                <width>700</width>
                <font>size22</font>
                <label>[COLOR=gray]$LOCALIZE[21805] :[/COLOR] [B]$INFO[ListItem.PictureResolution][/B]</label>
            </control>
            <control type="label">
                <height>30</height>
                <width>700</width>
                <font>size22</font>
                <label>[COLOR=gray]$LOCALIZE[21808] :[/COLOR] [B]$INFO[ListItem.PictureProcess][/B]</label>
            </control>
            <control type="label">
                <height>30</height>
                <width>700</width>
                <font>size22</font>
                <label>[COLOR=gray]$LOCALIZE[21836] :[/COLOR] [B]$INFO[ListItem.PictureMeteringMode][/B]</label>
            </control>
            <control type="label">
                <height>30</height>
                <width>700</width>
                <font>size22</font>
                <label>[COLOR=gray]$LOCALIZE[21873] / $LOCALIZE[21875] :[/COLOR] [B]$INFO[ListItem.PictureCity]$INFO[ListItem.PictureCountry, / ][/B]</label>
            </control>
            <control type="label">
                <height>30</height>
                <width>700</width>
                <font>size22</font>
                <label>[COLOR=gray]$LOCALIZE[21840] :[/COLOR] [B]$INFO[ListItem.PictureGPSLat][/B]</label>
            </control>
            <control type="label">
                <height>30</height>
                <width>700</width>
                <font>size22</font>
                <label>[COLOR=gray]$LOCALIZE[21841] :[/COLOR] [B]$INFO[ListItem.PictureGPSLon][/B]</label>
            </control>
            <control type="label">
                <height>30</height>
                <width>700</width>
                <font>size22</font>
                <label>[COLOR=gray]$LOCALIZE[21842] :[/COLOR] [B]$INFO[ListItem.PictureGPSAlt][/B]</label>
            </control>
            <control type="label">
                <height>30</height>
                <width>700</width>
                <font>size22</font>
                <label>[COLOR=gray]$LOCALIZE[21833] :[/COLOR] [B]$INFO[ListItem.PictureFlashUsed][/B]</label>
            </control>
            <control type="label">
                <height>30</height>
                <width>700</width>
                <font>size22</font>
                <label>[COLOR=gray]$LOCALIZE[21830] :[/COLOR] [B]$INFO[ListItem.PictureExpTime][/B]</label>
            </control>
            <control type="label">
                <height>30</height>
                <width>700</width>
                <font>size22</font>
                <label>[COLOR=gray]$LOCALIZE[21829] :[/COLOR] [B]$INFO[ListItem.PictureExposure][/B]</label>
            </control>
            <control type="label">
                <height>30</height>
                <width>700</width>
                <font>size22</font>
                <label>[COLOR=gray]$LOCALIZE[21820] :[/COLOR] [B]$INFO[ListItem.PictureLongDatetime][/B]</label>
            </control>
            <control type="label">
                <height>30</height>
                <width>700</width>
                <font>size22</font>
                <label>[COLOR=gray]$LOCALIZE[21806] :[/COLOR] [B]$INFO[ListItem.PictureComment][/B]</label>
                <scroll>false</scroll>
            </control>
        </control>
    </controls>
</window>
