<?xml version="1.0" encoding="UTF-8"?>
<window>
    <allowoverlay>no</allowoverlay>
    <backgroundcolor>background</backgroundcolor>
    <controls>
        <control type="image" id="101"></control>
        <control type="image" id="103">
            <description>Channel Bug</description>
            <left>220r</left>
            <top>120r</top>
            <width>300</width>
            <height>200</height>
            <aspectratio>keep</aspectratio>
            <texture></texture>
            <animation effect="fade" start="40" end="40" condition="True">Conditional</animation>
        </control>
        <control type="group" id="102">
            <animation effect="fade" time="500">VisibleChange</animation>
            <control type="image">
                <description>Info Background</description>
                <left>60</left>
                <top>480</top>
                <width>1800</width>
                <height>450</height>
                <texture border="80">pstvInfoWindow.png</texture>
            </control>
            <control type="grouplist">
                <left>120</left>
                <top>500</top>
                <width>1680</width>
                <height>60</height>
                <orientation>horizontal</orientation>
                <itemgap>10</itemgap>
                <control type="label" id="502">
                    <description>Show Name Label</description>
                    <height>60</height>
                    <width>auto</width>
                    <scroll>true</scroll>
                    <font>size24</font>
                    <aligny>bottom</aligny>
                    <textcolor>maindim</textcolor>
                    <label>$LOCALIZE[31020]</label>
                </control>
                <control type="label" id="503">
                    <description>Show Name Label</description>
                    <width min="40" max="700">auto</width>
                    <height>60</height>
                    <label>Show Name</label>
                    <font>size33B</font>
                    <align>left</align>
                    <aligny>bottom</aligny>
                    <textcolor>orange</textcolor>
                </control>
                <control type="label">
                    <description>Show Name Label</description>
                    <width min="10" max="50">auto</width>
                    <height>60</height>
                    <label>•</label>
                    <font>size24</font>
                    <align>left</align>
                    <aligny>bottom</aligny>
                    <textcol>maindim<e</textcolor>
                </control>
                <control type="label" id="504">
                    <description>Show Title Label</description>
                    <width min="40" max="700">auto</width>
                    <height>60</height>
                    <label>Show Title</label>
                    <font>size24</font>
                    <align>left</align>
                    <aligny>bottom</aligny>
                    <textcolor>gray</textcolor>
                </control>
            </control>
            <control type="label" id="505">
                <left>160</left>
                <top>760</top>
                <width>1500</width>
                <height>110</height>
                <align>left</align>
                <aligny>top</aligny>
                <font>-</font>
                <label>Show Description</label>
                <textcolor>FFFFFFFF</textcolor>
                <font>size24</font>
                <wrapmultiline>true</wrapmultiline>
            </control>
             <control type="textbox">
                <centerleft>850</centerleft>
                <top>560</top>
                <width>1400</width>
                <height>325</height>
                <align>justify</align>
                <aligny>top</aligny>
                <label>$INFO[control.GetLabel(505)]</label>
                <textcolor>FFFFFFFF</textcolor>
                <font>size24</font>
            </control>
            <control type="image" id="506">
                <description>Channel Logo</description>
                <left>1700</left>
                <top>520</top>
                <width>130</width>
                <height>75</height>
                <aspectratio>scale</aspectratio>
            </control>
        <control type="group" description="Cover">
                        <camera x="1720" y="720"/>
                        <animation effect="fade" start="0" end="100" time="600">VisibleChange</animation>
                        <animation effect="rotatey" end="20" center="1720,0" reversible="false" condition="true">Conditional</animation>
                        <!--<visible>!ControlGroup(101).HasFocus()</visible>-->
                        <left>1610</left>
                        <top>520</top>
                        <!--<control type="image" description="CoverReal">-->
                            <!--<height>300</height>-->
                            <!--<width>220</width>-->
                            <!--<aspectratio>keep</aspectratio>-->
                            <!--<texture diffuse="images/Diffuse.png">$INFO[VideoPlayer.Cover]</texture>-->
                        <!--</control>-->
                        <control type="image" description="CoverReal">
                            <height>300</height>
                            <width>220</width>
                            <aspectratio>keep</aspectratio>
                            <texture diffuse="images/Diffuse.png">$INFO[Player.Art(poster)]</texture>
                        </control>
                        <control type="image" description="CoverRef">
                            <top>300</top>
                            <height>300</height>
                            <width>220</width>
                            <aspectratio>keep</aspectratio>
                            <texture flipy="true" diffuse="images/Reflection.png">$INFO[Player.Art(poster)]</texture>
                        </control>
                        <control type="image" description="CoverReal">
                            <height>300</height>
                            <width>220</width>
                            <aspectratio>keep</aspectratio>
                            <texture diffuse="images/Diffuse.png">$INFO[Player.Art(tvshow.poster)]</texture>
                        </control>
                        <control type="image" description="CoverRef">
                            <top>300</top>
                            <height>300</height>
                            <width>220</width>
                            <aspectratio>keep</aspectratio>
                            <texture flipy="true" diffuse="images/Reflection.png">$INFO[Player.Art(tvshow.poster)]</texture>
                        </control>
                        <control type="label" description="Episode">
                            <visible>VideoPlayer.Content(Episodes)</visible>
                            <left>190</left>
                            <top>290</top>
                            <height>60</height>
                            <width>220</width>
                            <scroll>false</scroll>
                            <font>size24</font>
                            <align>right</align>
                            <textcolor>main</textcolor>
                            <label>[B]S $INFO[VideoPlayer.Season] E $INFO[VideoPlayer.Episode][/B]</label>
                        </control>
                        <control type="label" description="Channel">
                            <visible>Pvr.IsPlayingTV</visible>
                            <left>190</left>
                            <top>290</top>
                            <height>60</height>
                            <width>220</width>
                            <scroll>false</scroll>
                            <font>size24</font>
                            <align>right</align>
                            <textcolor>main</textcolor>
                            <label>($INFO[VideoPlayer.ChannelNumber]) - $INFO[VideoPlayer.ChannelName]</label>
                        </control>
                    </control>

        </control>
    </controls>
</window>
