<?xml version="1.0" encoding="UTF-8"?>
<includes>
    <include name="MoviesShortcutsCommons">
        <include>ShelfFade</include>
        <top>45</top>
        <width>1920</width>
        <height>450</height>
        <orientation>horizontal</orientation>
        <scrolltime>400</scrolltime>
        <itemlayout height="350" width="320">
            <control type="group">
                <!--<animation condition="true" center="160,22" effect="zoom" end="90">Conditional</animation>-->
                <control type="image">
                    <centerleft>160</centerleft>
                    <top>22</top>
                    <width>274</width>
                    <height>410</height>
                    <texture fallback="DefaultVideoCover.png" background="true">$VAR[locandine]</texture>
                    <aspectratio>scale</aspectratio>
                </control>
                <control type="image">
                    <centerleft>160</centerleft>
                    <top>22</top>
                    <width>274</width>
                    <height>410</height>
                    <texture>$VAR[dvdbox]</texture>
                </control>
            </control>
        </itemlayout>
        <focusedlayout height="420" width="320">
            <control type="group">
                <control type="image">
                    <centerleft>160</centerleft>
                    <top>22</top>
                    <width>274</width>
                    <height>410</height>
                    <texture fallback="DefaultVideoCover.png" background="true">$VAR[locandine]</texture>
                    <aspectratio>scale</aspectratio>
                </control>
                <control type="image">
                    <centerleft>160</centerleft>
                    <top>22</top>
                    <width>274</width>
                    <height>410</height>
                    <texture>$VAR[dvdbox]</texture>
                </control>
                <control type="group">
                    <animation effect="fade" start="100" end="0" time="100">Unfocus</animation>
                    <animation effect="fade" start="0" end="100" time="150" delay="80">Focus</animation>
                    <control type="image">
                        <centerleft>160</centerleft>
                        <top>22</top>
                        <width>274</width>
                        <height>410</height>
                        <texture colordiffuse="$VAR[diffuseselectshelf]">images/darkgrey.png</texture>
                    </control>
                    <control type="textbox">
                        <visible>![Container(9000).HasFocus(359) | Container(9000).HasFocus(360)]</visible>
                        <centerleft>160</centerleft>
                        <top>28</top>
                        <width>268</width>
                        <height>400</height>
                        <font>size26</font>
                        <textcolor>white</textcolor>
                        <shadowcolor>black</shadowcolor>
                        <autoscroll>false</autoscroll>
                        <label>[B]$INFO[ListItem.Label][/B][CR]$INFO[ListItem.Year,(,)][CR][CR]$INFO[ListItem.Duration] $LOCALIZE[12391][CR][CR]$INFO[ListItem.Genre][CR][CR]$INFO[ListItem.MPAA]</label>
                        <align>center</align>
                    </control>
                    <control type="textbox">
                        <visible>Container(9000).HasFocus(359) | Container(9000).HasFocus(360)</visible>
                        <centerleft>160</centerleft>
                        <top>28</top>
                        <width>268</width>
                        <height>400</height>
                        <font>size26</font>
                        <textcolor>white</textcolor>
                        <shadowcolor>black</shadowcolor>
                        <autoscroll>false</autoscroll>
                        <label>[B]$INFO[ListItem.Label][/B][CR]$INFO[ListItem.Property(Year),(,)][CR][CR]$INFO[ListItem.Property(Duration),,$LOCALIZE[12391]][CR][CR]Release Date:[CR]$INFO[ListItem.Property(premiered)][CR][CR]$INFO[ListItem.Property(mpaa)]</label>
                        <align>center</align>
                    </control>
                    <control type="image">
                        <visible>!IsEmpty(ListItem.Trailer)</visible>
                        <top>379</top>
                        <right>34</right>
                        <width>44</width>
                        <height>44</height>
                        <texture>info/trailer.png</texture>
                    </control>
                </control>
            </control>
        </focusedlayout>
    </include>
    <include name="FavShortcutsCommons">
        <include>ShelfFade</include>
        <top>45</top>
        <width>1920</width>
        <height>450</height>
        <orientation>horizontal</orientation>
        <scrolltime>400</scrolltime>
        <itemlayout height="350" width="320" condition="Control.IsVisible(319)">
            <control type="group">
                <control type="group">
                    <control type="image">
                        <centerleft>160</centerleft>
                        <top>18</top>
                        <width>274</width>
                        <height>410</height>
                        <texture colordiffuse="inverted">images/transparent.png</texture>
                        <aspectratio>stretch</aspectratio>
                    </control>
                    <control type="image">
                        <centerleft>160</centerleft>
                        <top>145</top>
                        <width>240</width>
                        <height>240</height>
                        <texture fallback="DefaultVideoCover.png" background="true">$INFO[ListItem.Thumb]</texture>
                        <bordertexture border="4">images/dvdbox.png</bordertexture>
                        <bordersize>1</bordersize>
                        <aspectratio>keep</aspectratio>
                    </control>
                    <control type="image">
                        <centerleft>160</centerleft>
                        <top>18</top>
                        <width>274</width>
                        <height>410</height>
                        <texture border="10" background="true">$VAR[dvdbox]</texture>
                        <aspectratio>stretch</aspectratio>
                    </control>
                </control>
                <control type="textbox">
                    <centerleft>160</centerleft>
                    <top>28</top>
                    <width>244</width>
                    <height>117</height>
                    <font>size22</font>
                    <textcolor>main</textcolor>
                    <label>[B]$INFO[ListItem.Label][/B]</label>
                    <align>center</align>
                </control>
            </control>
        </itemlayout>
        <focusedlayout height="420" width="320" condition="Control.IsVisible(319)">
            <control type="group">
                <control type="image">
                    <centerleft>160</centerleft>
                    <top>18</top>
                    <width>274</width>
                    <height>410</height>
                    <texture colordiffuse="inverted">images/transparent.png</texture>
                    <aspectratio>stretch</aspectratio>
                </control>
                <control type="image">
                    <centerleft>160</centerleft>
                    <top>145</top>
                    <width>240</width>
                    <height>240</height>
                    <texture fallback="DefaultVideoCover.png" background="true">$INFO[ListItem.Thumb]</texture>
                    <bordertexture border="4">images/dvdbox.png</bordertexture>
                    <bordersize>1</bordersize>
                    <aspectratio>keep</aspectratio>
                </control>
                <control type="image">
                    <centerleft>160</centerleft>
                    <top>18</top>
                    <width>274</width>
                    <height>410</height>
                    <texture border="10" background="true">$VAR[dvdbox]</texture>
                    <aspectratio>stretch</aspectratio>
                </control>
                <control type="textbox">
                    <centerleft>160</centerleft>
                    <top>28</top>
                    <width>244</width>
                    <height>117</height>
                    <font>size22</font>
                    <textcolor>main</textcolor>
                    <label>[B]$INFO[ListItem.Label][/B]</label>
                    <align>center</align>
                </control>
            </control>
        </focusedlayout>
    </include>
    <include name="SquareShortcutsCommons">
        <include>ShelfFade</include>
        <top>55</top>
        <width>1920</width>
        <height>450</height>
        <onup>9009</onup>
        <ondown>9000</ondown>
        <onleft>ActivateWindow(1116)</onleft>
        <onright>ActivateWindow(1116)</onright>
        <focusposition>2</focusposition>
        <orientation>horizontal</orientation>
        <scrolltime>400</scrolltime>
        <itemlayout height="357" width="384">
            <control type="image">
                <left>30</left>
                <top>46</top>
                <width>324</width>
                <height>324</height>
                <texture fallback="DefaultAlbumcover.png" background="true">$INFO[ListItem.Thumb]</texture>
                <aspectratio>scale</aspectratio>
            </control>
            <control type="image">
                <left>30</left>
                <top>46</top>
                <width>324</width>
                <height>324</height>
                <texture border="4">$VAR[dvdbox]</texture>
            </control>
            <control type="group">
                <animation effect="fade" end="67" time="0" condition="true">Conditional</animation>
                <control type="label" description="Artist or Type">
                    <top>8</top>
                    <width>384</width>
                    <height>30</height>
                    <font>size24B</font>
                    <label>$INFO[ListItem.Property(ItemType)]$INFO[ListItem.Artist]</label>
                    <align>center</align>
                </control>
                <control type="textbox" description="Title">
                    <top>370</top>
                    <width>384</width>
                    <height>62</height>
                    <font>size24B</font>
                    <autoscroll>false</autoscroll>
                    <label>$INFO[ListItem.Label]</label>
                    <align>center</align>
                </control>
            </control>
        </itemlayout>
        <focusedlayout height="357" width="384">
            <control type="image">
                <left>30</left>
                <top>46</top>
                <width>324</width>
                <height>324</height>
                <texture fallback="DefaultAlbumcover.png" background="true">$INFO[ListItem.Thumb]</texture>
                <aspectratio>scale</aspectratio>
            </control>
            <control type="image">
                <left>30</left>
                <top>46</top>
                <width>324</width>
                <height>324</height>
                <texture border="4">$VAR[dvdbox]</texture>
            </control>
            <control type="group">
                <animation effect="fade" start="67" end="100" time="250" delay="250" reversible="false">Focus</animation>
                <control type="label" description="Artist or Type">
                    <top>8</top>
                    <width>384</width>
                    <height>30</height>
                    <font>size24B</font>
                    <label>$INFO[ListItem.Property(ItemType)]$INFO[ListItem.Artist]</label>
                    <align>center</align>
                </control>
                <control type="textbox" description="Album">
                    <top>370</top>
                    <width>384</width>
                    <height>62</height>
                    <font>size24B</font>
                    <autoscroll>false</autoscroll>
                    <label>$INFO[ListItem.Label]</label>
                    <align>center</align>
                </control>
            </control>
        </focusedlayout>
    </include>
    <include name="EpisodeShortcutsCommons">
        <include>ShelfFade</include>
        <top>30</top>
        <width>1920</width>
        <height>452</height>
        <orientation>horizontal</orientation>
        <scrolltime>400</scrolltime>
        <itemlayout height="357" width="384">
            <control type="group">
                <!--<animation effect="zoom" condition="true" start="100" end="90" center="240,180">Conditional</animation>-->
                <control type="image">
                    <left>23</left>
                    <top>156</top>
                    <width>335</width>
                    <height>254</height>
                    <texture background="true" diffuse="images/EpisodesBottom.png">$INFO[ListItem.Thumb]</texture>
                    <aspectratio scalediffuse="false">scale</aspectratio>
                </control>
                <control type="image">
                    <visible>!IsEmpty(ListItem.Art(tvshow.banner))</visible>
                    <left>23</left>
                    <top>75</top>
                    <width>335</width>
                    <height>73</height>
                    <texture diffuse="images/EpisodesTop.png">$INFO[ListItem.Art(tvshow.banner)]</texture>
                </control>
                <control type="image">
                    <visible>IsEmpty(ListItem.Art(tvshow.banner))</visible>
                    <left>23</left>
                    <top>75</top>
                    <width>335</width>
                    <height>73</height>
                    <texture diffuse="images/EpisodesTop.png">$INFO[ListItem.Art(banner)]</texture>
                </control>
                <control type="progress" description="progress">
                    <visible>ListItem.IsResumable</visible>
                    <left>24</left>
                    <top>148</top>
                    <width>335</width>
                    <height>8</height>
                    <texturebg>images/transparent.png</texturebg>
                    <midtexture border="1">images/white.png</midtexture>
                    <info>ListItem.PercentPlayed</info>
                </control>
                <control type="image">
                    <left>21</left>
                    <top>73</top>
                    <width>339</width>
                    <height>339</height>
                    <texture border="20" colordiffuse="7AFFFFFF">images/soapshelf.png</texture>
                </control>
                <control type="label">
                    <centerleft>192</centerleft>
                    <top>30</top>
                    <width>335</width>
                    <height>40</height>
                    <font>size24</font>
                    <scroll>false</scroll>
                    <textcolor>maindim</textcolor>
                    <label>[B]$INFO[ListItem.Title][/B]</label>
                    <align>center</align>
                </control>
                <control type="label">
                    <!--<visible>!StringCompare(Skin.String(TVshelf),1)</visible>-->
                    <top>420</top>
                    <centerleft>192</centerleft>
                    <width>335</width>
                    <height>36</height>
                    <font>size26</font>
                    <textcolor>maindim</textcolor>
                    <label>[B][UPPERCASE]$INFO[ListItem.Season,S , • ]$INFO[ListItem.Episode,E ][/UPPERCASE][/B]</label>
                    <align>center</align>
                </control>
                <control type="image" description="Studio">
                    <left>15</left>
                    <top>310</top>
                    <width>161</width>
                    <height>109</height>
                    <texture colordiffuse="main">special://home/addons/sio2x.extrapack/studios_extrapack/$INFO[ListItem.Studio].png</texture>
                </control>
            </control>
        </itemlayout>
        <focusedlayout height="357" width="480">
            <control type="group">
                <!--<animation effect="zoom" start="90" end="100" center="240,180" time="200">Focus</animation>-->
                <!--<animation effect="zoom" start="100" end="90" center="240,180" time="100">Unfocus</animation>-->
                <control type="image">
                    <left>23</left>
                    <top>156</top>
                    <width>335</width>
                    <height>254</height>
                    <texture background="true" diffuse="images/EpisodesBottom.png">$INFO[ListItem.Thumb]</texture>
                    <aspectratio scalediffuse="false">scale</aspectratio>
                </control>
                <control type="image">
                    <visible>!IsEmpty(ListItem.Art(tvshow.banner))</visible>
                    <left>23</left>
                    <top>75</top>
                    <width>335</width>
                    <height>73</height>
                    <texture diffuse="images/EpisodesTop.png">$INFO[ListItem.Art(tvshow.banner)]</texture>
                </control>
                <control type="image">
                    <visible>IsEmpty(ListItem.Art(tvshow.banner))</visible>
                    <left>23</left>
                    <top>75</top>
                    <width>335</width>
                    <height>73</height>
                    <texture diffuse="images/EpisodesTop.png">$INFO[ListItem.Art(banner)]</texture>
                </control>
                <control type="progress" description="progress">
                    <visible>ListItem.IsResumable</visible>
                    <left>24</left>
                    <top>148</top>
                    <width>335</width>
                    <height>8</height>
                    <texturebg>images/transparent.png</texturebg>
                    <midtexture border="1">images/white.png</midtexture>
                    <info>ListItem.PercentPlayed</info>
                </control>
                <control type="image">
                    <left>21</left>
                    <top>73</top>
                    <width>339</width>
                    <height>339</height>
                    <texture border="20" colordiffuse="$VAR[diffuseselectshelf]">images/soapshelf.png</texture>
                </control>
                <control type="label">
                    <centerleft>192</centerleft>
                    <top>30</top>
                    <width>335</width>
                    <height>40</height>
                    <font>size24</font>
                    <scroll>false</scroll>
                    <textcolor>maindim</textcolor>
                    <label>[B]$INFO[ListItem.Title][/B]</label>
                    <align>center</align>
                </control>
                <control type="label">
                    <!--<visible>!StringCompare(Skin.String(TVshelf),1)</visible>-->
                    <top>420</top>
                    <centerleft>192</centerleft>
                    <width>335</width>
                    <height>36</height>
                    <font>size26</font>
                    <textcolor>maindim</textcolor>
                    <label>[B][UPPERCASE]$INFO[ListItem.Season,S , • ]$INFO[ListItem.Episode,E ][/UPPERCASE][/B]</label>
                    <align>center</align>
                </control>
                <control type="image" description="Studio">
                    <left>15</left>
                    <top>310</top>
                    <width>161</width>
                    <height>109</height>
                    <texture colordiffuse="main">special://home/addons/sio2x.extrapack/studios_extrapack/$INFO[ListItem.Studio].png</texture>
                </control>
            </control>
        </focusedlayout>
    </include>
    <include name="EpisodeNextCommons">
        <include>ShelfFade</include>
        <top>45</top>
        <width>1920</width>
        <height>450</height>
        <orientation>horizontal</orientation>
        <scrolltime>400</scrolltime>
        <itemlayout height="437" width="320">
            <control type="image">
                <visible>SubString(ListItem.Property(airs),true)</visible>
                <centerleft>160</centerleft>
                <top>22</top>
                <width>281</width>
                <height>418</height>
                <texture colordiffuse="red">images/white.png</texture>
                <aspectratio>stretch</aspectratio>
            </control>
            <control type="image">
                <centerleft>160</centerleft>
                <top>25</top>
                <width>275</width>
                <height>412</height>
                <texture fallback="DefaultVideoCover.png" background="true">$INFO[ListItem.Thumb]</texture>
                <aspectratio>scale</aspectratio>
            </control>
            <control type="image">
                <centerleft>160</centerleft>
                <top>25</top>
                <width>275</width>
                <height>412</height>
                <texture diffuse="images/ombra.png">images/Black.png</texture>
                <aspectratio>stretch</aspectratio>
            </control>
            <control type="image">
                <centerleft>160</centerleft>
                <top>25</top>
                <width>275</width>
                <height>412</height>
                <texture border="3" background="true">$VAR[dvdbox]</texture>
                <aspectratio>stretch</aspectratio>
            </control>
            <control type="textbox">
                <centerleft>160</centerleft>
                <top>270</top>
                <width>270</width>
                <height>111</height>
                <font>size22</font>
                <textcolor>white</textcolor>
                <shadowcolor>black</shadowcolor>
                <autoscroll>false</autoscroll>
                <label>[B]$INFO[ListItem.label][CR]$INFO[ListItem.label2][/B]</label>
                <align>center</align>
            </control>
            <control type="image" description="Studio">
                <centerleft>160</centerleft>
                <bottom>1</bottom>
                <width>80</width>
                <height>55</height>
                <texture colordiffuse="main">special://home/addons/sio2x.extrapack/studios_extrapack/$INFO[ListItem.Property(Studio)].png</texture>
                <aspectratio>keep</aspectratio>
            </control>
        </itemlayout>
        <focusedlayout height="437" width="320">
            <control type="image">
                <centerleft>160</centerleft>
                <top>25</top>
                <width>275</width>
                <height>412</height>
                <texture fallback="DefaultVideoCover.png" background="true">$INFO[ListItem.Thumb]</texture>
                <aspectratio>scale</aspectratio>
            </control>
            <control type="image">
                <centerleft>160</centerleft>
                <top>25</top>
                <width>275</width>
                <height>412</height>
                <texture diffuse="images/ombra.png">images/Black.png</texture>
                <aspectratio>stretch</aspectratio>
            </control>
            <control type="image">
                <centerleft>160</centerleft>
                <top>25</top>
                <width>275</width>
                <height>412</height>
                <texture border="3" background="true">$VAR[dvdbox]</texture>
                <aspectratio>stretch</aspectratio>
            </control>
            <control type="textbox">
                <centerleft>160</centerleft>
                <top>270</top>
                <width>270</width>
                <height>111</height>
                <font>size22</font>
                <textcolor>white</textcolor>
                <shadowcolor>black</shadowcolor>
                <autoscroll>false</autoscroll>
                <label>[B]$INFO[ListItem.label][CR]$INFO[ListItem.label2][/B]</label>
                <align>center</align>
            </control>
            <control type="image" description="Studio">
                <centerleft>160</centerleft>
                <bottom>1</bottom>
                <width>80</width>
                <height>55</height>
                <texture colordiffuse="main">special://home/addons/sio2x.extrapack/studios_extrapack/$INFO[ListItem.Property(Studio)].png</texture>
                <aspectratio>keep</aspectratio>
            </control>
        </focusedlayout>
    </include>
    <include name="WeatherCommons">
        <control type="image" description="Dayicon">
            <height>130</height>
            <width>250</width>
            <texture>$INFO[ListItem.thumb]</texture>
            <aspectratio align="center">keep</aspectratio>
        </control>
        <control type="label">
            <centerleft>125</centerleft>
            <top>130</top>
            <height>30</height>
            <width>250</width>
            <align>center</align>
            <textcolor>FFFFFFFF</textcolor>
            <shadowcolor>-</shadowcolor>
            <label>$INFO[ListItem.label]</label>
        </control>
        <control type="label" description="temps">
            <centerleft>125</centerleft>
            <top>165</top>
            <height>70</height>
            <width>250</width>
            <align>center</align>
            <textcolor>FFFFFFFF</textcolor>
            <font>Size28</font>
            <shadowcolor>-</shadowcolor>
            <label>$INFO[ListItem.label2]</label>
        </control>
        <control type="textbox" description="conditions">
            <centerleft>125</centerleft>
            <top>235</top>
            <height>90</height>
            <width>160</width>
            <align>center</align>
            <textcolor>FFFFFFFF</textcolor>
            <font>Size24</font>
            <shadowcolor>-</shadowcolor>
            <label>$INFO[ListItem.Property(conds)]</label>
        </control>
    </include>
    <include name="movshelslider">
        <control type="image">
            <visible>Control.HasFocus(311)</visible>
            <left>110</left>
            <top>489</top>
            <width>100</width>
            <height>10</height>
            <texture colordiffuse="$VAR[diffuseselectshelf]">images/dockfocus.png</texture>
            <animation effect="fade" time="220">VisibleChange</animation>
            <animation condition="Container(311).Position(0)" effect="slide" start="0,0" end="0,0" time="220" easing="inout" reversible="true">Conditional</animation>
            <animation condition="Container(311).Position(1) | Container(311).Position(7) | Container(311).Position(13)" effect="slide" start="0,0" end="320,0" time="220" easing="inout" reversible="true">Conditional</animation>
            <animation condition="Container(311).Position(2) | Container(311).Position(8) | Container(311).Position(14)" effect="slide" start="0,0" end="640,0" time="220" easing="inout" reversible="true">Conditional</animation>
            <animation condition="Container(311).Position(3) | Container(311).Position(9) | Container(311).Position(15)" effect="slide" start="0,0" end="960,0" time="220" easing="inout" reversible="true">Conditional</animation>
            <animation condition="Container(311).Position(4) | Container(311).Position(10) | Container(311).Position(16)" effect="slide" start="0,0" end="1280,0" time="220" easing="inout" reversible="true">Conditional</animation>
            <animation condition="Container(311).Position(5) | Container(311).Position(11) | Container(311).Position(17)" effect="slide" start="0,0" end="1600,0" time="220" easing="inout" reversible="true">Conditional</animation>
        </control>
    </include>
    <include name="tvshelslider">
        <control type="image">
            <visible>Control.HasFocus(312)</visible>
            <centerleft>192</centerleft>
            <top>489</top>
            <width>100</width>
            <height>10</height>
            <texture colordiffuse="$VAR[diffuseselectshelf]">images/dockfocus.png</texture>
            <aspectratio>stretch</aspectratio>
            <animation effect="fade" time="220">VisibleChange</animation>
            <animation condition="Container(312).Position(0)" effect="slide" start="0,0" end="0,0" time="220" easing="inout" reversible="true">Conditional</animation>
            <animation condition="Container(312).Position(1)" effect="slide" start="0,0" end="384,0" time="220" easing="inout" reversible="true">Conditional</animation>
            <animation condition="Container(312).Position(2)" effect="slide" start="0,0" end="768,0" time="220" easing="inout" reversible="true">Conditional</animation>
            <animation condition="Container(312).Position(3)" effect="slide" start="0,0" end="1154,0" time="220" easing="inout" reversible="true">Conditional</animation>
            <animation condition="Container(312).Position(4)" effect="slide" start="0,0" end="1536,0" time="220" easing="inout" reversible="true">Conditional</animation>
        </control>
    </include>
    <include name="Movies">
        <control type="panel" id="311" description="Movies Shelf Shortcuts">
            <visible>
                Library.HasContent(Movies) +
                [Container(9000).HasFocus(340)
                | Container(9000).HasFocus(357)
                | Container(9000).HasFocus(359)
                | Container(9000).HasFocus(360)
                | Control.HasFocus(311)
                | [Container(9000).HasFocus(601) + !IsEmpty(Skin.String(HomeFav.1.List))]
                | [Container(9000).HasFocus(602) + !IsEmpty(Skin.String(HomeFav.2.List))]
                | [Container(9000).HasFocus(603) + !IsEmpty(Skin.String(HomeFav.3.List))]
                | [Container(9000).HasFocus(604) + !IsEmpty(Skin.String(HomeFav.4.List))]
                | [Container(9000).HasFocus(605) + !IsEmpty(Skin.String(HomeFav.5.List))]
                | [Container(9000).HasFocus(606) + !IsEmpty(Skin.String(HomeFav.6.List))]
                | [Container(9000).HasFocus(607) + !IsEmpty(Skin.String(HomeFav.7.List))]
                | [Container(9000).HasFocus(608) + !IsEmpty(Skin.String(HomeFav.8.List))]]
            </visible>
            <!--todo better way to know when to go up-->
            <onup condition="[!IsEmpty(Container(311).ListItem.Trailer) + Container(9000).HasFocus(340)] | [Container(9000).HasFocus(359) + System.HasAddon(plugin.video.couchpotato_manager)] | [Container(9000).HasFocus(360) + System.HasAddon(plugin.program.sickbeard)]">9010</onup>
            <onup condition="IsEmpty(Container(311).ListItem.Trailer)">9009</onup>
            <ondown>9000</ondown>
            <onleft>311</onleft>
            <onright>311</onright>
            <include>MoviesShortcutsCommons</include>
            <content target="video">$VAR[shelfmovies]</content>
        </control>
        <include>movshelslider</include>
    </include>
    <include name="TV">
        <control type="panel" id="312" description="TOP Shortcuts">
            <visible>Container(9000).HasFocus(341)</visible>
            <onup>9009</onup>
            <ondown>9000</ondown>
            <onright>noop</onright>
            <onleft>ActivateWindow(1116)</onleft>
            <onright>ActivateWindow(1116)</onright>
            <include>EpisodeShortcutsCommons</include>
            <content target="video">$VAR[shelfTV]</content>
        </control>
        <include>tvshelslider</include>
    </include>
    <include name="TV_NA">
        <control type="group">
            <control type="panel" id="311" description="TOP Shortcuts">
                <visible>Container(9000).HasFocus(358)</visible>
                <onup>noop</onup>
                <ondown>9000</ondown>
                <onleft>ActivateWindow(1116)</onleft>
                <onright>ActivateWindow(1116)</onright>
                <include>EpisodeNextCommons</include>
                <content>
                    <item id="1" description="Episodes1">
                        <visible>!IsEmpty(Window(Home).Property(NextAired.1.NextTitle))</visible>
                        <label>$INFO[Window(Home).Property(NextAired.1.Label)]</label>
                        <label2>S $INFO[Window(Home).Property(NextAired.1.NextSeasonNumber)] • E $INFO[Window(Home).Property(NextAired.1.NextEpisodeNumber)][CR]$INFO[Window(Home).Property(NextAired.1.NextDay)]</label2>
                        <property name="airs">$INFO[Window(Home).Property(NextAired.1.AirsToday)]</property>
                        <property name="Studio">$INFO[Window(Home).Property(NextAired.1.Network)]</property>
                        <thumb>$INFO[Window(Home).Property(NextAired.1.Art(poster))]</thumb>
                        <onclick>ActivateWindow(Video,$INFO[Window.Property(NextAired.1.Library)])</onclick>
                    </item>
                    <item id="2" description="Episodes2">
                        <visible>!IsEmpty(Window(Home).Property(NextAired.2.NextTitle))</visible>
                        <label>$INFO[Window(Home).Property(NextAired.2.Label)]</label>
                        <label2>S $INFO[Window(Home).Property(NextAired.2.NextSeasonNumber)] • E $INFO[Window(Home).Property(NextAired.2.NextEpisodeNumber)][CR]$INFO[Window(Home).Property(NextAired.2.NextDay)]</label2>
                        <property name="airs">$INFO[Window(Home).Property(NextAired.2.AirsToday)]</property>
                        <property name="Studio">$INFO[Window(Home).Property(NextAired.2.Network)]</property>
                        <thumb>$INFO[Window(Home).Property(NextAired.2.Art(poster))]</thumb>
                        <onclick>ActivateWindow(Video,$INFO[Window.Property(NextAired.2.Library)])</onclick>
                    </item>
                    <item id="3" description="Episodes3">
                        <visible>!IsEmpty(Window(Home).Property(NextAired.3.NextTitle))</visible>
                        <label>$INFO[Window(Home).Property(NextAired.3.Label)]</label>
                        <label2>S $INFO[Window(Home).Property(NextAired.3.NextSeasonNumber)] • E $INFO[Window(Home).Property(NextAired.3.NextEpisodeNumber)][CR]$INFO[Window(Home).Property(NextAired.3.NextDay)]</label2>
                        <property name="airs">$INFO[Window(Home).Property(NextAired.3.AirsToday)]</property>
                        <thumb>$INFO[Window(Home).Property(NextAired.3.Art(poster))]</thumb>
                        <property name="Studio">$INFO[Window(Home).Property(NextAired.3.Network)]</property>
                        <onclick>ActivateWindow(Video,$INFO[Window.Property(NextAired.3.Library)])</onclick>
                    </item>
                    <item id="4" description="Episodes4">
                        <visible>!IsEmpty(Window(Home).Property(NextAired.4.NextTitle))</visible>
                        <label>$INFO[Window(Home).Property(NextAired.4.Label)]</label>
                        <label2>S $INFO[Window(Home).Property(NextAired.4.NextSeasonNumber)] • E $INFO[Window(Home).Property(NextAired.4.NextEpisodeNumber)][CR]$INFO[Window(Home).Property(NextAired.4.NextDay)]</label2>
                        <property name="airs">$INFO[Window(Home).Property(NextAired.4.AirsToday)]</property>
                        <thumb>$INFO[Window(Home).Property(NextAired.4.Art(poster))]</thumb>
                        <property name="Studio">$INFO[Window(Home).Property(NextAired.4.Network)]</property>
                        <onclick>ActivateWindow(Video,$INFO[Window.Property(NextAired.4.Library)])</onclick>
                    </item>
                    <item id="5" description="Episodes5">
                        <visible>!IsEmpty(Window(Home).Property(NextAired.5.NextTitle))</visible>
                        <label>$INFO[Window(Home).Property(NextAired.5.Label)]</label>
                        <label2>S $INFO[Window(Home).Property(NextAired.5.NextSeasonNumber)] • E $INFO[Window(Home).Property(NextAired.5.NextEpisodeNumber)][CR]$INFO[Window(Home).Property(NextAired.5.NextDay)]</label2>
                        <property name="airs">$INFO[Window(Home).Property(NextAired.5.AirsToday)]</property>
                        <thumb>$INFO[Window(Home).Property(NextAired.5.Art(poster))]</thumb>
                        <property name="Studio">$INFO[Window(Home).Property(NextAired.5.Network)]</property>
                        <onclick>ActivateWindow(Video,$INFO[Window.Property(NextAired.5.Library)])</onclick>
                    </item>
                    <item id="6" description="Episodes6">
                        <visible>!IsEmpty(Window(Home).Property(NextAired.6.NextTitle))</visible>
                        <label>$INFO[Window(Home).Property(NextAired.6.Label)]</label>
                        <label2>S $INFO[Window(Home).Property(NextAired.6.NextSeasonNumber)] • E $INFO[Window(Home).Property(NextAired.6.NextEpisodeNumber)][CR]$INFO[Window(Home).Property(NextAired.6.NextDay)]</label2>
                        <property name="airs">$INFO[Window(Home).Property(NextAired.6.AirsToday)]</property>
                        <thumb>$INFO[Window(Home).Property(NextAired.6.Art(poster))]</thumb>
                        <property name="Studio">$INFO[Window(Home).Property(NextAired.6.Network)]</property>
                        <onclick>ActivateWindow(Video,$INFO[Window.Property(NextAired.6.Library)])</onclick>
                    </item>
                    <item id="7" description="Episodes7">
                        <visible>!IsEmpty(Window(Home).Property(NextAired.7.NextTitle))</visible>
                        <label>$INFO[Window(Home).Property(NextAired.7.Label)]</label>
                        <label2>S $INFO[Window(Home).Property(NextAired.7.NextSeasonNumber)] • E $INFO[Window(Home).Property(NextAired.7.NextEpisodeNumber)][CR]$INFO[Window(Home).Property(NextAired.7.NextDay)]</label2>
                        <property name="airs">$INFO[Window(Home).Property(NextAired.7.AirsToday)]</property>
                        <thumb>$INFO[Window(Home).Property(NextAired.7.Art(poster))]</thumb>
                        <property name="Studio">$INFO[Window(Home).Property(NextAired.7.Network)]</property>
                        <onclick>ActivateWindow(Video,$INFO[Window.Property(NextAired.7.Library)])</onclick>
                    </item>
                    <item id="8" description="Episodes8">
                        <visible>!IsEmpty(Window(Home).Property(NextAired.8.NextTitle))</visible>
                        <label>$INFO[Window(Home).Property(NextAired.8.Label)]</label>
                        <label2>S $INFO[Window(Home).Property(NextAired.8.NextSeasonNumber)] • E $INFO[Window(Home).Property(NextAired.8.NextEpisodeNumber)][CR]$INFO[Window(Home).Property(NextAired.8.NextDay)]</label2>
                        <property name="airs">$INFO[Window(Home).Property(NextAired.8.AirsToday)]</property>
                        <thumb>$INFO[Window(Home).Property(NextAired.8.Art(poster))]</thumb>
                        <property name="Studio">$INFO[Window(Home).Property(NextAired.8.Network)]</property>
                        <onclick>ActivateWindow(Video,$INFO[Window.Property(NextAired.8.Library)])</onclick>
                    </item>
                    <item id="9" description="Episodes9">
                        <visible>!IsEmpty(Window(Home).Property(NextAired.9.NextTitle))</visible>
                        <label>$INFO[Window(Home).Property(NextAired.9.Label)]</label>
                        <label2>S $INFO[Window(Home).Property(NextAired.9.NextSeasonNumber)] • E $INFO[Window(Home).Property(NextAired.9.NextEpisodeNumber)][CR]$INFO[Window(Home).Property(NextAired.9.NextDay)]</label2>
                        <property name="airs">$INFO[Window(Home).Property(NextAired.9.AirsToday)]</property>
                        <thumb>$INFO[Window(Home).Property(NextAired.9.Art(poster))]</thumb>
                        <property name="Studio">$INFO[Window(Home).Property(NextAired.9.Network)]</property>
                        <onclick>ActivateWindow(Video,$INFO[Window.Property(NextAired.9.Library)])</onclick>
                    </item>
                    <item id="10" description="Episodes10">
                        <visible>!IsEmpty(Window(Home).Property(NextAired.10.NextTitle))</visible>
                        <label>$INFO[Window(Home).Property(NextAired.10.Label)]</label>
                        <label2>S $INFO[Window(Home).Property(NextAired.10.NextSeasonNumber)] • E $INFO[Window(Home).Property(NextAired.10.NextEpisodeNumber)][CR]$INFO[Window(Home).Property(NextAired.10.NextDay)]</label2>
                        <property name="airs">$INFO[Window(Home).Property(NextAired.10.AirsToday)]</property>
                        <thumb>$INFO[Window(Home).Property(NextAired.10.Art(poster))]</thumb>
                        <property name="Studio">$INFO[Window(Home).Property(NextAired.10.Network)]</property>
                        <onclick>ActivateWindow(Video,$INFO[Window.Property(NextAired.10.Library)])</onclick>
                    </item>
                    <!--item id="%d" description="Episodes%d">

                      <visible>!IsEmpty(Window(Home).Property(NextAire.%d.NextTitle))</visible>
                      <label>$INFO[Window(Home).Property(NextAire.%d.NextTitle)]</label>
                      <label2>$INFO[Window(Home).Property(NextAire.%d.Art(tvshow.banner))]</label2>
                      <property name="SeasonEpisode">S $INFO[Window(Home).Property(NextAire.%d.NextSeasonNumber)] • E $INFO[Window(Home).Property(NextAire.%d.NextEpisodeNumber)]</property>
                      <thumb>$INFO[Window(Home).Property(NextAire.%d.Thumb)]</thumb>

                      <onclick>$INFO[Window(Home).Property(NextAire.%d.Play)]</onclick>
                    </item-->
                </content>
            </control>
            <include>tvshelslider</include>
        </control>
    </include>
    <include name="Music">
        <control type="group">
            <control type="panel" id="313" description="TOP Shortcuts">
                <visible>Library.HasContent(Music) | Skin.HasSetting(MusicShelf_Custom)</visible>
                <visible>[Container(9000).HasFocus(342) | Control.HasFocus(313)] + !StringCompare(Skin.String(musicshelf),mushoff)</visible>
                <include>SquareShortcutsCommons</include>
                <content target="music">$VAR[musicshelfcontent]</content>
            </control>
            <control type="image">
                <visible>Control.HasFocus(313)</visible>
                <left>142</left>
                <top>489</top>
                <width>100</width>
                <height>10</height>
                <texture colordiffuse="$VAR[diffuseselectshelf]">images/dockfocus.png</texture>
                <aspectratio>stretch</aspectratio>
                <animation effect="fade" time="220">VisibleChange</animation>
                <animation condition="Container(313).Position(0)" effect="slide" start="0,0" end="0,0" time="220" easing="inout" reversible="true">Conditional</animation>
                <animation condition="Container(313).Position(1)" effect="slide" start="0,0" end="384,0" time="220" easing="inout" reversible="true">Conditional</animation>
                <animation condition="Container(313).Position(2)" effect="slide" start="0,0" end="768,0" time="220" easing="inout" reversible="true">Conditional</animation>
                <animation condition="Container(313).Position(3)" effect="slide" start="0,0" end="1152,0" time="220" easing="inout" reversible="true">Conditional</animation>
                <animation condition="Container(313).Position(4)" effect="slide" start="0,0" end="1536,0" time="220" easing="inout" reversible="true">Conditional</animation>
            </control>
        </control>
    </include>
    <include name="Addons_Auto">
        <control type="group">
            <control type="panel" id="315" description="TOP Shortcuts">
                <visible>[Container(9000).HasFocus(343) | Control.HasFocus(315)] + !StringCompare(Skin.String(addonsshelf),1)</visible>
                <include>SquareShortcutsCommons</include>
                <content target="video">$VAR[addonsshelfcontent]</content>
            </control>
            <control type="panel" id="315" description="TOP Shortcuts">
                <visible>[Container(9000).HasFocus(343) | Control.HasFocus(315)] + StringCompare(Skin.String(addonsshelf),1)</visible>
                <include>SquareShortcutsCommons</include>
                <content target="music">$VAR[addonsshelfcontent]</content>
            </control>
            <control type="image">
                <visible>Control.HasFocus(315)</visible>
                <left>142</left>
                <top>489</top>
                <width>100</width>
                <height>10</height>
                <texture colordiffuse="$VAR[diffuseselectshelf]">images/dockfocus.png</texture>
                <aspectratio>stretch</aspectratio>
                <animation effect="fade" time="220">VisibleChange</animation>
                <animation condition="Container(315).Position(0)" effect="slide" start="0,0" end="0,0" time="220" easing="inout" reversible="true">Conditional</animation>
                <animation condition="Container(315).Position(1)" effect="slide" start="0,0" end="384,0" time="220" easing="inout" reversible="true">Conditional</animation>
                <animation condition="Container(315).Position(2)" effect="slide" start="0,0" end="768,0" time="220" easing="inout" reversible="true">Conditional</animation>
                <animation condition="Container(315).Position(3)" effect="slide" start="0,0" end="1152,0" time="220" easing="inout" reversible="true">Conditional</animation>
                <animation condition="Container(315).Position(4)" effect="slide" start="0,0" end="1536,0" time="220" easing="inout" reversible="true">Conditional</animation>
            </control>
        </control>
    </include>
    <include name="Addons_Shortcuts">
        <control type="group">
            <control type="panel" id="315" description="TOP Shortcuts">
                <visible>Container(9000).HasFocus(343) | Control.HasFocus(315)</visible>
                <onup>noop</onup>
                <ondown>9000</ondown>
                <onleft>315</onleft>
                <onright>315</onright>
                <include>SquareShortcutsCommons</include>
                <content>
                    <item id="1" description="Addons">
                        <visible>!IsEmpty(Skin.String(ShelfAddons.1.Label))</visible>
                        <label>$INFO[system.addontitle(Skin.String(ShelfAddons.1.Label))]</label>
                        <thumb>$INFO[system.addonicon(Skin.String(ShelfAddons.1.Label))]</thumb>
                        <onclick>RunAddon($INFO[Skin.String(ShelfAddons.1.Label)])</onclick>
                        <property name="ItemType">$LOCALIZE[24000]</property>
                    </item>
                    <item id="2" description="Addons">
                        <visible>!IsEmpty(Skin.String(ShelfAddons.2.Label))</visible>
                        <label>$INFO[system.addontitle(Skin.String(ShelfAddons.2.Label))]</label>
                        <thumb>$INFO[system.addonicon(Skin.String(ShelfAddons.2.Label))]</thumb>
                        <onclick>RunAddon($INFO[Skin.String(ShelfAddons.2.Label)])</onclick>
                        <property name="ItemType">$LOCALIZE[24000]</property>
                    </item>
                    <item id="3" description="Addons">
                        <visible>!IsEmpty(Skin.String(ShelfAddons.3.Label))</visible>
                        <label>$INFO[system.addontitle(Skin.String(ShelfAddons.3.Label))]</label>
                        <thumb>$INFO[system.addonicon(Skin.String(ShelfAddons.3.Label))]</thumb>
                        <onclick>RunAddon($INFO[Skin.String(ShelfAddons.3.Label)])</onclick>
                        <property name="ItemType">$LOCALIZE[24000]</property>
                    </item>
                    <item id="4" description="Addons">
                        <visible>!IsEmpty(Skin.String(ShelfAddons.4.Label))</visible>
                        <label>$INFO[system.addontitle(Skin.String(ShelfAddons.4.Label))]</label>
                        <thumb>$INFO[system.addonicon(Skin.String(ShelfAddons.4.Label))]</thumb>
                        <onclick>RunAddon($INFO[Skin.String(ShelfAddons.4.Label)])</onclick>
                        <property name="ItemType">$LOCALIZE[24000]</property>
                    </item>
                    <item id="5" description="Addons">
                        <visible>!IsEmpty(Skin.String(ShelfAddons.5.Label))</visible>
                        <label>$INFO[system.addontitle(Skin.String(ShelfAddons.5.Label))]</label>
                        <thumb>$INFO[system.addonicon(Skin.String(ShelfAddons.5.Label))]</thumb>
                        <onclick>RunAddon($INFO[Skin.String(ShelfAddons.5.Label)])</onclick>
                        <property name="ItemType">$LOCALIZE[24000]</property>
                    </item>
                    <item id="6" description="Addons">
                        <visible>!IsEmpty(Skin.String(ShelfAddons.6.Label))</visible>
                        <label>$INFO[system.addontitle(Skin.String(ShelfAddons.6.Label))]</label>
                        <thumb>$INFO[system.addonicon(Skin.String(ShelfAddons.6.Label))]</thumb>
                        <onclick>RunAddon($INFO[Skin.String(ShelfAddons.6.Label)])</onclick>
                        <property name="ItemType">$LOCALIZE[24000]</property>
                    </item>
                    <item id="7" description="Addons">
                        <visible>!IsEmpty(Skin.String(ShelfAddons.7.Label))</visible>
                        <label>$INFO[system.addontitle(Skin.String(ShelfAddons.7.Label))]</label>
                        <thumb>$INFO[system.addonicon(Skin.String(ShelfAddons.7.Label))]</thumb>
                        <onclick>RunAddon($INFO[Skin.String(ShelfAddons.7.Label)])</onclick>
                        <property name="ItemType">$LOCALIZE[24000]</property>
                    </item>
                    <item id="8" description="Addons">
                        <visible>!IsEmpty(Skin.String(ShelfAddons.8.Label))</visible>
                        <label>$INFO[system.addontitle(Skin.String(ShelfAddons.8.Label))]</label>
                        <thumb>$INFO[system.addonicon(Skin.String(ShelfAddons.8.Label))]</thumb>
                        <onclick>RunAddon($INFO[Skin.String(ShelfAddons.8.Label)])</onclick>
                        <property name="ItemType">$LOCALIZE[24000]</property>
                    </item>
                    <item id="9" description="Addons">
                        <visible>!IsEmpty(Skin.String(ShelfAddons.9.Label))</visible>
                        <label>$INFO[system.addontitle(Skin.String(ShelfAddons.9.Label))]</label>
                        <thumb>$INFO[system.addonicon(Skin.String(ShelfAddons.9.Label))]</thumb>
                        <onclick>RunAddon($INFO[Skin.String(ShelfAddons.9.Label)])</onclick>
                        <property name="ItemType">$LOCALIZE[24000]</property>
                    </item>
                    <item id="10" description="Addons">
                        <visible>!IsEmpty(Skin.String(ShelfAddons.10.Label))</visible>
                        <label>$INFO[system.addontitle(Skin.String(ShelfAddons.10.Label))]</label>
                        <thumb>$INFO[system.addonicon(Skin.String(ShelfAddons.10.Label))]</thumb>
                        <onclick>RunAddon($INFO[Skin.String(ShelfAddons.10.Label)])</onclick>
                        <property name="ItemType">$LOCALIZE[24000]</property>
                    </item>
                    <item id="11" description="Scripts">
                        <visible>!IsEmpty(Skin.String(ShelfAddons.11.Label))</visible>
                        <label>$INFO[system.addontitle(Skin.String(ShelfAddons.11.Label))]</label>
                        <thumb>$INFO[system.addonicon(Skin.String(ShelfAddons.11.Label))]</thumb>
                        <onclick>RunAddon($INFO[Skin.String(ShelfAddons.11.Label)])</onclick>
                        <property name="ItemType">$LOCALIZE[24009]</property>
                    </item>
                    <item id="12" description="Scripts">
                        <visible>!IsEmpty(Skin.String(ShelfAddons.12.Label))</visible>
                        <label>$INFO[system.addontitle(Skin.String(ShelfAddons.12.Label))]</label>
                        <thumb>$INFO[system.addonicon(Skin.String(ShelfAddons.12.Label))]</thumb>
                        <onclick>RunAddon($INFO[Skin.String(ShelfAddons.12.Label)])</onclick>
                        <property name="ItemType">$LOCALIZE[24009]</property>
                    </item>
                    <item id="13" description="Scripts">
                        <visible>!IsEmpty(Skin.String(ShelfAddons.13.Label))</visible>
                        <label>$INFO[system.addontitle(Skin.String(ShelfAddons.13.Label))]</label>
                        <thumb>$INFO[system.addonicon(Skin.String(ShelfAddons.13.Label))]</thumb>
                        <onclick>RunAddon($INFO[Skin.String(ShelfAddons.13.Label)])</onclick>
                        <property name="ItemType">$LOCALIZE[24009]</property>
                    </item>
                    <item id="14" description="Scripts">
                        <visible>!IsEmpty(Skin.String(ShelfAddons.14.Label))</visible>
                        <label>$INFO[system.addontitle(Skin.String(ShelfAddons.14.Label))]</label>
                        <thumb>$INFO[system.addonicon(Skin.String(ShelfAddons.14.Label))]</thumb>
                        <onclick>RunAddon($INFO[Skin.String(ShelfAddons.14.Label)])</onclick>
                        <property name="ItemType">$LOCALIZE[24009]</property>
                    </item>
                    <item id="15" description="Scripts">
                        <visible>!IsEmpty(Skin.String(ShelfAddons.15.Label))</visible>
                        <label>$INFO[system.addontitle(Skin.String(ShelfAddons.15.Label))]</label>
                        <thumb>$INFO[system.addonicon(Skin.String(ShelfAddons.15.Label))]</thumb>
                        <onclick>RunAddon($INFO[Skin.String(ShelfAddons.15.Label)])</onclick>
                        <property name="ItemType">$LOCALIZE[24009]</property>
                    </item>
                    <item id="16" description="Fav">
                        <visible>!IsEmpty(Skin.String(ShelfAddons.16.Path))</visible>
                        <label>$INFO[Skin.String(ShelfAddons.16.Label)]</label>
                        <thumb>$INFO[Skin.String(ShelfAddons.16.Icon)]</thumb>
                        <onclick>$INFO[Skin.String(ShelfAddons.16.Path)]</onclick>
                        <property name="ItemType">$LOCALIZE[1036]</property>
                    </item>
                    <item id="17" description="Fav">
                        <visible>!IsEmpty(Skin.String(ShelfAddons.17.Path))</visible>
                        <label>$INFO[Skin.String(ShelfAddons.17.Label)]</label>
                        <thumb>$INFO[Skin.String(ShelfAddons.17.Icon)]</thumb>
                        <onclick>$INFO[Skin.String(ShelfAddons.17.Path)]</onclick>
                        <property name="ItemType">$LOCALIZE[1036]</property>
                    </item>
                    <item id="18" description="Fav">
                        <visible>!IsEmpty(Skin.String(ShelfAddons.18.Path))</visible>
                        <label>$INFO[Skin.String(ShelfAddons.18.Label)]</label>
                        <thumb>$INFO[Skin.String(ShelfAddons.18.Icon)]</thumb>
                        <onclick>$INFO[Skin.String(ShelfAddons.18.Path)]</onclick>
                        <property name="ItemType">$LOCALIZE[1036]</property>
                    </item>
                    <item id="19" description="Fav">
                        <visible>!IsEmpty(Skin.String(ShelfAddons.19.Path))</visible>
                        <label>$INFO[Skin.String(ShelfAddons.19.Label)]</label>
                        <thumb>$INFO[Skin.String(ShelfAddons.19.Icon)]</thumb>
                        <onclick>$INFO[Skin.String(ShelfAddons.19.Path)]</onclick>
                        <property name="ItemType">$LOCALIZE[1036]</property>
                    </item>
                    <item id="20" description="Fav">
                        <visible>!IsEmpty(Skin.String(ShelfAddons.20.Path))</visible>
                        <label>$INFO[Skin.String(ShelfAddons.20.Label)]</label>
                        <thumb>$INFO[Skin.String(ShelfAddons.20.Icon)]</thumb>
                        <onclick>$INFO[Skin.String(ShelfAddons.20.Path)]</onclick>
                        <property name="ItemType">$LOCALIZE[1036]</property>
                    </item>
                </content>
            </control>
            <control type="image">
                <visible>Control.HasFocus(315)</visible>
                <left>142</left>
                <top>489</top>
                <width>100</width>
                <height>10</height>
                <texture colordiffuse="$VAR[diffuseselectshelf]">images/dockfocus.png</texture>
                <aspectratio>stretch</aspectratio>
                <animation effect="fade" time="220">VisibleChange</animation>
                <animation condition="Container(315).Position(0)" effect="slide" start="0,0" end="0,0" time="220" easing="inout" reversible="true">Conditional</animation>
                <animation condition="Container(315).Position(1)" effect="slide" start="0,0" end="384,0" time="220" easing="inout" reversible="true">Conditional</animation>
                <animation condition="Container(315).Position(2)" effect="slide" start="0,0" end="768,0" time="220" easing="inout" reversible="true">Conditional</animation>
                <animation condition="Container(315).Position(3)" effect="slide" start="0,0" end="1152,0" time="220" easing="inout" reversible="true">Conditional</animation>
                <animation condition="Container(315).Position(4)" effect="slide" start="0,0" end="1536,0" time="220" easing="inout" reversible="true">Conditional</animation>
            </control>
        </control>
    </include>
    <include name="VAddons_Shortcuts">
        <control type="group">
            <control type="label" description="Top Label">
                <visible>Control.IsVisible(317)</visible>
                <include>ShelfTitle</include>
                <include>ShelfFade</include>
                <label> $INFO[Container(317).ListItem.Property(ItemType)]</label>
            </control>
            <control type="panel" id="317" description="TOP Shortcuts">
                <visible>Container(9000).HasFocus(355) | Control.HasFocus(317)</visible>
                <onup>noop</onup>
                <ondown>9000</ondown>
                <onleft>317</onleft>
                <onright>317</onright>
                <include>SquareShortcutsCommons</include>
                <content>
                    <item id="1" description="Addons">
                        <visible>!IsEmpty(Skin.String(ShelfVAddons.1.Label))</visible>
                        <label>$INFO[system.addontitle(Skin.String(ShelfVAddons.1.Label))]</label>
                        <thumb>$INFO[system.addonicon(Skin.String(ShelfVAddons.1.Label))]</thumb>
                        <onclick>RunAddon($INFO[Skin.String(ShelfVAddons.1.Label)])</onclick>
                        <property name="ItemType">$LOCALIZE[24000]</property>
                    </item>
                    <item id="2" description="Addons">
                        <visible>!IsEmpty(Skin.String(ShelfVAddons.2.Label))</visible>
                        <label>$INFO[system.addontitle(Skin.String(ShelfVAddons.2.Label))]</label>
                        <thumb>$INFO[system.addonicon(Skin.String(ShelfVAddons.2.Label))]</thumb>
                        <onclick>RunAddon($INFO[Skin.String(ShelfVAddons.2.Label)])</onclick>
                        <property name="ItemType">$LOCALIZE[24000]</property>
                    </item>
                    <item id="3" description="Addons">
                        <visible>!IsEmpty(Skin.String(ShelfVAddons.3.Label))</visible>
                        <label>$INFO[system.addontitle(Skin.String(ShelfVAddons.3.Label))]</label>
                        <thumb>$INFO[system.addonicon(Skin.String(ShelfVAddons.3.Label))]</thumb>
                        <onclick>RunAddon($INFO[Skin.String(ShelfVAddons.3.Label)])</onclick>
                        <property name="ItemType">$LOCALIZE[24000]</property>
                    </item>
                    <item id="4" description="Addons">
                        <visible>!IsEmpty(Skin.String(ShelfVAddons.4.Label))</visible>
                        <label>$INFO[system.addontitle(Skin.String(ShelfVAddons.4.Label))]</label>
                        <thumb>$INFO[system.addonicon(Skin.String(ShelfVAddons.4.Label))]</thumb>
                        <onclick>RunAddon($INFO[Skin.String(ShelfVAddons.4.Label)])</onclick>
                        <property name="ItemType">$LOCALIZE[24000]</property>
                    </item>
                    <item id="5" description="Addons">
                        <visible>!IsEmpty(Skin.String(ShelfVAddons.5.Label))</visible>
                        <label>$INFO[system.addontitle(Skin.String(ShelfVAddons.5.Label))]</label>
                        <thumb>$INFO[system.addonicon(Skin.String(ShelfVAddons.5.Label))]</thumb>
                        <onclick>RunAddon($INFO[Skin.String(ShelfVAddons.5.Label)])</onclick>
                        <property name="ItemType">$LOCALIZE[24000]</property>
                    </item>
                    <item id="6" description="Addons">
                        <visible>!IsEmpty(Skin.String(ShelfVAddons.6.Label))</visible>
                        <label>$INFO[system.addontitle(Skin.String(ShelfVAddons.6.Label))]</label>
                        <thumb>$INFO[system.addonicon(Skin.String(ShelfVAddons.6.Label))]</thumb>
                        <onclick>RunAddon($INFO[Skin.String(ShelfVAddons.6.Label)])</onclick>
                        <property name="ItemType">$LOCALIZE[24000]</property>
                    </item>
                    <item id="7" description="Addons">
                        <visible>!IsEmpty(Skin.String(ShelfVAddons.7.Label))</visible>
                        <label>$INFO[system.addontitle(Skin.String(ShelfVAddons.7.Label))]</label>
                        <thumb>$INFO[system.addonicon(Skin.String(ShelfVAddons.7.Label))]</thumb>
                        <onclick>RunAddon($INFO[Skin.String(ShelfVAddons.7.Label)])</onclick>
                        <property name="ItemType">$LOCALIZE[24000]</property>
                    </item>
                    <item id="8" description="Addons">
                        <visible>!IsEmpty(Skin.String(ShelfVAddons.8.Label))</visible>
                        <label>$INFO[system.addontitle(Skin.String(ShelfVAddons.8.Label))]</label>
                        <thumb>$INFO[system.addonicon(Skin.String(ShelfVAddons.8.Label))]</thumb>
                        <onclick>RunAddon($INFO[Skin.String(ShelfVAddons.8.Label)])</onclick>
                        <property name="ItemType">$LOCALIZE[24000]</property>
                    </item>
                    <item id="9" description="Addons">
                        <visible>!IsEmpty(Skin.String(ShelfVAddons.9.Label))</visible>
                        <label>$INFO[system.addontitle(Skin.String(ShelfVAddons.9.Label))]</label>
                        <thumb>$INFO[system.addonicon(Skin.String(ShelfVAddons.9.Label))]</thumb>
                        <onclick>RunAddon($INFO[Skin.String(ShelfVAddons.9.Label)])</onclick>
                        <property name="ItemType">$LOCALIZE[24000]</property>
                    </item>
                    <item id="10" description="Addons">
                        <visible>!IsEmpty(Skin.String(ShelfVAddons.10.Label))</visible>
                        <label>$INFO[system.addontitle(Skin.String(ShelfVAddons.10.Label))]</label>
                        <thumb>$INFO[system.addonicon(Skin.String(ShelfVAddons.10.Label))]</thumb>
                        <onclick>RunAddon($INFO[Skin.String(ShelfVAddons.10.Label)])</onclick>
                        <property name="ItemType">$LOCALIZE[24000]</property>
                    </item>
                    <item id="11" description="Scripts">
                        <visible>!IsEmpty(Skin.String(ShelfVAddons.11.Label))</visible>
                        <label>$INFO[system.addontitle(Skin.String(ShelfVAddons.11.Label))]</label>
                        <thumb>$INFO[system.addonicon(Skin.String(ShelfVAddons.11.Label))]</thumb>
                        <onclick>RunAddon($INFO[Skin.String(ShelfVAddons.11.Label)])</onclick>
                        <property name="ItemType">$LOCALIZE[24009]</property>
                    </item>
                    <item id="12" description="Scripts">
                        <visible>!IsEmpty(Skin.String(ShelfVAddons.12.Label))</visible>
                        <label>$INFO[system.addontitle(Skin.String(ShelfVAddons.12.Label))]</label>
                        <thumb>$INFO[system.addonicon(Skin.String(ShelfVAddons.12.Label))]</thumb>
                        <onclick>RunAddon($INFO[Skin.String(ShelfVAddons.12.Label)])</onclick>
                        <property name="ItemType">$LOCALIZE[24009]</property>
                    </item>
                    <item id="13" description="Scripts">
                        <visible>!IsEmpty(Skin.String(ShelfVAddons.13.Label))</visible>
                        <label>$INFO[system.addontitle(Skin.String(ShelfVAddons.13.Label))]</label>
                        <thumb>$INFO[system.addonicon(Skin.String(ShelfVAddons.13.Label))]</thumb>
                        <onclick>RunAddon($INFO[Skin.String(ShelfVAddons.13.Label)])</onclick>
                        <property name="ItemType">$LOCALIZE[24009]</property>
                    </item>
                    <item id="14" description="Scripts">
                        <visible>!IsEmpty(Skin.String(ShelfVAddons.14.Label))</visible>
                        <label>$INFO[system.addontitle(Skin.String(ShelfVAddons.14.Label))]</label>
                        <thumb>$INFO[system.addonicon(Skin.String(ShelfVAddons.14.Label))]</thumb>
                        <onclick>RunAddon($INFO[Skin.String(ShelfVAddons.14.Label)])</onclick>
                        <property name="ItemType">$LOCALIZE[24009]</property>
                    </item>
                    <item id="15" description="Scripts">
                        <visible>!IsEmpty(Skin.String(ShelfVAddons.15.Label))</visible>
                        <label>$INFO[system.addontitle(Skin.String(ShelfVAddons.15.Label))]</label>
                        <thumb>$INFO[system.addonicon(Skin.String(ShelfVAddons.15.Label))]</thumb>
                        <onclick>RunAddon($INFO[Skin.String(ShelfVAddons.15.Label)])</onclick>
                        <property name="ItemType">$LOCALIZE[24009]</property>
                    </item>
                </content>
            </control>
            <control type="image">
                <visible>Control.HasFocus(317)</visible>
                <left>110</left>
                <top>489</top>
                <width>100</width>
                <height>10</height>
                <texture colordiffuse="$VAR[diffuseselectshelf]">images/dockfocus.png</texture>
                <aspectratio>stretch</aspectratio>
                <animation effect="fade" time="220">VisibleChange</animation>
                <animation condition="Container(317).Position(0)" effect="slide" start="0,0" end="0,0" time="220" easing="inout" reversible="true">Conditional</animation>
                <animation condition="Container(317).Position(1)" effect="slide" start="0,0" end="320,0" time="220" easing="inout" reversible="true">Conditional</animation>
                <animation condition="Container(317).Position(2)" effect="slide" start="0,0" end="640,0" time="220" easing="inout" reversible="true">Conditional</animation>
                <animation condition="Container(317).Position(3)" effect="slide" start="0,0" end="960,0" time="220" easing="inout" reversible="true">Conditional</animation>
                <animation condition="Container(317).Position(4)" effect="slide" start="0,0" end="1280,0" time="220" easing="inout" reversible="true">Conditional</animation>
                <animation condition="Container(317).Position(5)" effect="slide" start="0,0" end="1600,0" time="220" easing="inout" reversible="true">Conditional</animation>
            </control>
        </control>
    </include>
    <include name="Pictures_Shortcuts">
        <control type="group"><control type="panel" id="314" description="TOP Shortcuts">
            <visible>Container(9000).HasFocus(344) | Control.HasFocus(314)</visible>
            <onup>noop</onup>
            <ondown>9000</ondown>
            <onleft>314</onleft>
            <onright>314</onright>
            <include>SquareShortcutsCommons</include>
            <content>
                <item id="1" description="Addons">
                    <visible>Skin.HasSetting(PicturesShelf_Custom)</visible>
                    <visible>!IsEmpty(Skin.String(ShelfPictures.1.Label))</visible>
                    <label>$INFO[system.addontitle(Skin.String(ShelfPictures.1.Label))]</label>
                    <thumb>$INFO[system.addonicon(Skin.String(ShelfPictures.1.Label))]</thumb>
                    <onclick>RunAddon($INFO[Skin.String(ShelfPictures.1.Label)])</onclick>
                    <property name="ItemType">$LOCALIZE[111]</property>
                </item>
                <item id="2" description="Addons">
                    <visible>Skin.HasSetting(PicturesShelf_Custom)</visible>
                    <visible>!IsEmpty(Skin.String(ShelfPictures.2.Label))</visible>
                    <label>$INFO[system.addontitle(Skin.String(ShelfPictures.2.Label))]</label>
                    <thumb>$INFO[system.addonicon(Skin.String(ShelfPictures.2.Label))]</thumb>
                    <onclick>RunAddon($INFO[Skin.String(ShelfPictures.2.Label)])</onclick>
                    <property name="ItemType">$LOCALIZE[111]</property>
                </item>
                <item id="3" description="Addons">
                    <visible>Skin.HasSetting(PicturesShelf_Custom)</visible>
                    <visible>!IsEmpty(Skin.String(ShelfPictures.3.Label))</visible>
                    <label>$INFO[system.addontitle(Skin.String(ShelfPictures.3.Label))]</label>
                    <thumb>$INFO[system.addonicon(Skin.String(ShelfPictures.3.Label))]</thumb>
                    <onclick>RunAddon($INFO[Skin.String(ShelfPictures.3.Label)])</onclick>
                    <property name="ItemType">$LOCALIZE[111]</property>
                </item>
                <item id="4" description="Addons">
                    <visible>Skin.HasSetting(PicturesShelf_Custom)</visible>
                    <visible>!IsEmpty(Skin.String(ShelfPictures.4.Label))</visible>
                    <label>$INFO[system.addontitle(Skin.String(ShelfPictures.4.Label))]</label>
                    <thumb>$INFO[system.addonicon(Skin.String(ShelfPictures.4.Label))]</thumb>
                    <onclick>RunAddon($INFO[Skin.String(ShelfPictures.4.Label)])</onclick>
                    <property name="ItemType">$LOCALIZE[111]</property>
                </item>
                <item id="5" description="Addons">
                    <visible>Skin.HasSetting(PicturesShelf_Custom)</visible>
                    <visible>!IsEmpty(Skin.String(ShelfPictures.5.Label))</visible>
                    <label>$INFO[system.addontitle(Skin.String(ShelfPictures.5.Label))]</label>
                    <thumb>$INFO[system.addonicon(Skin.String(ShelfPictures.5.Label))]</thumb>
                    <onclick>RunAddon($INFO[Skin.String(ShelfPictures.5.Label)])</onclick>
                    <property name="ItemType">$LOCALIZE[111]</property>
                </item>
                <item id="6" description="Script">
                    <visible>Skin.HasSetting(PicturesShelf_Custom)</visible>
                    <visible>!IsEmpty(Skin.String(ShelfPictures.6.Label))</visible>
                    <label>$INFO[system.addontitle(Skin.String(ShelfPictures.6.Label))]</label>
                    <thumb>$INFO[system.addonicon(Skin.String(ShelfPictures.6.Label))]</thumb>
                    <onclick>RunAddon($INFO[Skin.String(ShelfPictures.6.Label)])</onclick>
                    <property name="ItemType">$LOCALIZE[111]</property>
                </item>
                <item id="7" description="Script">
                    <visible>Skin.HasSetting(PicturesShelf_Custom)</visible>
                    <visible>!IsEmpty(Skin.String(ShelfPictures.7.Label))</visible>
                    <label>$INFO[system.addontitle(Skin.String(ShelfPictures.7.Label))]</label>
                    <thumb>$INFO[system.addonicon(Skin.String(ShelfPictures.7.Label))]</thumb>
                    <onclick>RunAddon($INFO[Skin.String(ShelfPictures.7.Label)])</onclick>
                    <property name="ItemType">$LOCALIZE[111]</property>
                </item>
                <item id="8" description="Script">
                    <visible>Skin.HasSetting(PicturesShelf_Custom)</visible>
                    <visible>!IsEmpty(Skin.String(ShelfPictures.8.Label))</visible>
                    <label>$INFO[system.addontitle(Skin.String(ShelfPictures.8.Label))]</label>
                    <thumb>$INFO[system.addonicon(Skin.String(ShelfPictures.8.Label))]</thumb>
                    <onclick>RunAddon($INFO[Skin.String(ShelfPictures.8.Label)])</onclick>
                    <property name="ItemType">$LOCALIZE[111]</property>
                </item>
                <item id="9" description="Script">
                    <visible>Skin.HasSetting(PicturesShelf_Custom)</visible>
                    <visible>!IsEmpty(Skin.String(ShelfPictures.9.Label))</visible>
                    <label>$INFO[system.addontitle(Skin.String(ShelfPictures.9.Label))]</label>
                    <thumb>$INFO[system.addonicon(Skin.String(ShelfPictures.9.Label))]</thumb>
                    <onclick>RunAddon($INFO[Skin.String(ShelfPictures.9.Label)])</onclick>
                    <property name="ItemType">$LOCALIZE[111]</property>
                </item>
                <item id="10" description="Script">
                    <visible>!IsEmpty(Skin.String(ShelfPictures.10.Label))</visible>
                    <label>$INFO[system.addontitle(Skin.String(ShelfPictures.10.Label))]</label>
                    <thumb>$INFO[system.addonicon(Skin.String(ShelfPictures.10.Label))]</thumb>
                    <onclick>RunAddon($INFO[Skin.String(ShelfPictures.10.Label)])</onclick>
                    <property name="ItemType">$LOCALIZE[111]</property>
                </item>
                <item id="11" description="Fav">
                    <visible>Skin.HasSetting(PicturesShelf_Custom)</visible>
                    <visible>!IsEmpty(Skin.String(ShelfPictures.11.Path))</visible>
                    <label>$INFO[Skin.String(ShelfPictures.11.Label)]</label>
                    <thumb>$INFO[Skin.String(ShelfPictures.11.Icon)]</thumb>
                    <onclick>$INFO[Skin.String(ShelfPictures.11.Path)]</onclick>
                    <property name="ItemType">$LOCALIZE[111]</property>
                </item>
                <item id="12" description="Fav">
                    <visible>Skin.HasSetting(PicturesShelf_Custom)</visible>
                    <visible>!IsEmpty(Skin.String(ShelfPictures.12.Path))</visible>
                    <label>$INFO[Skin.String(ShelfPictures.12.Label)]</label>
                    <thumb>$INFO[Skin.String(ShelfPictures.12.Icon)]</thumb>
                    <onclick>$INFO[Skin.String(ShelfPictures.12.Path)]</onclick>
                    <property name="ItemType">$LOCALIZE[111]</property>
                </item>
                <item id="13" description="Fav">
                    <visible>Skin.HasSetting(PicturesShelf_Custom)</visible>
                    <visible>!IsEmpty(Skin.String(ShelfPictures.13.Path))</visible>
                    <label>$INFO[Skin.String(ShelfPictures.13.Label)]</label>
                    <thumb>$INFO[Skin.String(ShelfPictures.13.Icon)]</thumb>
                    <onclick>$INFO[Skin.String(ShelfPictures.13.Path)]</onclick>
                    <property name="ItemType">$LOCALIZE[111]</property>
                </item>
                <item id="14" description="Fav">
                    <visible>Skin.HasSetting(PicturesShelf_Custom)</visible>
                    <visible>!IsEmpty(Skin.String(ShelfPictures.14.Path))</visible>
                    <label>$INFO[Skin.String(ShelfPictures.14.Label)]</label>
                    <thumb>$INFO[Skin.String(ShelfPictures.14.Icon)]</thumb>
                    <onclick>$INFO[Skin.String(ShelfPictures.14.Path)]</onclick>
                    <property name="ItemType">$LOCALIZE[111]</property>
                </item>
                <item id="15" description="Fav">
                    <visible>Skin.HasSetting(PicturesShelf_Custom)</visible>
                    <visible>!IsEmpty(Skin.String(ShelfPictures.15.Path))</visible>
                    <label>$INFO[Skin.String(ShelfPictures.15.Label)]</label>
                    <thumb>$INFO[Skin.String(ShelfPictures.15.Icon)]</thumb>
                    <onclick>$INFO[Skin.String(ShelfPictures.15.Path)]</onclick>
                    <property name="ItemType">$LOCALIZE[111]</property>
                </item>
            </content>
        </control>
            <control type="image">
                <visible>Control.HasFocus(314)</visible>
                <left>142</left>
                <top>489</top>
                <width>100</width>
                <height>10</height>
                <texture colordiffuse="$VAR[diffuseselectshelf]">images/dockfocus.png</texture>
                <aspectratio>stretch</aspectratio>
                <animation effect="fade" time="220">VisibleChange</animation>
                <animation condition="Container(314).Position(0)" effect="slide" start="0,0" end="0,0" time="220" easing="inout" reversible="true">Conditional</animation>
                <animation condition="Container(314).Position(1)" effect="slide" start="0,0" end="384,0" time="220" easing="inout" reversible="true">Conditional</animation>
                <animation condition="Container(314).Position(2)" effect="slide" start="0,0" end="768,0" time="220" easing="inout" reversible="true">Conditional</animation>
                <animation condition="Container(314).Position(3)" effect="slide" start="0,0" end="1152,0" time="220" easing="inout" reversible="true">Conditional</animation>
                <animation condition="Container(314).Position(4)" effect="slide" start="0,0" end="1536,0" time="220" easing="inout" reversible="true">Conditional</animation>
            </control>
        </control>
    </include>
    <include name="weather_shelf">
        <control type="group">
            <top>30</top>
            <visible>[Container(9000).HasFocus(345)]</visible>
            <include>ShelfFade</include>
            <!--<control type="label">-->
            <!--<left>83</left>-->
            <!--<top>10</top>-->
            <!--<width>1754</width>-->
            <!--<height>40</height>-->
            <!--<align>center</align>-->
            <!--<font>Size33B</font>-->
            <!--<info>Weather.Location</info>-->
            <!--</control>-->
            <control type="image">
                <left>75</left>
                <top>62</top>
                <width>1770</width>
                <height>366</height>
                <aspectratio>stretch</aspectratio>
                <texture border="30">images/weathersingle.png</texture>
            </control>
            <control type="list" id="399" description="TOP Weather">
                <visible>[Container(9000).HasFocus(345)]</visible>
                <onup>9009</onup>
                <ondown>9000</ondown>
                <onleft>9000</onleft>
                <onright>9000</onright>
                <orientation>horizontal</orientation>
                <left>85</left>
                <top>80</top>
                <width>1760</width>
                <height>418</height>
                <itemlayout width="250">
                    <include>WeatherCommons</include>
                </itemlayout>
                <focusedlayout width="250">
                    <include>WeatherCommons</include>
                </focusedlayout>
                <content>
                    <item id="0">
                        <label>33006</label>
                        <label2>Max:  $INFO[Window(Weather).Property(Day0.HighTemp)][CR]Min:  $INFO[Window(Weather).Property(Day0.LowTemp)]</label2>
                        <thumb>$INFO[Window(Weather).Property(Day0.FanartCode),weathershelf/,.png]</thumb>
                        <property name="conds">$INFO[Window(Weather).Property(Day0.Outlook)]</property>
                        <onclick>SetFocus(9000)</onclick>
                    </item>
                    <item id="1">
                        <label>$INFO[Window(Weather).Property(Day1.Title)]</label>
                        <label2>Max:  $INFO[Window(Weather).Property(Day1.HighTemp)][CR]Min:  $INFO[Window(Weather).Property(Day1.LowTemp)]</label2>
                        <thumb>$INFO[Window(Weather).Property(Day1.FanartCode),weathershelf/,.png]</thumb>
                        <property name="conds">$INFO[Window(Weather).Property(Day1.Outlook)]</property>
                        <onclick>SetFocus(9000)</onclick>
                    </item>
                    <item id="2">
                        <label>$INFO[Window(Weather).Property(Day2.Title)]</label>
                        <label2>Max:  $INFO[Window(Weather).Property(Day2.HighTemp)][CR]Min:  $INFO[Window(Weather).Property(Day2.LowTemp)]</label2>
                        <thumb>$INFO[Window(Weather).Property(Day2.FanartCode),weathershelf/,.png]</thumb>
                        <property name="conds">$INFO[Window(Weather).Property(Day2.Outlook)]</property>
                        <onclick>SetFocus(9000)</onclick>
                    </item>
                    <item id="3">
                        <label>$INFO[Window(Weather).Property(Day3.Title)]</label>
                        <label2>Max:  $INFO[Window(Weather).Property(Day3.HighTemp)][CR]Min:  $INFO[Window(Weather).Property(Day3.LowTemp)]</label2>
                        <thumb>$INFO[Window(Weather).Property(Day3.FanartCode),weathershelf/,.png]</thumb>
                        <property name="conds">$INFO[Window(Weather).Property(Day3.Outlook)]</property>
                        <onclick>SetFocus(9000)</onclick>
                    </item>
                    <item id="4">
                        <label>$INFO[Window(Weather).Property(Day4.Title)]</label>
                        <label2>Max:  $INFO[Window(Weather).Property(Day4.HighTemp)][CR]Min:  $INFO[Window(Weather).Property(Day4.LowTemp)]</label2>
                        <thumb>$INFO[Window(Weather).Property(Day4.FanartCode),weathershelf/,.png]</thumb>
                        <property name="conds">$INFO[Window(Weather).Property(Day4.Outlook)]</property>
                        <onclick>SetFocus(9000)</onclick>
                    </item>
                    <item id="5">
                        <label>$INFO[Window(Weather).Property(Day5.Title)]</label>
                        <label2>Max:  $INFO[Window(Weather).Property(Day5.HighTemp)][CR]Min:  $INFO[Window(Weather).Property(Day5.LowTemp)]</label2>
                        <thumb>$INFO[Window(Weather).Property(Day5.FanartCode),weathershelf/,.png]</thumb>
                        <property name="conds">$INFO[Window(Weather).Property(Day5.Outlook)]</property>
                        <onclick>SetFocus(9000)</onclick>
                    </item>
                    <item id="6">
                        <label>$INFO[Window(Weather).Property(Day6.Title)]</label>
                        <label2>Max:  $INFO[Window(Weather).Property(Day6.HighTemp)][CR]Min:  $INFO[Window(Weather).Property(Day6.LowTemp)]</label2>
                        <thumb>$INFO[Window(Weather).Property(Day6.FanartCode),weathershelf/,.png]</thumb>
                        <property name="conds">$INFO[Window(Weather).Property(Day6.Outlook)]</property>
                        <onclick>SetFocus(9000)</onclick>
                    </item>
                </content>
            </control>
            <control type="label">
                <right>60</right>
                <top>430</top>
                <width>1500</width>
                <height>30</height>
                <font>XS</font>
                <align>right</align>
                <textcolor>darkgray</textcolor>
                <shadowcolor></shadowcolor>
                <label>HomePage WeatherIcons by MerlinTheRed - http://goo.gl/VLuPi</label>
            </control>
            <control type="label">
                <left>60</left>
                <top>430</top>
                <width>1500</width>
                <height>30</height>
                <font>XS</font>
                <textcolor>darkgray</textcolor>
                <shadowcolor></shadowcolor>
                <label>$LOCALIZE[24029]: $INFO[Weather.plugin]</label>
            </control>
        </control>
    </include>
    <include name="Favsshelf">
        <control type="group">
            <control type="panel" id="319" description="TOP Shortcuts">
                <visible>[Container(9000).HasFocus(352) | Control.HasFocus(319)] + Container(9000).Row(0)</visible>
                <onfocus>SetFocus(9090)</onfocus>
                <onup>9090</onup>
                <ondown>9000</ondown>
                <onleft>319</onleft>
                <onright>319</onright>
                <include>FavShortcutsCommons</include>
                <content>favourites://</content>
            </control>
            <control type="button" id="9090" description="FakeButton">
                <visible>Container(9000).HasFocus(352)</visible>
                <left>-20</left>
                <top>-20</top>
                <height>100</height>
                <width>1000</width>
                <texturefocus>-</texturefocus>
                <texturenofocus>-</texturenofocus>
                <font>Size33</font>
                <onup>noop</onup>
                <ondown>9000</ondown>
                <onleft>Control.Move(319,-1)</onleft>
                <onright>Control.Move(319,1)</onright>
                <label>-</label>
                <onclick>$INFO[Container(319).ListItem.FileNameAndPath]</onclick>
            </control>
            <control type="image">
                <visible>Control.HasFocus(319) | Control.HasFocus(9090)</visible>
                <left>110</left>
                <top>489</top>
                <width>100</width>
                <height>10</height>
                <texture colordiffuse="$VAR[diffuseselectshelf]">images/dockfocus.png</texture>
                <aspectratio>stretch</aspectratio>
                <animation effect="fade" time="220">VisibleChange</animation>
                <animation condition="Container(319).Position(0)" effect="slide" start="0,0" end="0,0" time="220" easing="inout" reversible="true">Conditional</animation>
                <animation condition="Container(319).Position(1) | Container(319).Position(7) | Container(319).Position(13)" effect="slide" start="0,0" end="320,0" time="220" easing="inout" reversible="true">Conditional</animation>
                <animation condition="Container(319).Position(2) | Container(319).Position(8) | Container(319).Position(14)" effect="slide" start="0,0" end="640,0" time="220" easing="inout" reversible="true">Conditional</animation>
                <animation condition="Container(319).Position(3) | Container(319).Position(9) | Container(319).Position(15)" effect="slide" start="0,0" end="960,0" time="220" easing="inout" reversible="true">Conditional</animation>
                <animation condition="Container(319).Position(4) | Container(319).Position(10) | Container(319).Position(16)" effect="slide" start="0,0" end="1280,0" time="220" easing="inout" reversible="true">Conditional</animation>
                <animation condition="Container(319).Position(5) | Container(319).Position(11) | Container(319).Position(17)" effect="slide" start="0,0" end="1600,0" time="220" easing="inout" reversible="true">Conditional</animation>
            </control>
        </control>
    </include>
    <include name="EPG_shelf">
        <control type="group">
            <control type="label" description="Top Label">
                <visible>Container(9000).HasFocus(355) + Control.IsVisible(311)</visible>
                <include>ShelfFade</include>
                <include>ShelfTitle</include>
                <label> $VAR[shelflabel]</label>
            </control>
            <control type="list" id="311" description="EPG Shelf">
                <visible>Container(9000).HasFocus(355)</visible>
                <onup>noop</onup>
                <ondown>9000</ondown>
                <onleft>311</onleft>
                <onright>311</onright>
                <include>EpisodeNextCommons</include>
                <content>pvr://recordings</content>
            </control>
            <include>movshelslider</include>
        </control>
    </include>
</includes>
