<?xml version="1.0" encoding="UTF-8"?>
<window id="100">
    <defaultcontrol always="true">10</defaultcontrol>
    <allowoverlay>yes</allowoverlay>
    <include>DialogOpenClose</include>
    <controls>
        <control type="image">
            <centerleft>960</centerleft>
            <centertop>540</centertop>
            <width>1300</width>
            <height>600</height>
            <texture border="150">images/Dialog.png</texture>
        </control>
        <control type="group">
            <left>480</left>
            <top>380</top>
            <control type="image">
            <left>480</left>
            <top>251</top>
            <width>1</width>
            <height>74</height>
            <texture colordiffuse="55FFFFFF">lines/LineV1.png</texture>
        </control>
        <control type="image">
            <top>250</top>
            <width>960</width>
            <height>1</height>
            <texture colordiffuse="77FFFFFF">lines/LineSH.png</texture>
        </control>
            <control type="label" id="1" description="Heading">
                <label></label>
                <width>960</width>
                <font>size30B</font>
                <align>center</align>
            </control>
            <control type="textbox" id="9" description="content">
                <left>0</left>
                <top>88</top>
                <label>-</label>
                <width>960</width>
                <height>270</height>
                <align>center</align>
                <!--<textcolor>FFFF0000</textcolor>-->
                <autoscroll>false</autoscroll>
            </control>
            <control type="button" id="10" description="No">
                <left>0</left>
                <top>250</top>
                <width>480</width>
                <label>106</label>
                <onleft>11</onleft>
                <onright>11</onright>
                <onup>10</onup>
                <ondown>10</ondown>
            </control>
            <control type="button" id="11" description="Yes">
                <left>480</left>
                <top>250</top>
                <width>480</width>
                <label>107</label>
                <onleft>10</onleft>
                <onright>10</onright>
                <onup>11</onup>
                <ondown>11</ondown>
            </control>
        </control>
    </controls>
</window>
