<?xml version="1.0" encoding="UTF-8"?>
<window>
    <defaultcontrol always="true">13</defaultcontrol>
    <backgroundcolor>background</backgroundcolor>
    <include>DialogOpenClose</include>
    <controls>
        <visible>!Window.IsVisible(FileBrowser)</visible>
        <control type="image" description="Dialog">
            <centerleft>960</centerleft>
            <centertop>540</centertop>
            <width>1960</width>
            <height>1150</height>
            <aspectratio>stretch</aspectratio>
            <texture border="150">images/Dialog.png</texture>
        </control>
        <control type="image">
            <left>595</left>
            <top>250</top>
            <width>1</width>
            <height>724</height>
            <texture>lines/LineV.png</texture>
        </control>
        <control type="image">
            <left>1064</left>
            <top>250</top>
            <width>1</width>
            <height>724</height>
            <texture>lines/LineV.png</texture>
        </control>
        <control type="image">
            <left>1534</left>
            <top>250</top>
            <width>1</width>
            <height>724</height>
            <texture>lines/LineV.png</texture>
        </control>
        <control type="image">
            <left>120</left>
            <top>250</top>
            <width>1680</width>
            <height>1</height>
            <texture>lines/Line.png</texture>
        </control>
        <control type="label">
            <description>WindowsTopInfos</description>
            <left>90</left>
            <top>30</top>
            <width>1740</width>
            <height>40</height>
            <label>19143</label>
            <align>center</align>
            <aligny>center</aligny>
            <textcolor>orange</textcolor>
        </control>
        <control type="group">
            <top>50</top>
            <control type="group">
                <description>Group list</description>
                <left>120</left>
                <top>80</top>
                <control type="label">
                    <description>name label</description>
                    <top>55</top>
                    <width>460</width>
                    <height>60</height>
                    <font>size26</font>
                    <label>19146</label>
                    <align>center</align>
                    <aligny>center</aligny>
                </control>
                <control type="list" id="13">
                    <top>120</top>
                    <width>474</width>
                    <height>720</height>
                    <onup>13</onup>
                    <ondown>13</ondown>
                    <onleft>29</onleft>
                    <onright>11</onright>
                    <pagecontrol>-</pagecontrol>
                    <scrolltime>200</scrolltime>
                    <itemlayout height="60">
                        <control type="label">
                            <left>10</left>
                            <width>474</width>
                            <height>60</height>
                            <font>size26</font>
                            <align>left</align>
                            <aligny>center</aligny>
                            <selectedcolor>selected</selectedcolor>
                            <info>ListItem.Label</info>
                        </control>
                        <include>listline</include>
                    </itemlayout>
                    <focusedlayout height="60">
                        <control type="image">
                            <width>474</width>
                            <height>60</height>
                            <texture>images/white.png</texture>
                            <colordiffuse>445555FF</colordiffuse>
                            <visible>Control.HasFocus(13)</visible>
                        </control>
                        <control type="label">
                            <left>10</left>
                            <width>474</width>
                            <height>60</height>
                            <font>size26</font>
                            <align>left</align>
                            <aligny>center</aligny>
                            <textcolor>orange</textcolor>
                            <info>ListItem.Label</info>
                        </control>
                        <include>listline</include>
                    </focusedlayout>
                </control>
            </control>
            <control type="group">
                <description>Channels list</description>
                <left>596</left>
                <top>80</top>
                <control type="label">
                    <description>name label</description>
                    <top>55</top>
                    <width>468</width>
                    <height>60</height>
                    <font>size26</font>
                    <align>center</align>
                    <aligny>center</aligny>
                    <info>Control.GetLabel(21)</info>
                </control>
                <control type="list" id="11">
                    <top>120</top>
                    <width>468</width>
                    <height>720</height>
                    <onup>11</onup>
                    <ondown>11</ondown>
                    <onleft>13</onleft>
                    <onright>12</onright>
                    <pagecontrol>-</pagecontrol>
                    <scrolltime>200</scrolltime>
                    <itemlayout height="60">
                        <control type="label">
                            <left>60</left>
                            <width>408</width>
                            <height>60</height>
                            <font>size26</font>
                            <align>left</align>
                            <aligny>center</aligny>
                            <textcolor>maindim</textcolor>
                            <label>$INFO[ListItem.Channelnumber,(,) - ]$INFO[ListItem.ChannelName]</label>
                        </control>
                        <control type="image">
                            <top>10</top>
                            <left>10</left>
                            <width>40</width>
                            <height>40</height>
                            <texture fallback="images/white.png" border="3">$INFO[ListItem.Icon]</texture>
                        </control>
                        <include>listline</include>
                    </itemlayout>
                    <focusedlayout height="60">
                        <control type="image">
                            <width>468</width>
                            <height>60</height>
                            <texture>images/white.png</texture>
                            <colordiffuse>445555FF</colordiffuse>
                            <visible>Control.HasFocus(11)</visible>
                        </control>
                        <control type="label">
                            <left>60</left>
                            <width>408</width>
                            <height>60</height>
                            <font>size26</font>
                            <align>left</align>
                            <aligny>center</aligny>
                            <textcolor>maindim</textcolor>
                            <label>$INFO[ListItem.Channelnumber,(,) - ]$INFO[ListItem.ChannelName]</label>
                        </control>
                        <control type="image">
                            <top>10</top>
                            <left>10</left>
                            <width>40</width>
                            <height>40</height>
                            <texture fallback="images/white.png" border="3">$INFO[ListItem.Icon]</texture>
                        </control>
                        <include>listline</include>
                    </focusedlayout>
                </control>
            </control>
            <control type="group">
                <description>Grouped Channels list</description>
                <left>1066</left>
                <top>80</top>
                <control type="label">
                    <description>name label</description>
                    <top>55</top>
                    <width>468</width>
                    <height>60</height>
                    <font>size26</font>
                    <align>center</align>
                    <aligny>center</aligny>
                    <info>Control.GetLabel(22)</info>
                </control>
                <control type="list" id="12">
                    <top>120</top>
                    <width>468</width>
                    <height>720</height>
                    <onup>12</onup>
                    <ondown>12</ondown>
                    <onleft>11</onleft>
                    <onright>29</onright>
                    <pagecontrol>-</pagecontrol>
                    <scrolltime>200</scrolltime>
                    <itemlayout height="60">
                        <control type="label">
                            <left>60</left>
                            <width>408</width>
                            <height>60</height>
                            <font>size26</font>
                            <align>left</align>
                            <aligny>center</aligny>
                            <textcolor>maindim</textcolor>
                            <label>$INFO[ListItem.ChannelNumber,(,) - ]$INFO[ListItem.ChannelName]</label>
                        </control>
                        <control type="image">
                            <top>10</top>
                            <left>10</left>
                            <width>40</width>
                            <height>40</height>
                            <texture fallback="images/white.png" border="3">$INFO[ListItem.Icon]</texture>
                        </control>
                        <include>listline</include>
                    </itemlayout>
                    <focusedlayout height="60">
                        <control type="image">
                            <width>468</width>
                            <height>60</height>
                            <texture>images/white.png</texture>
                            <colordiffuse>445555FF</colordiffuse>
                            <visible>Control.HasFocus(12)</visible>
                        </control>
                        <control type="label">
                            <left>60</left>
                            <width>408</width>
                            <height>60</height>
                            <font>size26</font>
                            <align>left</align>
                            <aligny>center</aligny>
                            <textcolor>maindim</textcolor>
                            <label>$INFO[ListItem.ChannelNumber,(,) - ]$INFO[ListItem.ChannelName]</label>
                        </control>
                        <control type="image">
                            <top>10</top>
                            <left>10</left>
                            <width>40</width>
                            <height>40</height>
                            <texture fallback="images/white.png" border="3">$INFO[ListItem.Icon]</texture>
                        </control>
                        <include>listline</include>
                    </focusedlayout>
                </control>
            </control>
        </control>
        <control type="grouplist" id="9000">
            <left>1535</left>
            <top>251</top>
            <width>266</width>
            <height>330</height>
            <itemgap>2</itemgap>
            <align>center</align>
            <orientation>vertical</orientation>
            <onleft>12</onleft>
            <onright>13</onright>
            <onup>9000</onup>
            <ondown>9000</ondown>
            <control type="button" id="29">
                <description>OK</description>
                <width>266</width>
                <height>80</height>
                <font>font13</font>
                <texturefocus>images/white.png</texturefocus>
                <colordiffuse>445555FF</colordiffuse>
                <label>186</label>
            </control>
            <control type="button" id="26">
                <description>Add Group</description>
                <width>266</width>
                <height>80</height>
                <font>font13</font>
                <texturefocus>images/white.png</texturefocus>
                <colordiffuse>445555FF</colordiffuse>
                <label>$LOCALIZE[31060] $LOCALIZE[19141]</label>
            </control>
            <control type="button" id="27">
                <description>Rename Group</description>
                <width>266</width>
                <height>80</height>
                <font>font13</font>
                <texturefocus>images/white.png</texturefocus>
                <colordiffuse>445555FF</colordiffuse>
                <label>$LOCALIZE[118] $LOCALIZE[19141]</label>
            </control>
            <control type="button" id="28">
                <description>Delete Group</description>
                <width>266</width>
                <height>80</height>
                <font>font13</font>
                <texturefocus>images/white.png</texturefocus>
                <colordiffuse>445555FF</colordiffuse>
                <label>$LOCALIZE[117] $LOCALIZE[19141]</label>
            </control>
        </control>
        <orientation>horizontal</orientation>
        <align>center</align>
        <control type="label">
            <description>Selected Group label</description>
            <left>170</left>
            <top>96</top>
            <width>1580</width>
            <align>center</align>
            <label>[COLOR ]$LOCALIZE[19207][/COLOR] $INFO[Control.GetLabel(20)]</label>
        </control>
        <control type="label" id="20">
            <description>Fake Label</description>
            <visible>false</visible>
        </control>
        <control type="label" id="22">
            <description>Fake Label</description>
            <visible>false</visible>
        </control>
        <control type="label" id="21">
            <description>Fake Label</description>
            <visible>false</visible>
        </control>
    </controls>
</window>
