<?xml version="1.0" encoding="UTF-8"?>
<window id="107">
    <type>dialog</type>
    <zorder>2</zorder>
    <allowoverlay>no</allowoverlay>
    <backgroundcolor>background</backgroundcolor>
    <controls>
        <control type="group">
            <animation effect="slide" end="0,-138" condition="Window.IsActive(DialogExtendedProgressBar.xml)">Conditional</animation>
            <left>1190</left>
            <top>944</top>
            <animation effect="fade" start="0" end="100" time="500">WindowOpen</animation>
            <animation effect="fade" start="100" end="0" time="500">WindowClose</animation>
            <control type="image" description="Dialog BG">
                <width>720</width>
                <height>128</height>
                <texture border="25">images/notification.png</texture>
                <colordiffuse>main</colordiffuse>
            </control>
            <control type="group">
                <left>20</left>
                <top>17</top>
                <control type="image" id="400" description="File Icon">
                    <width>90</width>
                    <height>90</height>
                    <aspectratio>keep</aspectratio>
                    <texture>DefaultIconInfo.png</texture>
                </control>
                <control type="image" id="403" description="Default Icon">
                    <width>90</width>
                    <height>90</height>
                    <aspectratio>keep</aspectratio>
                    <visible>false</visible>
                    <texture>DefaultIconInfo.png</texture>
                </control>
                <control type="image" id="404" description="Default Warning">
                    <width>90</width>
                    <height>90</height>
                    <aspectratio>keep</aspectratio>
                    <visible>false</visible>
                    <texture>DefaultIconWarning.png</texture>
                </control>
                <control type="image" id="405" description="Default Error">
                    <width>80</width>
                    <height>80</height>
                    <aspectratio>keep</aspectratio>
                    <visible>false</visible>
                    <texture>DefaultIconError.png</texture>
                </control>
            </control>
            <control type="label" id="401" description="Heading">
                <top>20</top>
                <left>130</left>
                <width>575</width>
                <height>44</height>
                <font>size21</font>
                <align>left</align>
                <aligny>center</aligny>
                <textcolor>inverted</textcolor>
                <shadowcolor>-</shadowcolor>
                <label>-</label>
            </control>
            <control type="label" id="402" description="Message">
                <left>130</left>
                <top>64</top>
                <width>575</width>
                <height>44</height>
                <font>size21</font>
                <align>left</align>
                <aligny>center</aligny>
                <textcolor>inverted</textcolor>
                <shadowcolor>-</shadowcolor>
                <label>-</label>
            </control>
        </control>
    </controls>
</window>
