<?xml version="1.0" encoding="UTF-8"?>
<includes>
    <include name="homepanel">
        <!--VADDONS IF BOTH MOVIE AND TVSHOWS HIDDEN-->
        <!--SOURCES IF NO LIBRARY-->
        <item id="339">
            <visible>!Skin.HasSetting(hideSources) + ![Library.HasContent(Movies) | Library.HasContent(TVShows)]</visible>
            <thumb>icons/sources.png</thumb>
            <label>[COLOR black]20094[/COLOR]</label>
            
            <onclick>activatewindow(1115)</onclick>
        </item>
        <!--<item id="0">-->
            <!--&lt;!&ndash;<visible>StringCompare(Window(Home).Property(HomeSetMode),program)</visible>&ndash;&gt;-->
            <!--<thumb>icons/netatmo.png</thumb>-->
            <!--<label>[COLOR black]$INFO[Window(Home).Property(netatmo_HomeTemperature),,°] / $INFO[Window(Home).Property(netatmo_HomeSetTemperature),,°][/COLOR]</label>-->
            <!--<property name="color">orange</property>>-->
            <!--&lt;!&ndash;<property name="unwatched"></property>&ndash;&gt;-->
            <!--<onclick>RunScript(service.netatmo.thermostat)</onclick>-->
        <!--</item>-->
		        <!--LIVE TV-->
			<item id="502" description="Custom script">
            <thumb>$INFO[Skin.String(HomeAddon.9.Icon)]</thumb>
            <label>[COLOR black][COLOR black]Live TV[/COLOR][/COLOR]</label>
            <onclick>ActivateWindow(TvChannels)</onclick>
            <visible>!Pvr.IsRecording + System.GetBool(pvrmanager.enabled) + !Skin.HasSetting(PVRhide)</visible>
        </item>
        <!--LIVE TV RECORDING-->
        <item id="355">
            <thumb>$INFO[Skin.String(L.1.Icon)]</thumb>
            <label>[COLOR black]$INFO[Pvr.NowRecordingTitle][/COLOR]</label>
            
            <onclick>ActivateWindow(1718)</onclick>
            <visible>Pvr.IsRecording + System.GetBool(pvrmanager.enabled) + !Skin.HasSetting(PVRhide)</visible>
        </item>
        <!--MOVIES-->
            <item id="340">
            <visible>!Skin.HasSetting(hidemovie) + Library.HasContent(Movies)</visible>
            <thumb>icons/movies.png</thumb>
            <label>[COLOR black]342[/COLOR]</label>
            
            <property name="unwatched">$INFO[Window(Home).Property(Movies.UnWatched)]</property>
            <onclick condition="Skin.HasSetting(no3d)">ActivateWindow(Videos,"special://skin/resources/no3d.xsp",return)</onclick>
            <onclick condition="!Skin.HasSetting(no3d)">ActivateWindow(Videos,MovieTitles,return)</onclick>
            <!--<onclick>RunScript(plugin.netatmo.thermostat)</onclick>-->
        </item>
        <!--TV SHOWS-->
        <item id="341">
            <visible>!Skin.HasSetting(hidetv) + Library.HasContent(TVShows)</visible>
            <thumb>icons/tvshows.png</thumb>
            <label>[COLOR black]20343[/COLOR]</label>
            
            <property name="unwatched">$INFO[Window(Home).Property(Episodes.UnWatched)]</property>
            <onclick>ActivateWindow(VideoLibrary,TVShowTitles,return)</onclick>
        </item>
        <!--MUSIC-->
        <item id="342">
            <visible>!Skin.HasSetting(hidemusic)</visible>
            <thumb>icons/music.png</thumb>
            <label>[COLOR black]$VAR[musiclabel][/COLOR]</label>
            
            <onclick condition="StringCompare(Skin.String(MusicLink),Playlist)">PlayerControl(Partymode(music))</onclick>
            <onclick condition="!StringCompare(Skin.String(MusicLink),Playlist)">ActivateWindow(502,$INFO[Skin.String(MusicLink)],return)</onclick>
            <onclick condition="!Library.HasContent(Music)">ActivateWindow(501,root)</onclick>
        </item>
		<item id="403" description="Custom addon">
                    <visible>!IsEmpty(Skin.String(HomeAddon.3.Label))</visible>
                    <thumb>$INFO[Skin.String(HomeAddon.3.Icon)]</thumb>
                    <label2>[COLOR black]$INFO[system.addonicon(Skin.String(HomeAddon.3.label))][/COLOR]</label2>
                    <label>[COLOR black][COLOR black]TOOT TV[/COLOR][/COLOR]</label>
                    
                    <onclick>PlayMedia(&quot;plugin://plugin.video.dailymotion_com/?url=x2gwi1b&amp;mode=playVideo&quot;)</onclick>
                </item>	
				<item id="401" description="Custom addon">
                    <visible>!IsEmpty(Skin.String(HomeAddon.1.Label))</visible>
                    <thumb>$INFO[Skin.String(HomeAddon.1.Icon)]</thumb>
                    <label2>[COLOR black]$INFO[system.addonicon(Skin.String(HomeAddon.1.label))][/COLOR]</label2>
                    <label>[COLOR black][COLOR black]$INFO[system.addonTitle(Skin.String(HomeAddon.1.Label))][/COLOR][/COLOR]</label>
                    
                    <onclick>RunAddon($INFO[Skin.String(HomeAddon.1.Label)])</onclick>
                </item>			   
				<item id="402" description="Custom addon">
                    <visible>!IsEmpty(Skin.String(HomeAddon.2.Label))</visible>
                    <thumb>$INFO[Skin.String(HomeAddon.2.Icon)]</thumb>
                    <label2>[COLOR black][COLOR black]$INFO[system.addonicon(Skin.String(HomeAddon.2.label))][/COLOR][/COLOR]</label2>
                    <label>[COLOR black]HayMusic[/COLOR]</label>
                    
                    <onclick>ActivateWindow(10025,&quot;plugin://plugin.video.youtube/channel/UCj6mCP82RqPIYKTF2-valew/playlist/PLqQyBObAWfy-fEfk26siQhXwMFMq_vf62/&quot;,return)</onclick>
                </item>
				<item id="404" description="Custom addon">
                    <visible>!IsEmpty(Skin.String(HomeAddon.4.Label))</visible>
                    <thumb>$INFO[Skin.String(HomeAddon.4.Icon)]</thumb>
                    <label2>[COLOR black]$INFO[system.addonicon(Skin.String(HomeAddon.4.label))][/COLOR]</label2>
                    <label>[COLOR black]RusKino[/COLOR]</label>
                    
                    <onclick>RunAddon($INFO[Skin.String(HomeAddon.4.Label)])</onclick>
                </item>
			<item id="405" description="Custom addon">
            <visible>!IsEmpty(Skin.String(HomeAddon.5.Label))</visible>
            <thumb>$INFO[Skin.String(HomeAddon.5.Icon)]</thumb>
            <label2>[COLOR black]$INFO[system.addonicon(Skin.String(HomeAddon.5.label))][/COLOR]</label2>
            <label>[COLOR black]$INFO[system.addonTitle(Skin.String(HomeAddon.5.Label))][/COLOR]</label>
            
            <onclick>RunAddon($INFO[Skin.String(HomeAddon.5.Label)])</onclick>
        </item>
			<item id="606" description="Custom Fvourite">
            <visible>!IsEmpty(Skin.String(HomeFav.6.Label))</visible>
            <thumb>$INFO[Skin.String(HomeFav.6.Icon)]</thumb>
            <label>[COLOR black]HAYbox Update[/COLOR]</label>
            
            <onclick>$INFO[Skin.String(HomeFav.6.Path)]</onclick>
        </item>
        <item id="406" description="Custom addon">
            <visible>!IsEmpty(Skin.String(HomeAddon.6.Label))</visible>
            <thumb>$INFO[Skin.String(HomeAddon.6.Icon)]</thumb>
            <label2>[COLOR black]$INFO[system.addonicon(Skin.String(HomeAddon.6.label))][/COLOR]</label2>
            <label>[COLOR black]$INFO[system.addonTitle(Skin.String(HomeAddon.6.Label))][/COLOR]</label>
            <onclick>RunAddon($INFO[Skin.String(HomeAddon.6.Label)])</onclick>
        </item>
		        <item id="406" description="Custom addon">
            <visible>!IsEmpty(Skin.String(HomeAddon.7.Label))</visible>
            <thumb>$INFO[Skin.String(HomeAddon.7.Icon)]</thumb>
            <label2>[COLOR black]$INFO[system.addonicon(Skin.String(HomeAddon.7.label))][/COLOR]</label2>
            <label>[COLOR black]Stop[/COLOR]</label>
            <onclick>ActivateWindow(shutdownmenu)</onclick>
        </item>
        <!--SHELF POPULATING CUSTOM FAVOURITES-->
        <item id="607" description="Custom Fvourite">
            <visible>!IsEmpty(Skin.String(HomeFav.7.Label))</visible>
            <thumb>$INFO[Skin.String(HomeFav.7.Icon)]</thumb>
            <label>[COLOR black]Films & Series[/COLOR]</label>
            
            <onclick>$INFO[Skin.String(HomeFav.7.Path)]</onclick>
        </item>
        <item id="608" description="Custom Fvourite">
            <visible>!IsEmpty(Skin.String(HomeFav.8.Label))</visible>
            <thumb>$INFO[Skin.String(HomeFav.8.Icon)]</thumb>
            <label>[COLOR black]Kids[/COLOR]</label>
            
            <onclick>$INFO[Skin.String(HomeFav.8.Path)]</onclick>
        </item>
        <!--FAVOURITES-->
        <item id="352">
            <visible>!Skin.HasSetting(hidefav)</visible>
            <thumb>icons/favs.png</thumb>
            <label>[COLOR black]$LOCALIZE[1036][/COLOR]</label>
            
            <onclick>ActivateWindow(134)</onclick>
        </item>
        <!--PICTURES-->
        <item id="344">
            <visible>!Skin.HasSetting(hidepic)</visible>
            <thumb>icons/photos.png</thumb>
            <label>[COLOR black]1[/COLOR]</label>
            
            <onclick>ActivateWindow(2)</onclick>
        </item>
        <!--WEATHER-->
        <!--todo setting to swithc between page or shelf maps-->
        <item id="345">
            <visible>!Skin.HasSetting(hidewtr)</visible>
            <property name="weatherthumb">$INFO[Window(weather).Property(Current.FanartCode),weathershelf/,.png]</property>
            <label>[COLOR black]$INFO[Weather.Temperature][/COLOR]</label>
            
            <onclick condition="IsEmpty(Weather.plugin)">activatewindow(WeatherSettings)</onclick>
            <onclick condition="!IsEmpty(Weather.plugin)">ActivateWindow(MyWeather)</onclick>
            <!--<onclick condition="!IsEmpty(Weather.plugin)">SetFocus(414)</onclick>-->
        </item>
        <!--NEXT AIblack ADDON-->
        <item id="358">
            <visible>!Skin.HasSetting(nextair) + System.HasAddon(script.tv.show.next.aiblack) + Library.HasContent(TVShows)</visible>
            <thumb>icons/nextaiblack.png</thumb>
            <label>[COLOR black]$ADDON[script.tv.show.next.aiblack 32019][/COLOR]</label>
            
            <property name="unwatched">$INFO[Window(Home).Property(NextAiblack.TodayTotal)]</property>
            <onclick>RunAddon(script.tv.show.next.aiblack)</onclick>
        </item>
        <!--GLOBAL SEARCH ADDON-->
        <item id="356">
            <visible>!Skin.HasSetting(sear)</visible>
            <thumb>icons/search.png</thumb>
            <label>[COLOR black]137[/COLOR]</label>
            <property name="color">lightblue</property>
            <onclick>RunAddon(script.globalsearch)</onclick>
        </item>
         <!--3D MOVIES-->
        <item id="357">
            <visible>Skin.HasSetting(3dmovs)</visible>
            <thumb>icons/3d.png</thumb>
            <label>[COLOR black]3D $LOCALIZE[342][/COLOR]</label>
            <property name="color">bluegray</property>
            <onclick>ActivateWindow(Videos,"special://skin/resources/all3d.xsp", return)</onclick>
        </item>
        <!--EXTENDEDINFO-->
        <item id="359">
            <visible>Skin.HasSetting(showtheater) + System.HasAddon(script.extendedinfo)</visible>
            <thumb>icons/extendedinfotheater.png</thumb>
            <label>[COLOR black]31422[/COLOR]</label>
            <property name="color">orange</property>
            <onclick>SetFocus(700)</onclick>
        </item>
         <!--EXTENDEDINFO2-->
        <item id="360">
            <visible>Skin.HasSetting(showdvdrel) + System.HasAddon(script.extendedinfo)</visible>
            <thumb>icons/extendedinfodvd.png</thumb>
            <label>[COLOR black]31423[/COLOR]</label>
            <property name="color">green3</property>
            <onclick>SetFocus(700)</onclick>
        </item>
        <!--CUSTOM-->
        <item id="601" description="Custom Fvourite">
            <visible>!IsEmpty(Skin.String(HomeFav.1.Label))</visible>
            <thumb>$INFO[Skin.String(HomeFav.1.Icon)]</thumb>
            <label>[COLOR black]Sports[/COLOR]</label>
            
            <onclick>$INFO[Skin.String(HomeFav.1.Path)]</onclick>
        </item>
        <item id="602" description="Custom Fvourite">
            <visible>[COLOR black]!IsEmpty(Skin.String(HomeFav.2.Label))[/COLOR]</visible>
            <thumb>$INFO[Skin.String(HomeFav.2.Icon)]</thumb>
            <label>[COLOR black][COLOR black]Music[/COLOR][/COLOR]</label>
            
            <onclick>$INFO[Skin.String(HomeFav.2.Path)]</onclick>
        </item>
			<item id="605" description="Custom Fvourite">
            <visible>!IsEmpty(Skin.String(HomeFav.2.Label))</visible>
            <thumb>$INFO[Skin.String(HomeFav.2.Icon)]</thumb>
            <label>[COLOR black]Muziek[/COLOR]</label>
            
            <onclick>$INFO[Skin.String(HomeFav.2.Path)]</onclick>
        </item>
        <item id="603" description="Custom Fvourite">
            <visible>!IsEmpty(Skin.String(HomeFav.3.Label))</visible>
            <thumb>$INFO[Skin.String(HomeFav.3.Icon)]</thumb>
            <label>[COLOR black]Programma[/COLOR]</label>
            
            <onclick>$INFO[Skin.String(HomeFav.3.Path)]</onclick>
        </item>
        <item id="604" description="Custom Fvourite">
            <visible>!IsEmpty(Skin.String(HomeFav.4.Label))</visible>
            <thumb>$INFO[Skin.String(HomeFav.4.Icon)]</thumb>
            <label>[COLOR black]$INFO[Skin.String(HomeFav.4.Label)][/COLOR]</label>
            
            <onclick>$INFO[Skin.String(HomeFav.4.Path)]</onclick>
        </item>
        <item id="605" description="Custom Fvourite">
            <visible>!IsEmpty(Skin.String(HomeFav.5.Label))</visible>
            <thumb>$INFO[Skin.String(HomeFav.5.Icon)]</thumb>
            <label>[COLOR black]$INFO[Skin.String(HomeFav.5.Label)][/COLOR]</label>
            
            <onclick>$INFO[Skin.String(HomeFav.5.Path)]</onclick>
        </item>
        <!--SOURCES-->
        <item id="347">
            <visible>!Skin.HasSetting(hideSources) + [Library.HasContent(Movies) | Library.HasContent(TVShows)]</visible>
            <thumb>icons/sources.png</thumb>
            <label>[COLOR black]20094[/COLOR]</label>
            
            <onclick>activatewindow(1115)</onclick>
        </item>
        <!--VIDEOROOT-->
        <item id="361">
            <visible>!Skin.HasSetting(hidevidroot)</visible>
            <thumb>icons/vidroot.png</thumb>
            <label>[COLOR black]3[/COLOR]</label>
            
            <onclick>ActivateWindow(video,root,return)</onclick>
        </item>
        <!--FILE BROWSER-->
        <item id="353">
            <visible>!Skin.HasSetting(hidebro)</visible>
            <thumb>$INFO[Skin.String(HomeAddon.8.Icon)]</thumb>
            <label>[COLOR black]USB[/COLOR]</label>
            <onclick>ActivateWindow(3)</onclick>
        </item>
        <!--DVD-->
        <item id="354">
            <visible>![System.Platform.ios | System.Platform.atv2]</visible>
            <visible>!Skin.HasSetting(XBMC3)</visible>
            <visible>System.HasMediadvd</visible>
            <thumb>icons/DVD.png</thumb>
            <label>[COLOR black]$INFO[System.DVDLabel][/COLOR]</label>
            
            <onclick>ActivateWindow(1112)</onclick>
        </item>
		        <!--FULLSCREEN-->
        <item id="349">
            <visible>Player.HasMedia</visible>
            <thumb>icons/full.png</thumb>
            <label>[COLOR black]Fullscreen[/COLOR]</label>
            <property name="color">red</property>
            <onclick condition="Player.HasMedia">Fullscreen</onclick>
        </item>
        <!--SETTINGS-->
		<item id="502" description="Custom script">
            <thumb>$INFO[Skin.String(HomeAddon.10.Icon)]</thumb>
            <label>[COLOR black]Instellingen[/COLOR]</label>
            <onclick>ActivateWindow(1120)</onclick>
            <visible>!Skin.HasSetting(hidesett)</visible>
        </item>
        <!--VIDEO GUIDES-->
        <item id="3490">
            <visible>!Skin.HasSetting(hidevidhelp)</visible>
            <thumb>icons/qmark.png</thumb>
            <label>[COLOR black]$LOCALIZE[10043][/COLOR]</label>
            <property name="color">orange</property>
            <onclick>ActivateWindow(1111)</onclick>
        </item>
    </include>
</includes>