<?xml version="1.0" encoding="UTF-8"?>
<window>
    <views>10,11,12</views>
    <defaultcontrol>10</defaultcontrol>
    <allowoverlay>no</allowoverlay>
    <backgroundcolor>background</backgroundcolor>
    <include>OpenClose</include>
    <controls>
        <control type="label" id="29">
            <description>passes the values up one level</description>
            <visible>False</visible>
        </control>
        <control type="label" id="30">
            <description>passes the values up one level</description>
            <visible>False</visible>
        </control>
        <control type="group">
            <description>Timeline Media Window</description>
            <visible>Control.IsVisible(10) | Control.IsVisible(13)</visible>
            <left>1250</left>
            <top>60</top>
            <control type="image">
                <visible>!Player.HasMedia</visible>
                <left>5</left>
                <top>5</top>
                <width>610</width>
                <height>400</height>
                <texture>pvr/tvset.png</texture>
            </control>
            <control type="image">
                <visible>Player.HasMedia</visible>
                <left>0</left>
                <top>0</top>
                <width>620</width>
                <height>410</height>
                <texture>images/black.png</texture>
            </control>
            <control type="videowindow">
                <left>5</left>
                <top>5</top>
                <width>610</width>
                <height>400</height>
                <visible>Player.HasVideo</visible>
            </control>
            <control type="visualisation">
                <left>5</left>
                <top>5</top>
                <width>610</width>
                <height>400</height>
                <visible>Player.HasAudio</visible>
            </control>
        </control>
        <control type="group">
            <description>Small Media Window</description>
            <include>Icon_Fade</include>
            <visible>Control.IsVisible(11) | Control.IsVisible(12)</visible>
            <control type="image">
                <visible>!Player.HasMedia</visible>
                <left>120</left>
                <top>80</top>
                <width>760</width>
                <height>495</height>
                <texture>pvr/tvset.png</texture>
            </control>
            <control type="videowindow">
                <left>120</left>
                <top>80</top>
                <width>760</width>
                <height>495</height>
                <visible>Player.HasVideo</visible>
            </control>
            <control type="visualisation">
                <left>120</left>
                <top>80</top>
                <width>760</width>
                <height>495</height>
                <visible>Player.HasAudio</visible>
            </control>
        </control>
        <control type="group" id="50">
            <include>OpenClose</include>
            <control type="group">
                <description>TV Guide Timeline</description>
                <visible>Control.IsVisible(10)</visible>
                <include>VisibleFade</include>
                <control type="image">
                    <top>479</top>
                    <width>1920</width>
                    <height>600</height>
                    <texture>timelineback.png</texture>
                </control>
                <control type="epggrid" id="10">
                    <description>EPG Grid</description>
                    <left>40</left>
                    <top>520</top>
                    <width>1880</width>
                    <height>520</height>
                    <pagecontrol>10</pagecontrol>
                    <scrolltime>350</scrolltime>
                    <timeblocks>24</timeblocks>
                    <rulerunit>6</rulerunit>
                    <progresstexture border="5">pvr/EpgProgressIndicator.png</progresstexture>
                    <onleft>31</onleft>
                    <onright>31</onright>
                    <onup>9000</onup>
                    <ondown>10</ondown>
                    <rulerlayout height="35">
                        <control type="label" id="2">
                            <left>10</left>
                            <width>34</width>
                            <height>29</height>
                            <font>font12</font>
                            <aligny>center</aligny>
                            <selectedcolor>red</selectedcolor>
                            <align>left</align>
                            <label>$INFO[ListItem.Label]</label>
                        </control>
                    </rulerlayout>
                    <channellayout height="52" width="380">
                        <animation effect="fade" start="110" time="200">UnFocus</animation>
                        <control type="label">
                            <width>40</width>
                            <height>52</height>
                            <font>font12</font>
                            <align>right</align>
                            <aligny>center</aligny>
                            <textcolor>gray</textcolor>
                            <selectedcolor>red</selectedcolor>
                            <info>ListItem.ChannelNumber</info>
                        </control>
                        <control type="label" id="1">
                            <left>60</left>
                            <top>0</top>
                            <width>300</width>
                            <height>52</height>
                            <font>Size26</font>
                            <aligny>center</aligny>
                            <selectedcolor>red</selectedcolor>
                            <align>left</align>
                            <scroll>false</scroll>
                            <label>$INFO[ListItem.ChannelName]</label>
                        </control>
                    </channellayout>
                    <focusedchannellayout height="52" width="380">
                        <animation effect="fade" start="110" time="200">OnFocus</animation>
                        <control type="image" id="1">
                            <left>45</left>
                            <width>330</width>
                            <height>52</height>
                            <texture border="20">pvr/pvrbuttonFO.png</texture>
                            <colordiffuse>66FFFFFF</colordiffuse>
                        </control>
                        <control type="label">
                            <width>40</width>
                            <height>52</height>
                            <font>font12</font>
                            <align>right</align>
                            <aligny>center</aligny>
                            <textcolor>gray</textcolor>
                            <selectedcolor>red</selectedcolor>
                            <info>ListItem.ChannelNumber</info>
                        </control>
                        <control type="label" id="1">
                            <left>60</left>
                            <width>300</width>
                            <height>52</height>
                            <font>Size26</font>
                            <aligny>center</aligny>
                            <selectedcolor>red</selectedcolor>
                            <align>left</align>
                            <label>$INFO[ListItem.ChannelName]</label>
                        </control>
                    </focusedchannellayout>
                    <itemlayout height="52">
                        <control type="image" id="2">
                            <width></width>
                            <height>52</height>
                            <aspectratio>stretch</aspectratio>
                            <texture border="20" fallback="pvr/pvrbutton.png">$INFO[ListItem.Property(GenreType),pvr/,.png]</texture>
                        </control>
                        <control type="label" id="1">
                            <visible>!ListItem.IsRecording</visible>
                            <left>10</left>
                            <width>-20</width>
                            <height>52</height>
                            <font>font12</font>
                            <aligny>center</aligny>
                            <textcolor>white</textcolor>
                            <shadowcolor>-</shadowcolor>
                            <align>left</align>
                            <scroll>false</scroll>
                            <label>$INFO[ListItem.Label]</label>
                        </control>
                        <control type="label" id="1">
                            <visible>ListItem.IsRecording</visible>
                            <left>25</left>
                            <width>-35</width>
                            <height>52</height>
                            <font>font12</font>
                            <aligny>center</aligny>
                            <textcolor>white</textcolor>
                            <shadowcolor>-</shadowcolor>
                            <align>left</align>
                            <label>$INFO[ListItem.Label]</label>
                        </control>
                        <control type="image">
                            <left>0</left>
                            <top>13</top>
                            <width>25</width>
                            <height>25</height>
                            <texture>pvr/rec.png</texture>
                            <visible>ListItem.IsRecording</visible>
                        </control>
                        <control type="image">
                            <left>0</left>
                            <top>13</top>
                            <width>25</width>
                            <height>25</height>
                            <texture>pvr/timer.png</texture>
                            <visible>ListItem.HasTimer + !ListItem.IsRecording</visible>
                        </control>
                    </itemlayout>
                    <focusedlayout height="52">
                        <control type="image" id="2">
                            <width>-</width>
                            <height>52</height>
                            <aspectratio>stretch</aspectratio>
                            <texture border="20" fallback="pvr/pvrbutton.png">$INFO[ListItem.Property(GenreType),pvr/,.png]</texture>
                        </control>
                        <control type="image" id="14">
                            <width>-</width>
                            <height>52</height>
                            <texture border="20">pvr/pvrbuttonFO.png</texture>
                            <colordiffuse>66FFFFFF</colordiffuse>
                        </control>
                        <control type="label" id="1">
                            <visible>!ListItem.IsRecording</visible>
                            <left>10</left>
                            <width>-20</width>
                            <height>52</height>
                            <font>font12</font>
                            <aligny>center</aligny>
                            <textcolor>white</textcolor>
                            <shadowcolor>-</shadowcolor>
                            <align>left</align>
                            <label>$INFO[ListItem.Label]</label>
                        </control>
                        <control type="label" id="1">
                            <visible>ListItem.IsRecording</visible>
                            <left>25</left>
                            <width>-35</width>
                            <height>52</height>
                            <font>font12</font>
                            <aligny>center</aligny>
                            <textcolor>white</textcolor>
                            <shadowcolor>-</shadowcolor>
                            <align>left</align>
                            <label>$INFO[ListItem.Label]</label>
                        </control>
                        <control type="image">
                            <left>0</left>
                            <top>13</top>
                            <width>25</width>
                            <height>25</height>
                            <texture>pvr/rec.png</texture>
                            <visible>ListItem.IsRecording</visible>
                        </control>
                        <control type="image">
                            <left>0</left>
                            <top>13</top>
                            <width>25</width>
                            <height>25</height>
                            <texture>pvr/timer.png</texture>
                            <visible>ListItem.HasTimer + !ListItem.IsRecording</visible>
                        </control>
                    </focusedlayout>
                </control>
                <control type="group">
                    <visible>ListItem(10).HasEpg</visible>
                    <left>60</left>
                    <top>60</top>
                    <control type="label">
                        <description>header label</description>
                        <left>20</left>
                        <top>20</top>
                        <width>1100</width>
                        <height>30</height>
                        <font>size26</font>
                        <label>$LOCALIZE[19047]</label>
                        <align>center</align>
                        <aligny>center</aligny>
                        <textcolor>maindim</textcolor>
                    </control>
                    <control type="label">
                        <description>Title label</description>
                        <left>20</left>
                        <top>60</top>
                        <width>1100</width>
                        <height>30</height>
                        <font>size33B</font>
                        <label>$INFO[ListItem.Title]</label>
                        <align>center</align>
                        <aligny>center</aligny>
                        <textcolor>red</textcolor>
                    </control>
                    <control type="group">
                        <control type="image">
                            <left>0</left>
                            <top>100</top>
                            <width>1160</width>
                            <height>1</height>
                            <texture>lines/Line.png</texture>
                            <aspectratio>stretch</aspectratio>
                        </control>
                        <control type="image">
                            <left>0</left>
                            <top>380</top>
                            <width>1160</width>
                            <height>1</height>
                            <texture>lines/Line.png</texture>
                            <aspectratio>stretch</aspectratio>
                        </control>
                        <control type="textbox" id="400">
                            <description>Plot value</description>
                            <left>20</left>
                            <top>100</top>
                            <width>1080</width>
                            <height>280</height>
                            <font>size26</font>
                            <align>justify</align>
                            <pagecontrol>-</pagecontrol>
                            <label fallback="161">$INFO[ListItem.Plot]</label>
                        </control>
                        <control type="label">
                            <description>Duration</description>
                            <left>60</left>
                            <top>390</top>
                            <width>1000</width>
                            <height>25</height>
                            <align>center</align>
                            <font>size26</font>
                            <textcolor>gray</textcolor>
                            <label>$LOCALIZE[180]: $INFO[ListItem.Duration] / $LOCALIZE[135]: $INFO[ListItem.Genre]</label>
                        </control>
                    </control>
                </control>
            </control>

            <!--<control type="group">-->
                <!--<description>TV Guide Channel</description>-->
                <!--<visible>Control.IsVisible(13)</visible>-->
                <!--<include>VisibleFade</include>-->
                <!--<control type="group">-->
                    <!--<left>80</left>-->
                    <!--<top>520</top>-->
                    <!--<control type="label">-->
                        <!--<description>Date Time label</description>-->
                        <!--<left>0</left>-->
                        <!--<top>20</top>-->
                        <!--<width>300</width>-->
                        <!--<height>20</height>-->
                        <!--<font>Size26</font>-->
                        <!--<textcolor>main</textcolor>-->
                        <!--<align>center</align>-->
                        <!--<aligny>center</aligny>-->
                        <!--<label>21820</label>-->
                    <!--</control>-->
                    <!--<control type="label">-->
                        <!--<description>Title</description>-->
                        <!--<left>300</left>-->
                        <!--<top>20</top>-->
                        <!--<width>600</width>-->
                        <!--<height>20</height>-->
                        <!--<font>Size26</font>-->
                        <!--<textcolor>main</textcolor>-->
                        <!--<align>center</align>-->
                        <!--<aligny>center</aligny>-->
                        <!--<label>369</label>-->
                    <!--</control>-->
                    <!--<control type="label">-->
                        <!--<description>Status header label</description>-->
                        <!--<left>960</left>-->
                        <!--<top>20</top>-->
                        <!--<width>140</width>-->
                        <!--<height>20</height>-->
                        <!--<font>Size26</font>-->
                        <!--<textcolor>main</textcolor>-->
                        <!--<align>center</align>-->
                        <!--<aligny>center</aligny>-->
                        <!--<label>126</label>-->
                    <!--</control>-->
                    <!--<control type="image">-->
                        <!--<description>separator image</description>-->
                        <!--<left>-480</left>-->
                        <!--<top>50</top>-->
                        <!--<width>2720</width>-->
                        <!--<height>2</height>-->
                        <!--<texture>images/line.png</texture>-->
                    <!--</control>-->
                    <!--<control type="list" id="13">-->
                        <!--<left>0</left>-->
                        <!--<top>60</top>-->
                        <!--<width>1760</width>-->
                        <!--<height>480</height>-->
                        <!--<onup>15</onup>-->
                        <!--<ondown>15</ondown>-->
                        <!--<onleft>31</onleft>-->
                        <!--<onright>75</onright>-->
                        <!--<pagecontrol>75</pagecontrol>-->
                        <!--<scrolltime>200</scrolltime>-->
                        <!--<itemlayout height="40">-->
                            <!--<control type="image">-->
                                <!--<width>1760</width>-->
                                <!--<height>40</height>-->
                                <!--<texture border="5">pstvButtonNoFocus.png</texture>-->
                            <!--</control>-->
                            <!--<control type="label">-->
                                <!--<left>120</left>-->
                                <!--<top>0</top>-->
                                <!--<width>400</width>-->
                                <!--<height>40</height>-->
                                <!--<font>font12</font>-->
                                <!--<align>center</align>-->
                                <!--<aligny>center</aligny>-->
                                <!--<textcolor>gray</textcolor>-->
                                <!--<selectedcolor>red</selectedcolor>-->
                                <!--<info>ListItem.Date</info>-->
                            <!--</control>-->
                            <!--<control type="label">-->
                                <!--<left>550</left>-->
                                <!--<top>0</top>-->
                                <!--<width>640</width>-->
                                <!--<height>40</height>-->
                                <!--<font>Size26</font>-->
                                <!--<align>left</align>-->
                                <!--<aligny>center</aligny>-->
                                <!--<textcolor>gray</textcolor>-->
                                <!--<selectedcolor>red</selectedcolor>-->
                                <!--<info>ListItem.Label</info>-->
                            <!--</control>-->
                            <!--<control type="image">-->
                                <!--<left>970</left>-->
                                <!--<top>10</top>-->
                                <!--<width>30</width>-->
                                <!--<height>20</height>-->
                                <!--<texture>PVR-IsRecording.png</texture>-->
                                <!--<visible>ListItem.IsRecording</visible>-->
                            <!--</control>-->
                            <!--<control type="label">-->
                                <!--<left>1005</left>-->
                                <!--<top>0</top>-->
                                <!--<width>80</width>-->
                                <!--<height>40</height>-->
                                <!--<font>font10</font>-->
                                <!--<align>left</align>-->
                                <!--<aligny>center</aligny>-->
                                <!--<textcolor>gray</textcolor>-->
                                <!--<selectedcolor>red</selectedcolor>-->
                                <!--<label>19043</label>-->
                                <!--<visible>ListItem.IsRecording</visible>-->
                            <!--</control>-->
                            <!--<control type="image">-->
                                <!--<left>970</left>-->
                                <!--<top>10</top>-->
                                <!--<width>20</width>-->
                                <!--<height>20</height>-->
                                <!--<texture>PVR-HasTimer.png</texture>-->
                                <!--<visible>ListItem.HasTimer + !ListItem.IsRecording</visible>-->
                            <!--</control>-->
                            <!--<control type="label">-->
                                <!--<left>1600</left>-->
                                <!--<width>80</width>-->
                                <!--<height>40</height>-->
                                <!--<font>font10</font>-->
                                <!--<align>left</align>-->
                                <!--<aligny>center</aligny>-->
                                <!--<textcolor>maindim</textcolor>-->
                                <!--<selectedcolor>red</selectedcolor>-->
                                <!--<label>31510</label>-->
                                <!--<visible>ListItem.HasTimer</visible>-->
                            <!--</control>-->
                        <!--</itemlayout>-->
                        <!--<focusedlayout height="120">-->
                            <!--<control type="image">-->
                                <!--<width>1760</width>-->
                                <!--<height>120</height>-->
                                <!--<texture border="5">pstvButtonFocus.png</texture>-->
                            <!--</control>-->
                            <!--<control type="label">-->
                                <!--<left>120</left>-->
                                <!--<top>0</top>-->
                                <!--<width>400</width>-->
                                <!--<height>40</height>-->
                                <!--<font>font12</font>-->
                                <!--<align>center</align>-->
                                <!--<aligny>center</aligny>-->
                                <!--<textcolor>maindim</textcolor>-->
                                <!--<selectedcolor>red</selectedcolor>-->
                                <!--<info>ListItem.Date</info>-->
                            <!--</control>-->
                            <!--<control type="label">-->
                                <!--<left>550</left>-->
                                <!--<top>0</top>-->
                                <!--<width>640</width>-->
                                <!--<height>40</height>-->
                                <!--<font>Size26</font>-->
                                <!--<align>left</align>-->
                                <!--<aligny>center</aligny>-->
                                <!--<textcolor>maindim</textcolor>-->
                                <!--<selectedcolor>red</selectedcolor>-->
                                <!--<info>ListItem.Label</info>-->
                            <!--</control>-->
                            <!--<control type="textbox">-->
                                <!--<description>Plot Value for TVShow</description>-->
                                <!--<left>60</left>-->
                                <!--<top>40</top>-->
                                <!--<width>1600</width>-->
                                <!--<height>70</height>-->
                                <!--<font>font12</font>-->
                                <!--<align>justify</align>-->
                                <!--<textcolor>maindim</textcolor>-->
                                <!--<label>$INFO[ListItem.Plot]</label>-->
                            <!--</control>-->
                            <!--<control type="image">-->
                                <!--<left>970</left>-->
                                <!--<top>10</top>-->
                                <!--<width>30</width>-->
                                <!--<height>20</height>-->
                                <!--<texture>PVR-IsRecording.png</texture>-->
                                <!--<visible>ListItem.IsRecording</visible>-->
                            <!--</control>-->
                            <!--<control type="label">-->
                                <!--<left>1005</left>-->
                                <!--<top>0</top>-->
                                <!--<width>80</width>-->
                                <!--<height>40</height>-->
                                <!--<font>font10</font>-->
                                <!--<align>left</align>-->
                                <!--<aligny>center</aligny>-->
                                <!--<textcolor>maindim</textcolor>-->
                                <!--<selectedcolor>red</selectedcolor>-->
                                <!--<label>19043</label>-->
                                <!--<visible>ListItem.IsRecording</visible>-->
                            <!--</control>-->
                            <!--<control type="image">-->
                                <!--<left>970</left>-->
                                <!--<top>10</top>-->
                                <!--<width>20</width>-->
                                <!--<height>20</height>-->
                                <!--<texture>PVR-HasTimer.png</texture>-->
                                <!--<visible>ListItem.HasTimer + !ListItem.IsRecording</visible>-->
                            <!--</control>-->
                            <!--<control type="label">-->
                                <!--<left>1600</left>-->
                                <!--<width>80</width>-->
                                <!--<height>40</height>-->
                                <!--<font>font10</font>-->
                                <!--<align>left</align>-->
                                <!--<aligny>center</aligny>-->
                                <!--<textcolor>maindim</textcolor>-->
                                <!--<selectedcolor>red</selectedcolor>-->
                                <!--<label>31510</label>-->
                                <!--<visible>ListItem.HasTimer</visible>-->
                            <!--</control>-->
                        <!--</focusedlayout>-->
                    <!--</control>-->
                    <!--<control type="scrollbar" id="75">-->
                        <!--<left>1780</left>-->
                        <!--<top>60</top>-->
                        <!--<height>480</height>-->
                        <!--<onleft>15</onleft>-->
                        <!--<onright>noop</onright>-->
                        <!--<showonepage>false</showonepage>-->
                        <!--<orientation>vertical</orientation>-->
                    <!--</control>-->
                <!--</control>-->
                <!--<control type="label">-->
                    <!--<description>Page Count Label</description>-->
                    <!--<left>50r</left>-->
                    <!--<top>540</top>-->
                    <!--<width>500</width>-->
                    <!--<height>20</height>-->
                    <!--<font>font12</font>-->
                    <!--<textcolor>gray</textcolor>-->
                    <!--<scroll>false</scroll>-->
                    <!--<align>right</align>-->
                    <!--<aligny>center</aligny>-->
                    <!--<label>$LOCALIZE[31000] ([COLOR=gray]$INFO[Container(15).CurrentPage]/$INFO[Container(15).NumPages][/COLOR])</label>-->
                <!--</control>-->
            <!--</control>-->





            <control type="group" description="NOW">
                <visible>Control.IsVisible(11)</visible>
                <include>VisibleFade</include>
                <include>left_Panel_livetv</include>
                <control type="group">
                    <left>1020</left>
                    <top>131</top>
                    <include>LargeListItemCount</include>
                    <control type="fixedlist" id="11">
                        <width>802</width>
                        <height>888</height>
                        <onleft condition="!Skin.HasSetting(ViewsMenuOff)">9000</onleft>
                        <onleft condition="Skin.HasSetting(ViewsMenuOff)">noop</onleft>
                        <onright condition="!Skin.HasSetting(Scrollbars_Passive)">60</onright>
                        <onright condition="Skin.HasSetting(Scrollbars_Passive)">noop</onright>
                        <onup>16</onup>
                        <ondown>16</ondown>
                        <pagecontrol>60</pagecontrol>
                        <viewtype label="535">list</viewtype>
                        <focusposition>3</focusposition>
                        <movement>4</movement>
                        <preloaditems>4</preloaditems>
                        <scrolltime>250</scrolltime>
                        <itemlayout width="802" height="111">
                            <control type="image">
                                <width>802</width>
                                <height>1</height>
                                <texture>lines/Line.png</texture>
                            </control>
                            <control type="label" description="Main Label">
                                <left>45</left>
                                <width>630</width>
                                <include>BigListTitle</include>
                                <label>$INFO[ListItem.label]</label>
                            </control>
                            <control type="label" description="Label2">
                                <left>45</left>
                                <width>720</width>
                                <include>BigListDetails</include>
                                <label>[B]$INFO[ListItem.ChannelName][/B] - $INFO[ListItem.Date]</label>
                            </control>
                            <include>statusbiglist</include>
                        </itemlayout>
                        <focusedlayout width="802" height="111">
                            <control type="image">
                                <width>802</width>
                                <height>1</height>
                                <texture>lines/Line.png</texture>
                            </control>
                            <control type="image" description="selector">
                                <animation effect="fade" end="0" time="30">UnFocus</animation>
                                <width>802</width>
                                <height>111</height>
                                <texture>images/buttonselect1.png</texture>
                                <colordiffuse>445555FF</colordiffuse>
                            </control>
                            <control type="label" description="Main Label">
                                <left>45</left>
                                <width>630</width>
                                <include>BigListTitle</include>
                                <label>$INFO[ListItem.label]</label>
                            </control>
                            <control type="label" description="Label2">
                                <left>45</left>
                                <width>720</width>
                                <include>BigListDetails</include>
                                <label>[B]$INFO[ListItem.ChannelName][/B] - $INFO[ListItem.Date]</label>
                            </control>
                            <include>statusbiglist</include>
                        </focusedlayout>
                    </control>
                </control>
                <control type="image">
                    <left>1020</left>
                    <width>1</width>
                    <height>1080</height>
                    <texture>lines/LineV.png</texture>
                </control>
                <control type="scrollbar" id="60">
                    <left>39r</left>
                    <top>135</top>
                    <height>870</height>
                    <onleft>11</onleft>
                    <onright>noop</onright>
                </control>
                <control type="label">
                    <description>Page Count Label</description>
                    <left>40r</left>
                    <top>53r</top>
                    <width>500</width>
                    <height>20</height>
                    <font>font12</font>
                    <textcolor>gray</textcolor>
                    <scroll>false</scroll>
                    <align>right</align>
                    <aligny>center</aligny>
                    <label>$LOCALIZE[31000] ([COLOR=White]$INFO[Container(16).CurrentPage]/$INFO[Container(16).NumPages][/COLOR])</label>
                </control>
            </control>
            <control type="group" description="NEXT">
                <visible>Control.IsVisible(12)</visible>
                <include>VisibleFade</include>
                <include>left_Panel_livetv</include>
                <control type="group">
                    <left>1020</left>
                    <top>131</top>
                    <include>LargeListItemCount</include>
                    <control type="fixedlist" id="12">
                        <width>802</width>
                        <height>888</height>
                        <onleft condition="!Skin.HasSetting(ViewsMenuOff)">9000</onleft>
                        <onleft condition="Skin.HasSetting(ViewsMenuOff)">noop</onleft>
                        <onright condition="!Skin.HasSetting(Scrollbars_Passive)">60</onright>
                        <onright condition="Skin.HasSetting(Scrollbars_Passive)">noop</onright>
                        <onup>16</onup>
                        <ondown>16</ondown>
                        <pagecontrol>60</pagecontrol>
                        <viewtype label="535">list</viewtype>
                        <focusposition>3</focusposition>
                        <movement>4</movement>
                        <preloaditems>4</preloaditems>
                        <scrolltime>250</scrolltime>
                        <itemlayout width="802" height="111">
                            <control type="image">
                                <width>802</width>
                                <height>1</height>
                                <texture>lines/Line.png</texture>
                            </control>
                            <control type="label" description="Main Label">
                                <left>45</left>
                                <width>630</width>
                                <include>BigListTitle</include>
                                <label>$INFO[ListItem.label]</label>
                            </control>
                            <control type="label" description="Label2">
                                <left>45</left>
                                <width>720</width>
                                <include>BigListDetails</include>
                                <label>[B]$INFO[ListItem.ChannelName][/B] - $INFO[ListItem.Date]</label>
                            </control>
                            <include>statusbiglist</include>
                        </itemlayout>
                        <focusedlayout width="802" height="111">
                            <control type="image">
                                <width>802</width>
                                <height>1</height>
                                <texture>lines/Line.png</texture>
                            </control>
                            <control type="image" description="selector">
                                <animation effect="fade" end="0" time="30">UnFocus</animation>
                                <width>802</width>
                                <height>111</height>
                                <texture>images/buttonselect1.png</texture>
                                <colordiffuse>445555FF</colordiffuse>
                            </control>
                            <control type="label" description="Main Label">
                                <left>45</left>
                                <width>630</width>
                                <include>BigListTitle</include>
                                <label>$INFO[ListItem.label]</label>
                            </control>
                            <control type="label" description="Label2">
                                <left>45</left>
                                <width>720</width>
                                <include>BigListDetails</include>
                                <label>[B]$INFO[ListItem.ChannelName][/B] - $INFO[ListItem.Date]</label>
                            </control>
                            <include>statusbiglist</include>
                        </focusedlayout>
                    </control>
                </control>
                <control type="image">
                    <left>1020</left>
                    <width>1</width>
                    <height>1080</height>
                    <texture>lines/LineV.png</texture>
                </control>
                <control type="scrollbar" id="60">
                    <left>39r</left>
                    <top>135</top>
                    <height>870</height>
                    <onleft>12</onleft>
                    <onright>noop</onright>
                </control>
                <control type="label">
                    <description>Page Count Label</description>
                    <left>40r</left>
                    <top>53r</top>
                    <width>500</width>
                    <height>20</height>
                    <font>font12</font>
                    <textcolor>gray</textcolor>
                    <scroll>false</scroll>
                    <align>right</align>
                    <aligny>center</aligny>
                    <label>$LOCALIZE[31000] ([COLOR=White]$INFO[Container(16).CurrentPage]/$INFO[Container(16).NumPages][/COLOR])</label>
                </control>
            </control>
        </control>
        <control type="label">
            <visible>Control.IsVisible(10)</visible>
            <centerleft>960</centerleft>
            <width>800</width>
            <align>center</align>
            <label>$INFO[Control.GetLabel(29)] • $INFO[Control.GetLabel(30)]</label>
        </control>
        <control type="label">
            <visible>Control.IsVisible(11) | Control.IsVisible(12)</visible>
            <top>40</top>
            <centerleft>1440</centerleft>
            <width>800</width>
            <align>center</align>
            <label>$INFO[Control.GetLabel(29)] • $INFO[Control.GetLabel(30)]</label>
        </control>
        <include>PVRsidemenu</include>
    </controls>
</window>
