<?xml version="1.0" encoding="UTF-8"?>
<window>
    <defaultcontrol always="true">9</defaultcontrol>
    <include>DialogOpenClose</include>
    <controls>
        <control type="image">
            <description>background image</description>
            <width>1920</width>
            <height>1080</height>
            <texture border="150" colordiffuse="$VAR[bgcolor1]">images/Dialog.png</texture>
        </control>
        <control type="label">
            <description>header label</description>
            <top>150</top>
            <width>1920</width>
            <height>30</height>
            <font>size36</font>
            <label>$LOCALIZE[19142]</label>
            <align>center</align>
            <aligny>center</aligny>
            <textcolor>Yellow</textcolor>
            <visible>!pvr.IsPlayingRadio</visible>
        </control>
        <control type="image">
            <posx>150</posx>
            <top>200</top>
            <width>1620</width>
            <height>1</height>
            <texture colordiffuse="$VAR[diffuselines]">lines/Line.png</texture>
            <aspectratio>stretch</aspectratio>
        </control>
        <control type="image">
            <posx>150</posx>
            <top>790</top>
            <width>1620</width>
            <height>1</height>
            <texture colordiffuse="$VAR[diffuselines]">lines/Line.png</texture>
            <aspectratio>stretch</aspectratio>
        </control>
        <control type="image">
            <description>Search icon</description>
            <posx>320</posx>
            <top>220</top>
            <width>70</width>
            <height>70</height>
            <texture>images/loop.png</texture>
            <aspectratio>keep</aspectratio>
        </control>
        <control type="image">
            <description>Search string bkg</description>
            <posx>400</posx>
            <top>220</top>
            <width>1190</width>
            <height>70</height>
            <aspectratio>stretch</aspectratio>
            <texture border="20">images/textedit.png</texture>
        </control>
        <control type="edit" id="9">
            <description>Search string</description>
            <posx>400</posx>
            <top>230</top>
            <width>1180</width>
            <height>50</height>
            <font>size33</font>
            <textcolor>$VAR[diffusetext]</textcolor>

            <texturefocus>-</texturefocus>
            <texturenofocus>-</texturenofocus>
            <align>left</align>
            <onleft>9</onleft>
            <onright>9</onright>
            <onup>26</onup>
            <ondown>10</ondown>
        </control>
        <control type="textbox">
            <description>Search help</description>
            <posx>200</posx>
            <top>900</top>
            <width>1590</width>
            <height>70</height>
            <align>center</align>
            <font>font12</font>
            <label>[COLOR=$VAR[diffusetext]]$LOCALIZE[19001] $LOCALIZE[19002][/COLOR]</label>
        </control>
        <control type="group">
            <posx>300</posx>
            <top>300</top>
            <control type="radiobutton" id="10">
                <description>Include Description</description>
                <height>50</height>
                <width>600</width>
                <font>size26</font>
                <align>left</align>
                <aligny>center</aligny>
                <label>19134</label>
                <onleft>12</onleft>
                <onright>12</onright>
                <onup>9</onup>
                <ondown>11</ondown>
            </control>
            <control type="radiobutton" id="11">
                <description>Case Sensitive</description>
                <posx>0</posx>
                <top>60</top>
                <height>50</height>
                <width>600</width>
                <font>size26</font>
                <align>left</align>
                <aligny>center</aligny>
                <label>19135</label>
                <onleft>13</onleft>
                <onright>13</onright>
                <onup>10</onup>
                <ondown>14</ondown>
            </control>
            <control type="edit" id="14">
                <description>Start Date</description>
                <posx>0</posx>
                <top>120</top>
                <width>600</width>
                <height>50</height>
                <font>size26</font>
                <textcolor>$VAR[diffusetext]</textcolor>
                <focusedcolor>white</focusedcolor>

                <label>19128</label>
                <onright>16</onright>
                <onleft>16</onleft>
                <onup>11</onup>
                <ondown>15</ondown>
            </control>
            <control type="edit" id="15">
                <description>Stop Date</description>
                <posx>0</posx>
                <top>180</top>
                <width>600</width>
                <height>50</height>
                <font>size26</font>
                <textcolor>$VAR[diffusetext]</textcolor>
                <focusedcolor>white</focusedcolor>

                <label>19129</label>
                <onright>17</onright>
                <onleft>17</onleft>
                <onup>14</onup>
                <ondown>18</ondown>
            </control>
            <control type="spincontrolex" id="18">
                <description>Genre</description>
                <posx>0</posx>
                <top>240</top>
                <width>600</width>
                <height>50</height>
                <font>size26</font>
                <label>515</label>
                <onright>19</onright>
                <onleft>19</onleft>
                <onup>15</onup>
                <ondown>20</ondown>
            </control>
            <control type="radiobutton" id="20">
                <description>Include unknown Genres</description>
                <posx>0</posx>
                <top>300</top>
                <height>50</height>
                <width>600</width>
                <font>size26</font>
                <align>left</align>
                <aligny>center</aligny>
                <pulseonselect>no</pulseonselect>
                <label>19132</label>
                <onleft>21</onleft>
                <onright>21</onright>
                <onup>18</onup>
                <ondown>22</ondown>
            </control>
            <control type="radiobutton" id="22">
                <description>FTA only</description>
                <posx>0</posx>
                <top>360</top>
                <height>50</height>
                <width>600</width>
                <font>size26</font>
                <align>left</align>
                <aligny>center</aligny>
                <pulseonselect>no</pulseonselect>
                <label>19123</label>
                <onleft>23</onleft>
                <onright>23</onright>
                <onup>20</onup>
                <ondown>24</ondown>
            </control>
            <control type="radiobutton" id="24">
                <description>Ignore Timers</description>
                <posx>0</posx>
                <top>420</top>
                <height>50</height>
                <width>600</width>
                <font>size26</font>
                <align>left</align>
                <aligny>center</aligny>
                <pulseonselect>no</pulseonselect>
                <label>19124</label>
                <onleft>27</onleft>
                <onright>27</onright>
                <onup>22</onup>
                <ondown>26</ondown>
            </control>
        </control>
        <control type="group">
            <posx>1020</posx>
            <top>300</top>
            <control type="spincontrolex" id="12">
                <description>Min Duration</description>
                <top>8</top>
                <width>600</width>
                <height>50</height>
                <font>size26</font>
                <label>19130</label>
                <onright>10</onright>
                <onleft>10</onleft>
                <onup>9</onup>
                <ondown>13</ondown>
            </control>
            <control type="spincontrolex" id="13">
                <description>Max Duration</description>
                <posx>0</posx>
                <top>60</top>
                <width>600</width>
                <height>50</height>
                <font>size26</font>
                <label>19131</label>
                <onright>11</onright>
                <onleft>11</onleft>
                <onup>12</onup>
                <ondown>16</ondown>
            </control>
            <control type="edit" id="16">
                <description>Start time</description>
                <posx>0</posx>
                <top>120</top>
                <width>600</width>
                <height>50</height>
                <font>size26</font>
                <textcolor>$VAR[diffusetext]</textcolor>
                <focusedcolor>white</focusedcolor>

                <label>19126</label>
                <onright>14</onright>
                <onleft>14</onleft>
                <onup>13</onup>
                <ondown>17</ondown>
            </control>
            <control type="edit" id="17">
                <description>Stop time</description>
                <posx>0</posx>
                <top>180</top>
                <width>600</width>
                <height>50</height>
                <font>size26</font>
                <label>19127</label>
                <onright>15</onright>
                <onleft>15</onleft>
                <onup>16</onup>
                <ondown>19</ondown>
            </control>
            <control type="radiobutton" id="19">
                <description>avoid repeats</description>
                <posx>0</posx>
                <top>240</top>
                <width>600</width>
                <height>50</height>
                <font>size26</font>
                <align>left</align>
                <aligny>center</aligny>
                <label>19121</label>
                <onright>18</onright>
                <onleft>18</onleft>
                <onup>17</onup>
                <ondown>21</ondown>
            </control>
            <control type="spincontrolex" id="21">
                <description>Groups</description>
                <posx>0</posx>
                <top>300</top>
                <width>600</width>
                <height>50</height>
                <font>size26</font>
                <label>19141</label>
                <onright>20</onright>
                <onleft>20</onleft>
                <onup>19</onup>
                <ondown>23</ondown>
            </control>
            <control type="spincontrolex" id="23">
                <description>Channels</description>
                <posx>0</posx>
                <top>360</top>
                <width>600</width>
                <height>50</height>
                <font>size26</font>
                <label>19148</label>
                <onleft>22</onleft>
                <onright>22</onright>
                <onup>21</onup>
                <ondown>27</ondown>
            </control>
            <control type="radiobutton" id="27">
                <description>Ignore Recordings</description>
                <posx>0</posx>
                <top>420</top>
                <height>50</height>
                <width>600</width>
                <font>size26</font>
                <align>left</align>
                <aligny>center</aligny>
                <label>19125</label>
                <onleft>24</onleft>
                <onright>24</onright>
                <onup>23</onup>
                <ondown>26</ondown>
            </control>
        </control>
        <control type="group" id="9000">
            <top>800</top>
            <posx>400</posx>
            <control type="button" id="28">
                <description>Defaults Button</description>
                <width>250</width>
                <height>60</height>
                <align>center</align>
                <aligny>center</aligny>
                <font>size26</font>
                <label>409</label>
                <onleft>26</onleft>
                <onright>25</onright>
                <onup>24</onup>
                <ondown>9</ondown>
            </control>
            <control type="button" id="25">
                <description>Cancel Button</description>
                <posx>435</posx>
                <width>250</width>
                <height>60</height>
                <align>center</align>
                <aligny>center</aligny>
                <font>size26</font>
                <label>222</label>
                <onleft>28</onleft>
                <onright>26</onright>
                <onup>27</onup>
                <ondown>9</ondown>
            </control>
            <control type="button" id="26">
                <description>Search Button</description>
                <posx>870</posx>
                <width>250</width>
                <height>60</height>
                <align>center</align>
                <aligny>center</aligny>
                <font>size26</font>
                <label>137</label>
                <onleft>25</onleft>
                <onright>28</onright>
                <onup>27</onup>
                <ondown>9</ondown>
            </control>
        </control>
    </controls>
</window>