<?xml version="1.0" encoding="UTF-8"?>
<window id="2002">
    <type>dialog</type>
    <defaultcontrol always="true">10</defaultcontrol>
    <allowoverlay>yes</allowoverlay>
    <backgroundcolor>background</backgroundcolor>
    <include>DialogOpenClose</include>
    <controls>
        <control type="group">
            <posx>480</posx>
            <top>360</top>
            <control type="image">
            <posx>-50</posx>
            <top>0</top>
            <width>1060</width>
            <height>440</height>
            <texture border="150" colordiffuse="$VAR[diffusemenu]">$VAR[bgimg2]</texture>
            </control>			
	    <control type="label" id="1" description="Heading">
                <width>960</width>
                <label>-</label>
                <font>size28</font>
                <align>center</align>
            </control>
            <control type="textbox" id="9" description="content">
                <posx>0</posx>
                <top>108</top>
                <label>-</label>
                <width>960</width>
                <height>144</height>
                <align>center</align>
		<textcolor>$VAR[diffusetext]</textcolor>
                <autoscroll>false</autoscroll>
            </control>
            <control type="button" id="10" description="Ok">
                <posx>330</posx>
                <top>330</top>
                <width>300</width>
                <label>186</label>
		<texturefocus colordiffuse="$VAR[diffuseselect]">images/buttonselect1.png</texturefocus>
            </control>
        </control>
    </controls>
</window>
