<?xml version="1.0" encoding="UTF-8"?>
<window id="1">
    <defaultcontrol always="true">50</defaultcontrol>
    <allowoverlay>no</allowoverlay>
    <backgroundcolor>background</backgroundcolor>
    <views>50,52,53,500</views>
    <controls>
        <include>BlackBackground</include>
        <include>WindowsTopInfos</include>
        <include>Programviews</include>
        <control type="group" description="Side menu 9000 group">
            <visible allowhiddenfocus="true">ControlGroup(9000).HasFocus()</visible>
            <include>9000slide</include>
            <control type="image" description="List back">
                <top>-10</top>
                <posx>1430</posx>
                <width>550</width>
                <height>1100</height>
                <aspectratio>scale</aspectratio>
                <texture colordiffuse="$VAR[diffusenav]">$VAR[bgimgnav]</texture>
            </control>			
            <!--control type="image" description="List back border">
                <posx>1426</posx>
                <width>2</width>
                <height>1100</height>
                <aspectratio>stretch</aspectratio>				
                <texture colordiffuse="$VAR[diffuseborder]">images/DialoglineV.png</texture>
            </control-->			
            <control type="grouplist" id="9000">
                <left>1450</left>
                <include>DialogGLs</include>
                <control type="button" id="607">
                    <!--enable>false</enable-->
                    <texturenofocus colordiffuse="$VAR[diffuseselect]">images/buttonselect1.png</texturenofocus>
                    <include>DialogButt</include>
                    <label>•• $LOCALIZE[33063] ••</label>
                </control>
                <control type="button" id="3" description="Sort">
                    <include>DialogButt</include>
                </control>
                <control type="togglebutton" id="4" description="SortMode">
                    <alttexturenofocus>-</alttexturenofocus>
                    <include>DialogButt</include>
                    <label>$LOCALIZE[21429]: $LOCALIZE[21430]</label>
                    <altlabel>$LOCALIZE[21429]: $LOCALIZE[21431]</altlabel>
                </control>
                <control type="togglebutton" id="699" description="Playing">
                    <enable>Player.HasMedia</enable>
                    <include>DialogButt</include>
                    <label>$LOCALIZE[16003]</label>
                    <altlabel>$LOCALIZE[31055]</altlabel>
                    <usealttexture>Player.HasMedia</usealttexture>
                    <onclick>fullscreen</onclick>
                    <altclick>fullscreen</altclick>
                    <animation effect="fade" start="100" end="60" time="100" condition="!Player.HasMedia">Conditional</animation>
                </control>
                <control type="button" id="599">
                    <!--enable>false</enable-->
                    <texturenofocus colordiffuse="$VAR[diffuseselect]">images/buttonselect1.png</texturenofocus>
                    <include>DialogButt</include>
                    <label>•• $LOCALIZE[582] ••</label>
                </control>
                <control type="radiobutton" id="601" description="List1">
                    <include>DialogButt</include>
                    <onclick>Container.SetViewMode(50)</onclick>
                    <selected>Control.IsVisible(50)</selected>
                    <label>List1-Plain</label>
                </control>				
                <control type="radiobutton" id="600" description="List2-Slider">
                    <include>DialogButt</include>
                    <onclick>Container.SetViewMode(52)</onclick>
                    <selected>Control.IsVisible(52)</selected>
                    <label>List2-Slider</label>
                </control>
                <control type="radiobutton" id="603" description="Icons">
                    <include>DialogButt</include>
                    <onclick>Container.SetViewMode(53)</onclick>
                    <selected>Control.IsVisible(53)</selected>
                    <label>$LOCALIZE[536]</label>
                </control>
                <control type="radiobutton" id="605" description="Fanart">
                    <include>DialogButt</include>
                    <onclick>Container.SetViewMode(500)</onclick>
                    <selected>Control.IsVisible(500)</selected>
                    <label>$LOCALIZE[20445]</label>
                </control>
            </control>
        </control>
    </controls>
</window>
