<?xml version="1.0" encoding="utf-8"?>
<include name="OSDButtons_Small">
		<control type="grouplist" id="200">
                <posx>380</posx>
                <bottom>10</bottom>
                <width>1250</width>
                <height>90</height>
                <itemgap>-5</itemgap>
                <onup>noop</onup>
                <ondown>noop</ondown>
                <onleft>200</onleft>
                <onright>200</onright>
                <orientation>horizontal</orientation>
				<defaultcontrol always="true">104</defaultcontrol>
				<visible>!Window.IsActive(DialogSubtitles.xml)</visible>
				<animation effect="slide" end="-90,-60" time="0" condition="Skin.HasSetting(UseSlimOSDPanel)">Conditional</animation>
                <animation effect="slide" end="50" time="0" condition="player.hasaudio + !Skin.HasSetting(UseSlimOSDPanel) + ![!Skin.HasSetting(UseSlimOSDPanel) + Skin.HasSetting(HideOSDDisc)]">Conditional</animation>
				
				<control type="togglebutton" id="201">
                    <!--Skip Back or previous channel-->
                    <!--visible>ControlGroup(20).HasFocus()</visible-->
                    <include>animation_fade_visible_hidden</include>
                    <width>90</width>
                    <height>90</height>
                    <label>210</label>
                    <font>-</font>
                    <texturefocus colordiffuse="$INFO[Skin.String(OSDButtonsFocusColor)]">osd/OSDSlimPrevTrack.png</texturefocus>
                    <texturenofocus colordiffuse="$INFO[Skin.String(OSDButtonsColor)]">osd/OSDSlimPrevTrack.png</texturenofocus>
					<usealttexture>VideoPlayer.Content(livetv)</usealttexture>
                    <alttexturefocus colordiffuse="$INFO[Skin.String(OSDButtonsFocusColor)]">osd/OSDSlimChannelUP.png</alttexturefocus>
                    <alttexturenofocus colordiffuse="$INFO[Skin.String(OSDButtonsColor)]">osd/OSDSlimChannelUP.png</alttexturenofocus>
                    <onclick>PlayerControl(Previous)</onclick>
                </control>
                <control type="button" id="202">
                    <label></label>
                    <!--RR-->
                    <!--visible>ControlGroup(20).HasFocus()</visible-->
                    <include>animation_fade_visible_hidden</include>
                    <width>90</width>
                    <height>90</height>
                    <font>-</font>
                    <texturefocus colordiffuse="$INFO[Skin.String(OSDButtonsFocusColor)]">osd/OSDSlimRewind.png</texturefocus>
                    <texturenofocus colordiffuse="$INFO[Skin.String(OSDButtonsColor)]">osd/OSDSlimRewind.png</texturenofocus>
                    <onclick>PlayerControl(Rewind)</onclick>
                </control>
                <control type="togglebutton" id="203">
                    <label></label>
                    <altlabel></altlabel>
                    <!--Play Pause-->
                    <!--visible>ControlGroup(20).HasFocus()</visible-->
                    <include>animation_fade_visible_hidden</include>
                    <width>90</width>
                    <height>90</height>
                    <font>-</font>
                    <texturefocus colordiffuse="$INFO[Skin.String(OSDButtonsFocusColor)]">osd/OSDSlimPause.png</texturefocus>
                    <texturenofocus colordiffuse="$INFO[Skin.String(OSDButtonsColor)]">osd/OSDSlimPause.png</texturenofocus>
                    <usealttexture>Player.Paused | Player.Forwarding | Player.Rewinding</usealttexture>
                    <alttexturefocus colordiffuse="$INFO[Skin.String(OSDButtonsFocusColor)]">osd/OSDSlimPlay.png</alttexturefocus>
                    <alttexturenofocus colordiffuse="$INFO[Skin.String(OSDButtonsColor)]">osd/OSDSlimPlay.png</alttexturenofocus>
                    <onclick>PlayerControl(Play)</onclick>
                </control>
                <control type="button" id="204">
                    <label></label>
                    <!--Stop-->
                    <include>animation_fade_visible_hidden</include>
                    <width>90</width>
                    <height>90</height>
                    <font>-</font>
                    <texturefocus colordiffuse="$INFO[Skin.String(OSDButtonsFocusColor)]">osd/OSDSlimStop.png</texturefocus>
                    <texturenofocus colordiffuse="$INFO[Skin.String(OSDButtonsColor)]">osd/OSDSlimStop.png</texturenofocus>
                    <onclick>PlayerControl(Stop)</onclick>
                </control>
                <control type="button" id="205">
                    <label></label>
                    <!--FF-->
                    <include>animation_fade_visible_hidden</include>
                    <width>90</width>
                    <height>90</height>
                    <font>-</font>
                    <texturefocus colordiffuse="$INFO[Skin.String(OSDButtonsFocusColor)]">osd/OSDSlimForward.png</texturefocus>
                    <texturenofocus colordiffuse="$INFO[Skin.String(OSDButtonsColor)]">osd/OSDSlimForward.png</texturenofocus>
                    <onclick>PlayerControl(Forward)</onclick>
                </control>
                <control type="togglebutton" id="206">
                    <!--Next-->
                    <include>animation_fade_visible_hidden</include>
                    <width>90</width>
                    <height>90</height>
                    <label>209</label>
                    <font>-</font>
                    <texturefocus colordiffuse="$INFO[Skin.String(OSDButtonsFocusColor)]">osd/OSDSlimNextTrack.png</texturefocus>
                    <texturenofocus colordiffuse="$INFO[Skin.String(OSDButtonsColor)]">osd/OSDSlimNextTrack.png</texturenofocus>
					<usealttexture>VideoPlayer.Content(livetv)</usealttexture>
                    <alttexturefocus colordiffuse="$INFO[Skin.String(OSDButtonsFocusColor)]">osd/OSDSlimChannelDown.png</alttexturefocus>
                    <alttexturenofocus colordiffuse="$INFO[Skin.String(OSDButtonsColor)]">osd/OSDSlimChannelDown.png</alttexturenofocus>
                    <onclick>PlayerControl(Next)</onclick>
                </control>
				<control type="button" id="207">
				  <include>animation_fade_visible_hidden</include>
				  <width>90</width>
				  <height>90</height>
				  <label>$LOCALIZE[486]$INFO[Playlist.Repeat, : ]</label>
				  <font>-</font>
				  <texturefocus colordiffuse="$INFO[Skin.String(OSDButtonsFocusColor)]">osd/OSDSlimRepeat.png</texturefocus>
                  <texturenofocus colordiffuse="$INFO[Skin.String(OSDButtonsColor)]">osd/OSDSlimRepeat.png</texturenofocus>
				  <onclick>XBMC.PlayerControl(Repeat)</onclick>
                  <visible>!VideoPlayer.Content(livetv)</visible>
				  <visible>!Playlist.IsRepeatOne + !Playlist.IsRepeat</visible>
				</control>
				<control type="button" id="208">
				  <include>animation_fade_visible_hidden</include>
				   <width>90</width>
				  <height>90</height>
				  <texturefocus colordiffuse="$INFO[Skin.String(OSDButtonsFocusColor)]">osd/OSDSlimRepeatOne.png</texturefocus>
                  <texturenofocus colordiffuse="$INFO[Skin.String(OSDButtonsColor)]">osd/OSDSlimRepeatOne.png</texturenofocus>
				  <visible>Playlist.IsRepeatOne</visible>
                  <visible>!VideoPlayer.Content(livetv)</visible>
				  <onclick>XBMC.PlayerControl(Repeat)</onclick>
				</control>
				<control type="button" id="210">
				  <include>animation_fade_visible_hidden</include>
				   <width>90</width>
				  <height>90</height>
				  <texturefocus colordiffuse="$INFO[Skin.String(OSDButtonsFocusColor)]">osd/OSDSlimRepeatAll.png</texturefocus>
                  <texturenofocus colordiffuse="$INFO[Skin.String(OSDButtonsColor)]">osd/OSDSlimRepeatAll.png</texturenofocus>
				  <visible>Playlist.IsRepeat</visible>
                  <visible>!VideoPlayer.Content(livetv)</visible>
				  <onclick>XBMC.PlayerControl(Repeat)</onclick>
				</control>
				<control type="togglebutton" id="212">
				  <include>animation_fade_visible_hidden</include>
				  <width>90</width>
				  <height>90</height>
				  <label>$LOCALIZE[590]$INFO[Playlist.Random, : ]</label>
				  <altlabel>$LOCALIZE[590] : $LOCALIZE[16041]</altlabel>
				  <font>-</font>
				  <texturefocus colordiffuse="$INFO[Skin.String(OSDButtonsFocusColor)]">osd/OSDSlimRandomOff.png</texturefocus>
                  <texturenofocus colordiffuse="$INFO[Skin.String(OSDButtonsColor)]">osd/OSDSlimRandomOff.png</texturenofocus>
				  <usealttexture>Playlist.IsRandom</usealttexture>
				  <alttexturefocus colordiffuse="$INFO[Skin.String(OSDButtonsFocusColor)]">osd/OSDSlimRandomOn.png</alttexturefocus>
				  <alttexturenofocus colordiffuse="$INFO[Skin.String(OSDButtonsColor)]">osd/OSDSlimRandomOn.png</alttexturenofocus>
				  <onclick>XBMC.PlayerControl(Random)</onclick>
				  <visible>Player.HasAudio</visible>
				</control>
				<control type="togglebutton" id="10">
                    <!--Record-->
                    <include>animation_fade_visible_hidden</include>
                    <width>90</width>
                    <height>90</height>
                    <label>209</label>
                    <font>-</font>
                    <texturefocus colordiffuse="$INFO[Skin.String(OSDButtonsFocusColor)]">osd/OSDSlimRecordOff.png</texturefocus>
                    <texturenofocus colordiffuse="$INFO[Skin.String(OSDButtonsColor)]">osd/OSDSlimRecordOff.png</texturenofocus>
				    <alttexturefocus colordiffuse="$INFO[Skin.String(OSDButtonsFocusColor)]">osd/OSDSlimRecordOn.png</alttexturefocus>
				    <alttexturenofocus colordiffuse="$INFO[Skin.String(OSDButtonsColor)]">osd/OSDSlimRecordOn.png</alttexturenofocus>
					<usealttexture>Player.Recording</usealttexture>
                    <onclick>PlayerControl(Record)</onclick>
					<visible>Player.CanRecord</visible>
                </control>
				<control type="button" id="214">
                    <!--bookmarks-->
                    <include>animation_fade_visible_hidden</include>
                    <width>90</width>
                    <height>90</height>
                    <label>209</label>
                    <font>-</font>
                    <texturefocus colordiffuse="$INFO[Skin.String(OSDButtonsFocusColor)]">osd/OSDSlimBookMarks.png</texturefocus>
                    <texturenofocus colordiffuse="$INFO[Skin.String(OSDButtonsColor)]">osd/OSDSlimBookMarks.png</texturenofocus>
                    <onclick>ActivateWindow(VideoBookmarks)</onclick>
					<visible>Player.HasVideo</visible>
					<visible>!VideoPlayer.Content(livetv)</visible>
                </control>
				<control type="button" id="215">
                    <!--disc menu-->
                    <include>animation_fade_visible_hidden</include>
                    <width>90</width>
                    <height>90</height>
                    <label>209</label>
                    <font>-</font>
                    <texturefocus colordiffuse="$INFO[Skin.String(OSDButtonsFocusColor)]">osd/OSDSlimDvd.png</texturefocus>
                    <texturenofocus colordiffuse="$INFO[Skin.String(OSDButtonsColor)]">osd/OSDSlimDvd.png</texturenofocus>
                    <onclick>PlayerControl(ShowVideoMenu)</onclick>
					<visible>VideoPlayer.HasMenu</visible>
                </control>
				<control type="button" id="705">
                    <!--stereoscopic-->
                    <include>animation_fade_visible_hidden</include>
                    <width>90</width>
                    <height>90</height>
                    <label>209</label>
                    <font>-</font>
                    <texturefocus colordiffuse="$INFO[Skin.String(OSDButtonsFocusColor)]">osd/OSDSlimStereoscopic.png</texturefocus>
                    <texturenofocus colordiffuse="$INFO[Skin.String(OSDButtonsColor)]">osd/OSDSlimStereoscopic.png</texturenofocus>
                    <onclick>StereoMode</onclick>
					<visible>VideoPlayer.IsStereoscopic</visible>
                </control>
				<control type="button" id="101">
                    <!--Audio Settings-->
                    <width>90</width>
                    <height>90</height>
                    <label>13396</label>
                    <font>-</font>
                    <texturefocus colordiffuse="$INFO[Skin.String(OSDButtonsFocusColor)]">osd/OSDSlimAudio.png</texturefocus>
                    <texturenofocus colordiffuse="$INFO[Skin.String(OSDButtonsColor)]">osd/OSDSlimAudio.png</texturenofocus>
                    <onclick>ActivateWindow(124)</onclick>
					<visible>Player.HasVideo</visible>
                </control>
                <control type="button" id="102">
                    <!--Video Settings-->
                    <description>Video Settings</description>
                    <width>90</width>
                    <height>90</height>
                    <label>13395</label>
                    <align>left</align>
                    <font>-</font>
                    <texturefocus colordiffuse="$INFO[Skin.String(OSDButtonsFocusColor)]">osd/OSDSlimVideo.png</texturefocus>
                    <texturenofocus colordiffuse="$INFO[Skin.String(OSDButtonsColor)]">osd/OSDSlimVideo.png</texturenofocus>
                    <onclick>ActivateWindow(123)</onclick>
					<visible>Player.HasVideo</visible>
					<onfocus condition="StringCompare(Window(Home).Property(subtitlemenu), show)">ClearProperty(subtitlemenu,home)</onfocus>
                </control>
                <control type="button" id="104">
                    <!--Subtitles-->
                    <description>Subtitles</description>
                   <width>90</width>
                    <height>90</height>
                    <label>287</label>
                    <font>-</font>
					
					<onup>SetProperty(subtitlemenu,show,Home)</onup>
					<onup>Control.SetFocus(1401)</onup>
					<onup>Control.SetFocus(1401)</onup>
                    <texturefocus colordiffuse="$INFO[Skin.String(OSDButtonsFocusColor)]">osd/OSDSlimSubtitles.png</texturefocus>
                    <texturenofocus colordiffuse="$INFO[Skin.String(OSDButtonsColor)]">osd/OSDSlimSubtitles.png</texturenofocus>
					<onclick condition="!StringCompare(Window(Home).Property(subtitlemenu), show)">SetProperty(subtitlemenu,show,Home)</onclick>
					<onclick condition="StringCompare(Window(Home).Property(subtitlemenu), show)">ClearProperty(subtitlemenu,Home)</onclick>
					<onback condition="StringCompare(Window(Home).Property(subtitlemenu), show)">ClearProperty(subtitlemenu,Home)</onback>
					<onclick condition="!StringCompare(Window(Home).Property(subtitlemenu), show)">Control.SetFocus(1401)</onclick>
					<visible>!VideoPlayer.Content(livetv)</visible>
					<visible>Player.HasVideo</visible>
                </control>
				<control type="button" id="105">
                    <!--teletext-->
                    <description>teletext</description>
                    <width>90</width>
                    <height>90</height>
                    <label>287</label>
                    <font>-</font>
                    <texturefocus colordiffuse="$INFO[Skin.String(OSDButtonsFocusColor)]">osd/OSDSlimTeleText.png</texturefocus>
                    <texturenofocus colordiffuse="$INFO[Skin.String(OSDButtonsColor)]">osd/OSDSlimTeleText.png</texturenofocus>
					<onclick>ActivateWindow(Teletext)</onclick>
					<visible>VideoPlayer.Content(livetv)</visible>
					<visible>Player.HasVideo</visible>
                </control>
				<control type="togglebutton" id="701">
					<!-- lyrics -->
					<width>90</width>
                    <height>90</height>
					<label>31128</label>
					<font>-</font>
					<texturefocus colordiffuse="$INFO[Skin.String(OSDButtonsFocusColor)]">osd/OSDSlimLyrics.png</texturefocus>
                    <texturenofocus colordiffuse="$INFO[Skin.String(OSDButtonsColor)]">osd/OSDSlimLyrics.png</texturenofocus>
					<alttexturefocus colordiffuse="$INFO[Skin.String(OSDButtonsFocusColor)]">osd/OSDSlimLyrics.png</alttexturefocus>
                    <alttexturenofocus colordiffuse="$INFO[Skin.String(OSDButtonsColor)]">osd/OSDSlimLyrics.png</alttexturenofocus>
					<onclick>Close</onclick>
					<onclick>RunScript($INFO[Skin.String(LyricScript_Path)])</onclick>
					<altclick>Skin.SetAddon(LyricScript_Path,xbmc.python.lyrics)</altclick>
					<altclick>Close</altclick>
					<altclick>RunScript($INFO[Skin.String(LyricScript_Path)])</altclick>
					<usealttexture>IsEmpty(Skin.String(LyricScript_Path))</usealttexture>
					<visible>![Window.IsVisible(AddonSettings) | Window.IsVisible(SelectDialog) | Window.IsVisible(VisualisationPresetList)]</visible>
					<visible>Player.hasaudio</visible>
					<visible>System.HasAddon(script.cu.lrclyrics)</visible>
				</control>
				<control type="button" id="500">
					<!-- vizualisation addon -->
					<width>90</width>
                    <height>90</height>
					<label>12006</label>
					<font>-</font>
					<texturefocus colordiffuse="$INFO[Skin.String(OSDButtonsFocusColor)]">osd/OSDSlimViz.png</texturefocus>
                    <texturenofocus colordiffuse="$INFO[Skin.String(OSDButtonsColor)]">osd/OSDSlimViz.png</texturenofocus>
					<visible>![Window.IsVisible(AddonSettings) | Window.IsVisible(SelectDialog) | Window.IsVisible(VisualisationPresetList)]</visible>
					<visible>Player.hasaudio</visible>
				</control>
				<control type="button" id="806">
					<!-- pvr -->
					<width>90</width>
                    <height>90</height>
					<label>12006</label>
					<font>-</font>
					<texturefocus colordiffuse="$INFO[Skin.String(OSDButtonsFocusColor)]">osd/OSDSlimChannelList.png</texturefocus>
                    <texturenofocus colordiffuse="$INFO[Skin.String(OSDButtonsColor)]">osd/OSDSlimChannelList.png</texturenofocus>
					<visible>VideoPlayer.Content(livetv)</visible>
					<onclick>ActivateWindow(PVROSDChannels)</onclick>
					<onclick>Dialog.Close(VideoOSD)</onclick>
				</control>
				<control type="button" id="807">
					<!-- pvr -->
					<width>90</width>
                    <height>90</height>
					<label>12006</label>
					<font>-</font>
					<texturefocus colordiffuse="$INFO[Skin.String(OSDButtonsFocusColor)]">osd/OSDSlimepg.png</texturefocus>
                    <texturenofocus colordiffuse="$INFO[Skin.String(OSDButtonsColor)]">osd/OSDSlimepg.png</texturenofocus>
					<visible>VideoPlayer.Content(livetv)</visible>
                    <onclick>ActivateWindow(pvrosdguide)</onclick>
				</control>
				<control type="button" id="808">
					<!-- infopanel -->
					<width>90</width>
                    <height>90</height>
					<label>31133</label>
					<font>-</font>
					<texturefocus colordiffuse="$INFO[Skin.String(OSDButtonsFocusColor)]">osd/OSDSlimInfo.png</texturefocus>
                    <texturenofocus colordiffuse="$INFO[Skin.String(OSDButtonsColor)]">osd/OSDSlimInfo.png</texturenofocus>
					<visible>player.hasvideo</visible>
					<onclick>Skin.ToggleSetting(EnableOSDInfo)</onclick>
				</control>
                <control type="button" id="809">
                    <!-- touch - volume up -->
                    <width>75</width>
                    <height>75</height>
                    <label>volup</label>
                    <font>-</font>
                    <texturefocus colordiffuse="$INFO[Skin.String(OSDButtonsFocusColor)]">osd/OSDSlimVolumeUp.png</texturefocus>
                    <texturenofocus colordiffuse="$INFO[Skin.String(OSDButtonsColor)]">osd/OSDSlimVolumeUp.png</texturenofocus>
                    <visible>Skin.HasSetting(EnableTouchSupport)</visible>
                    <onclick>VolumeUp</onclick>
                </control>
                <control type="button" id="810">
                    <!-- touch - volume down -->
                    <width>75</width>
                    <height>75</height>
                    <label>voldown</label>
                    <font>-</font>
                    <texturefocus colordiffuse="$INFO[Skin.String(OSDButtonsFocusColor)]">osd/OSDSlimVolumeDown.png</texturefocus>
                    <texturenofocus colordiffuse="$INFO[Skin.String(OSDButtonsColor)]">osd/OSDSlimVolumeDown.png</texturenofocus>
                    <visible>Skin.HasSetting(EnableTouchSupport)</visible>
                    <onclick>VolumeDown</onclick>
                </control>
            </control>

	</include>