<?xml version="1.0" encoding="UTF-8"?>
<window type="dialog" id="1115">
    <defaultcontrol always="true">9000</defaultcontrol>
    <include>DialogOpenClose</include>
    <controls>
        <control type="group">
            <control type="image" description="List back">				
                <posx>708</posx>
                <top>385</top>
                <width>504</width>
                <height>330</height>
	            <aspectratio>scale</aspectratio>				
                <texture colordiffuse="$VAR[diffusemenu]">$VAR[bgimg2]</texture>			
          </control>		  
            <control type="image" description="List back border">			
                <posx>708</posx>
                <top>385</top>
                <width>504</width>
                <height>330</height>
                <aspectratio>stretch</aspectratio>				
                <texture colordiffuse="$VAR[diffuseborder]">borders/Dialogborder.png</texture>
          </control>						
            <control type="grouplist" id="9000">
                    <centerleft>960</centerleft>
                    <top>18</top>
                    <width>470</width>
                    <height>1064</height>
                    <itemgap>3</itemgap>
                    <onleft>50</onleft>
                    <onright>50</onright>
                    <onup>9000</onup>
                    <ondown>9000</ondown>
                    <align>center</align>
                    <scrolltime>200</scrolltime>
                <control type="button" id="701" description="Video">
                    <include>DialogButt</include>
                    <label>3</label>
                    <onclick>Close</onclick>
                    <onclick>ActivateWindow(Videos,files)</onclick>
                </control>
                <control type="button" id="702" description="Music">
                    <include>DialogButt</include>
                    <label>$LOCALIZE[2]</label>
                    <onclick>Close</onclick>
                    <onclick>ActivateWindow(MusicFiles,root)</onclick>
                </control>
                <control type="button" id="703" description="Addons">
                    <include>DialogButt</include>
                    <label>$LOCALIZE[24001]</label>
                    <onclick>Close</onclick>
                    <onclick>ActivateWindow(AddonBrowser,root)</onclick>
                </control>
            </control>
        </control>
    </controls>
</window>
