<?xml version="1.0" encoding="UTF-8"?>
<!--NAVI X-->
<window>
    <defaultcontrol>9000</defaultcontrol>
    <allowoverlays>false</allowoverlays>
    <controls>
        <control type="textbox" id="130">
            <description>Text box</description>
            <posx>40</posx>
            <top>50</top>
            <width>640</width>
            <height>460</height>
            <font>size30</font>
            <align>justify</align>
            <onright>131</onright>
            <onup>130</onup>
            <ondown>130</ondown>
            <pagecontrol>132</pagecontrol>
            <spinposx>0</spinposx>
            <spintop>0</spintop>
            <pulseonselect></pulseonselect>
            <textcolor>$VAR[diffusetext]</textcolor>
        </control>
        <control type="spincontrol" id="132">
            <description>Next page button</description>
            <posx>600</posx>
            <top>520</top>
            <subtype>page</subtype>
            <font>size30</font>
            <textcolor>$VAR[diffusetext]</textcolor>
            <onleft>130</onleft>
            <onright>130</onright>
            <ondown>132</ondown>
            <onup>132</onup>
            <showonepage>true</showonepage>
            <!--animation effect="slide" time="300" start="600,0" end="0,0" acceleration="-1">WindowOpen</animation-->
            <!--animation effect="slide" time="200" start="0,0" end="600,0" acceleration="1.1">WindowClose</animation-->
            <!--visible>Control.IsVisible(100)</visible-->
        </control>
    </controls>
</window>
