<?xml version="1.0" encoding="UTF-8"?>
<window id="126">
    <defaultcontrol always="true">450</defaultcontrol>
    <allowoverlay>no</allowoverlay>
    <backgroundcolor>background</backgroundcolor>
    <include>OpenClose</include>
    <controls>
        <control type="group">
            <include>BlackBackground</include>
            <control type="label" id="411" description="Heading">
                <include>HeadingR</include>
                <label>-</label>
            </control>
            <control type="group" description="Group 450 No Thumbs">
                <control type="group">
                    <top>131</top>
                    <posx>960</posx>
                    <control type="list" id="450">
                        <width>930</width>
                        <height>890</height>
                        <onleft>9000</onleft>
                        <onright condition="!Skin.HasSetting(Scrollbars_Passive)">60</onright>
                        <onup>450</onup>
                        <ondown>450</ondown>
                        <pagecontrol>60</pagecontrol>
                        <scrolltime tween="sine" easing="inout">280</scrolltime>
                        <itemlayout width="985" height="81">
                            <control type="label" description="Main Label">
                                <include>52MainLabel</include>
                                <label>$INFO[ListItem.Label]</label>
                            </control>
                        </itemlayout>
                        <focusedlayout width="985" height="81">
                            <control type="image">
                        <animation effect="fade" end="0" time="30">UnFocus</animation>
                        <posx>10</posx>
			<width>898</width>
                        <height>86</height>
                        <texture colordiffuse="$VAR[diffuseselect]">images/buttonselect1.png</texture>
                    </control>
                            <control type="label" description="Main Label">
                                <textcolor>$VAR[diffusetext]</textcolor>
                                <include>52MainLabel</include>
                                <label>$INFO[ListItem.Label]</label>
                            </control>
                        </focusedlayout>
                    </control>
                </control>
            </control>
        </control>
        <control type="list" id="451">
            <width>-</width>
            <height>-</height>
        </control>
        <control type="group" description="Thumbs">
            <posx>110</posx>
            <top>215</top>
            <control type="image" description="Item Thumb">
                <visible>!SubString(Control.GetLabel(416),*)</visible>
                <width>765</width>
                <height>650</height>
                <fadetime>200</fadetime>
                <texture>$VAR[filebrowserthumb]</texture>
                <aspectratio>keep</aspectratio>
            </control>
            <control type="image" description="Item Thumb">
                <visible>SubString(Control.GetLabel(416),*)</visible>
                <width>765</width>
                <height>650</height>
                <fadetime>200</fadetime>
                <texture flipx="true">$VAR[filebrowserthumb]</texture>
                <aspectratio>keep</aspectratio>
            </control>
        </control>
        <control type="group" description="Side menu 9000 group">
            <visible allowhiddenfocus="true">ControlGroup(9000).HasFocus()</visible>
            <include>DialogOpenCloseVisible</include>
            <!--control type="image" description="List back">
                <posx>540</posx>
                <top>255</top>
                <width>840</width>
                <height>570</height>
                <aspectratio>stretch</aspectratio>
                <texture border="150" colordiffuse="$VAR[bgcolor1]">images/Dialog.png</texture>
            </control-->
            <control type="image" description="List back">
                <posx>680</posx>
                <top>385</top>
                <width>560</width>
                <height>310</height>
                <aspectratio>scale</aspectratio>
                <texture colordiffuse="$VAR[diffusemenu]">$VAR[bgimg2]</texture>
            </control>
            <control type="image" description="List back Border">
                <posx>680</posx>
                <top>385</top>
                <width>560</width>
                <height>310</height>
                <aspectratio>stretch</aspectratio>
                <texture colordiffuse="$VAR[diffuseborder]">borders/Dialogborder.png</texture>
            </control>	

			
            <control type="grouplist" id="9000">
                <onleft>450</onleft>
                <onright>450</onright>
                <include>DialogGLs</include>
                <control type="button" id="413" description="Ok">
                    <include>DialogButt</include>
                    <label>186</label>
                </control>
                <control type="button" id="414" description="Cancel">
                    <include>DialogButt</include>
                    <label>222</label>
                </control>
                <control type="button" id="415" description="Create folder">
                    <include>DialogButt</include>
                    <label>119</label>
                </control>
                <control type="radiobutton" id="416" description="Horizontal Flip">
                    <radioposx>630</radioposx>
                    <include>DialogButt</include>
                    <label>$LOCALIZE[749]</label>
                </control>
            </control>
        </control>
        <control type="label" id="412" description="Main Label">
            <posx>30</posx>
            <top>1029</top>
            <height>45</height>
            <width>1050</width>
            <scroll>false</scroll>
            <haspath>true</haspath>
            <font>size28</font>
            <textcolor>$VAR[diffusetext]</textcolor>
            <label>$INFO[ListItem.Label]</label>
        </control>
        <control type="scrollbar" id="60">
            <posx>16r</posx>
            <top>147</top>
            <height>882</height>
            <onleft>450</onleft>
            <onright>9000</onright>
        </control>
    </controls>
</window>
