<?xml version="1.0" encoding="UTF-8"?>
<fonts>
    <fontset id="Default">
        <!--Fonts for GeneralAddons-->
        <font>
            <name>font10</name>
            <filename>Default.ttf</filename>
            <size>21</size>
        </font>
        <font>
            <name>font13</name>
            <filename>Default.ttf</filename>
            <size>28</size>
        </font>
        <font>
            <name>font14</name>
            <filename>Default.ttf</filename>
            <size>28</size>
        </font>
        <font>
            <name>font12</name>
            <filename>Default.ttf</filename>
            <size>26</size>
        </font>
        <font>
            <name>special13</name>
            <filename>Default.ttf</filename>
            <size>21</size>
        </font>
        <!-- End of GeneralAddons fonts -->
		<!-- View Fonts -->
        <font>
            <name>plot</name>
            <filename>Default.ttf</filename>
            <size>30</size>
        </font>
        <!-- End of View Fonts -->		
        <font>
            <name>XS</name>
            <filename>Default.ttf</filename>
            <size>18</size>
        </font>
        <font>
            <name>size21</name>
            <filename>Default.ttf</filename>
            <size>21</size>
        </font>
        <font>
            <name>size22</name>
            <filename>Default.ttf</filename>
            <size>22</size>
        </font>
        <font>
            <name>size24</name>
            <filename>Default.ttf</filename>
            <size>24</size>
        </font>
        <font>
            <name>size24B</name>
            <filename>Default.ttf</filename>
            <size>24</size>
            <style>bold</style>
        </font>
        <font>
            <name>size26</name>
            <filename>Default.ttf</filename>
            <size>26</size>
        </font>
        <font>
            <name>size26B</name>
            <filename>Default.ttf</filename>
            <size>26</size>
            <style>bold</style>
        </font>
        <font>
            <name>size27</name>
            <filename>Default.ttf</filename>
            <size>27</size>
        </font>
        <font>
            <name>size28</name>
            <filename>Default.ttf</filename>
            <size>28</size>
        </font>
        <font>
            <name>size30</name>
            <filename>Default.ttf</filename>
            <size>30</size>
        </font>		
        <font>
            <name>size30B</name>
            <filename>Default.ttf</filename>
            <size>30</size>
            <style>bold</style>
        </font>
        <font>
            <name>size33</name>
            <filename>Default.ttf</filename>
            <size>33</size>
        </font>
        <font>
            <name>size33B</name>
            <filename>Default.ttf</filename>
            <size>33</size>
            <style>bold</style>
        </font>
        <font>
            <name>size34</name>
            <filename>Default.ttf</filename>
            <size>34</size>
        </font>
        <font>
            <name>size36</name>
            <filename>Default.ttf</filename>
            <size>36</size>
        </font>
        <font>
            <name>size36B</name>
            <filename>Default.ttf</filename>
            <size>36</size>
            <style>bold</style>
        </font>
        <font>
            <name>size38</name>
            <filename>Default.ttf</filename>
            <size>38</size>
        </font>
        <font>
            <name>size39</name>
            <filename>Default.ttf</filename>
            <size>39</size>
        </font>
        <font>
            <name>size39B</name>
            <filename>Default.ttf</filename>
            <size>39</size>
            <style>bold</style>
        </font>
        <font>
            <name>size42</name>
            <filename>Default.ttf</filename>
            <size>42</size>
        </font>
        <font>
            <name>size42B</name>
            <filename>Default.ttf</filename>
            <size>42</size>
            <style>bold</style>
        </font>
        <font>
            <name>size46</name>
            <filename>Default.ttf</filename>
            <size>46</size>
        </font>		
        <font>
            <name>size46B</name>
            <filename>Default.ttf</filename>
            <size>46</size>
            <style>bold</style>
        </font>
        <font>
            <name>size50</name>
            <filename>Default.ttf</filename>
            <size>50</size>
        </font>			
        <font>
            <name>size50B</name>
            <filename>Default.ttf</filename>
            <size>50</size>
            <style>bold</style>
        </font>				
        <font>
            <name>size60B</name>
            <filename>Default.ttf</filename>
            <size>60</size>
            <style>bold</style>
        </font>
        <font>
            <name>size212</name>
            <filename>Default.ttf</filename>
            <size>142</size>
            <style>bold</style>
        </font>
        <font>
            <name>giant</name>
            <filename>Default.ttf</filename>
            <size>600</size>
            <style>bold</style>
        </font>
    </fontset>
    <fontset id="Big">
        <!--Fonts for GeneralAddons-->	
        <font>
            <name>font10</name>
            <filename>Big.ttf</filename>
            <size>26</size>
        </font>
        <font>
            <name>font13</name>
            <filename>Big.ttf</filename>
            <size>30</size>
        </font>
        <font>
            <name>font14</name>
            <filename>Big.ttf</filename>
            <size>30</size>
        </font>
        <font>
            <name>font12</name>
            <filename>Big.ttf</filename>
            <size>26</size>
        </font>
        <font>
            <name>special13</name>
            <filename>Big.ttf</filename>
            <size>26</size>
        </font>
		<!-- End of GeneralAddons fonts -->
		<!-- View Fonts -->
        <font>
            <name>plot</name>
            <filename>Big.ttf</filename>
            <size>34</size>
        </font>
        <!-- End of View Fonts -->       
        <font>
            <name>XS</name>
            <filename>Big.ttf</filename>
            <size>23</size>
        </font>
        <font>
            <name>size21</name>
            <filename>Big.ttf</filename>
            <size>26</size>
        </font>
        <font>
            <name>size22</name>
            <filename>Big.ttf</filename>
            <size>27</size>
        </font>
        <font>
            <name>size24</name>
            <filename>Big.ttf</filename>
            <size>29</size>
        </font>
        <font>
            <name>size24B</name>
            <filename>Big.ttf</filename>
            <size>29</size>
            <style>Bold</style>
        </font>
        <font>
            <name>size26</name>
            <filename>Big.ttf</filename>
            <size>31</size>
        </font>	
        <font>
            <name>size26B</name>
            <filename>Big.ttf</filename>
            <size>31</size>
            <style>Bold</style>
        </font>
        <font>
            <name>size27</name>
            <filename>Big.ttf</filename>
            <size>32</size>
        </font>
        <font>
            <name>size28</name>
            <filename>Big.ttf</filename>
            <size>33</size>
        </font>
        <font>
            <name>size30</name>
            <filename>Big.ttf</filename>
            <size>35</size>
        </font>
        <font>
            <name>size30B</name>
            <filename>Big.ttf</filename>
            <size>35</size>
            <style>Bold</style>
        </font>			
        <font>
            <name>size33</name>
            <filename>Big.ttf</filename>
            <size>38</size>
        </font>
        <font>
            <name>size33B</name>
            <filename>Big.ttf</filename>
            <size>38</size>
            <style>Bold</style>
        </font>
        <font>
            <name>size34</name>
            <filename>Big.ttf</filename>
            <size>39</size>
        </font>
        <font>
            <name>size36</name>
            <filename>Big.ttf</filename>
            <size>41</size>
        </font>
        <font>
            <name>size36B</name>
            <filename>Big.ttf</filename>
            <size>41</size>
            <style>Bold</style>
        </font>
        <font>
            <name>size38</name>
            <filename>Big.ttf</filename>
            <size>43</size>
        </font>
        <font>
            <name>size39</name>
            <filename>Big.ttf</filename>
            <size>44</size>
        </font>
        <font>
            <name>size39B</name>
            <filename>Big.ttf</filename>
            <size>44</size>
            <style>Bold</style>
        </font>
        <font>
            <name>size42</name>
            <filename>Big.ttf</filename>
            <size>47</size>
        </font>
        <font>
            <name>size42B</name>
            <filename>Big.ttf</filename>
            <size>47</size>
            <style>Bold</style>
        </font>
        <font>
            <name>size46</name>
            <filename>Big.ttf</filename>
            <size>51</size>
        </font>		
        <font>
            <name>size46B</name>
            <filename>Big.ttf</filename>
            <size>51</size>
            <style>Bold</style>
        </font>	
        <font>
            <name>size50</name>
            <filename>Big.ttf</filename>
            <size>55</size>
        </font>		
        <font>
            <name>size50B</name>
            <filename>Big.ttf</filename>
            <size>55</size>
            <style>Bold</style>
        </font>				
        <font>
            <name>size60B</name>
            <filename>Big.ttf</filename>
            <size>65</size>
            <style>Bold</style>
        </font>
        <font>
            <name>size212</name>
            <filename>Big.ttf</filename>
            <size>147</size>
            <style>Bold</style>
        </font>
        <font>
            <name>giant</name>
            <filename>Big.ttf</filename>
            <size>605</size>
            <style>Bold</style>
        </font>
    </fontset>	
    <fontset id="Bold">
        <!--Fonts for GeneralAddons-->
        <font>
            <name>font10</name>
            <filename>Bold.ttf</filename>
            <size>21</size>
        </font>
        <font>
            <name>font13</name>
            <filename>Bold.ttf</filename>
            <size>28</size>
        </font>
        <font>
            <name>font14</name>
            <filename>Bold.ttf</filename>
            <size>28</size>
        </font>
        <font>
            <name>font12</name>
            <filename>Bold.ttf</filename>
            <size>26</size>
        </font>
        <font>
            <name>special13</name>
            <filename>Bold.ttf</filename>
            <size>21</size>
        </font>
        <!-- End of GeneralAddons fonts -->	
		<!-- View Fonts -->
        <font>
            <name>plot</name>
            <filename>Bold.ttf</filename>
            <size>30</size>
        </font>
        <!-- End of View Fonts -->	
        <font>
            <name>font13</name>
            <filename>Bold.ttf</filename>
            <size>21</size>
        </font>
        <font>
            <name>size21</name>
            <filename>Bold.ttf</filename>
            <size>21</size>
        </font>
        <font>
            <name>size22</name>
            <filename>Bold.ttf</filename>
            <size>22</size>
        </font>
        <font>
            <name>size24</name>
            <filename>Bold.ttf</filename>
            <size>24</size>
        </font>
        <font>
            <name>size24B</name>
            <filename>Bold.ttf</filename>
            <size>24</size>
            <style>bold</style>
        </font>
        <font>
            <name>size26</name>
            <filename>Bold.ttf</filename>
            <size>26</size>
        </font>
        <font>
            <name>size26B</name>
            <filename>Bold.ttf</filename>
            <size>26</size>
        </font>
        <font>
            <name>size27</name>
            <filename>Bold.ttf</filename>
            <size>27</size>
        </font>
        <font>
            <name>size28</name>
            <filename>Bold.ttf</filename>
            <size>28</size>
        </font>
        <font>
            <name>size30</name>
            <filename>Bold.ttf</filename>
            <size>30</size>
        </font>	
        <font>
            <name>size33</name>
            <filename>Bold.ttf</filename>
            <size>33</size>
        </font>
        <font>
            <name>size33B</name>
            <filename>Bold.ttf</filename>
            <size>33</size>
            <style>bold</style>
        </font>
        <font>
            <name>size34</name>
            <filename>Bold.ttf</filename>
            <size>34</size>
        </font>
        <font>
            <name>size36</name>
            <filename>Bold.ttf</filename>
            <size>36</size>
        </font>
        <font>
            <name>size36B</name>
            <filename>Bold.ttf</filename>
            <size>36</size>
            <style>bold</style>
        </font>
        <font>
            <name>size38</name>
            <filename>Bold.ttf</filename>
            <size>38</size>
        </font>
        <font>
            <name>size39</name>
            <filename>Bold.ttf</filename>
            <size>39</size>
        </font>
        <font>
            <name>size39B</name>
            <filename>Bold.ttf</filename>
            <size>39</size>
            <style>bold</style>
        </font>
        <font>
            <name>size28</name>
            <filename>Bold.ttf</filename>
            <size>42</size>
        </font>
        <font>
            <name>size42B</name>
            <filename>Bold.ttf</filename>
            <size>42</size>
            <style>bold</style>
        </font>
        <font>
            <name>size46</name>
            <filename>Bold.ttf</filename>
            <size>46</size>
        </font>		
        <font>
            <name>size46B</name>
            <filename>Bold.ttf</filename>
            <size>46</size>
            <style>bold</style>
        </font>	
        <font>
            <name>size50</name>
            <filename>Bold.ttf</filename>
            <size>50</size>
        </font>			
        <font>
            <name>size50B</name>
            <filename>Bold.ttf</filename>
            <size>50</size>
            <style>bold</style>
        </font>			
        <font>
            <name>size60B</name>
            <filename>Bold.ttf</filename>
            <size>60</size>
            <style>bold</style>
        </font>
        <font>
            <name>size212</name>
            <filename>Bold.ttf</filename>
            <size>142</size>
            <style>bold</style>
        </font>
        <font>
            <name>giant</name>
            <filename>Bold.ttf</filename>
            <size>600</size>
            <style>bold</style>
        </font>
    </fontset>
    <!--fontset id="BignBold">
        <font>
            <name>font10</name>
            <filename>BignBold.ttf</filename>
            <size>26</size>
        </font>
        <font>
            <name>font13</name>
            <filename>BignBold.ttf</filename>
            <size>26</size>
        </font>
        <font>
            <name>font14</name>
            <filename>BignBold.ttf</filename>
            <size>26</size>
        </font>
        <font>
            <name>font12</name>
            <filename>BignBold.ttf</filename>
            <size>26</size>
        </font>
        <font>
            <name>special13</name>
            <filename>BignBold.ttf</filename>
            <size>26</size>
        </font>
        <font>
            <name>plot</name>
            <filename>BignBold.ttf</filename>
            <size>34</size>
        </font>		
        <font>
            <name>XS</name>
            <filename>BignBold.ttf</filename>
            <size>23</size>
        </font>
        <font>
            <name>size21</name>
            <filename>BignBold.ttf</filename>
            <size>26</size>
        </font>
        <font>
            <name>size22</name>
            <filename>BignBold.ttf</filename>
            <size>27</size>
        </font>
        <font>
            <name>size24</name>
            <filename>BignBold.ttf</filename>
            <size>29</size>
        </font>
        <font>
            <name>size24B</name>
            <filename>BignBold.ttf</filename>
            <size>29</size>
            <style>Bold</style>
        </font>
        <font>
            <name>size26</name>
            <filename>BignBold.ttf</filename>
            <size>31</size>
        </font>
        <font>
            <name>size26B</name>
            <filename>BignBold.ttf</filename>
            <size>31</size>
            <style>Bold</style>
        </font>
        <font>
            <name>size27</name>
            <filename>BignBold.ttf</filename>
            <size>32</size>
        </font>
        <font>
            <name>size28</name>
            <filename>BignBold.ttf</filename>
            <size>33</size>
        </font>
        <font>
            <name>size30</name>
            <filename>BignBold.ttf</filename>
            <size>35</size>
        </font>
        <font>
            <name>size30B</name>
            <filename>BignBold.ttf</filename>
            <size>35</size>
            <style>Bold</style>
        </font>
        <font>
            <name>size33</name>
            <filename>BignBold.ttf</filename>
            <size>38</size>
        </font>
        <font>
            <name>size33B</name>
            <filename>BignBold.ttf</filename>
            <size>38</size>
            <style>Bold</style>
        </font>
        <font>
            <name>size34</name>
            <filename>BignBold.ttf</filename>
            <size>39</size>
        </font>
        <font>
            <name>size36</name>
            <filename>BignBold.ttf</filename>
            <size>41</size>
        </font>
        <font>
            <name>size36B</name>
            <filename>BignBold.ttf</filename>
            <size>41</size>
            <style>Bold</style>
        </font>
        <font>
            <name>size38</name>
            <filename>BignBold.ttf</filename>
            <size>43</size>
        </font>
        <font>
            <name>size39</name>
            <filename>BignBold.ttf</filename>
            <size>44</size>
        </font>
        <font>
            <name>size39B</name>
            <filename>BignBold.ttf</filename>
            <size>44</size>
            <style>Bold</style>
        </font>
        <font>
            <name>size42</name>
            <filename>BignBold.ttf</filename>
            <size>47</size>
        </font>
        <font>
            <name>size42B</name>
            <filename>BignBold.ttf</filename>
            <size>47</size>
            <style>Bold</style>
        </font>
        <font>
            <name>size46B</name>
            <filename>BignBold.ttf</filename>
            <size>51</size>
            <style>Bold</style>
        </font>		
        <font>
            <name>size50B</name>
            <filename>BignBold.ttf</filename>
            <size>55</size>
            <style>Bold</style>
        </font>				
        <font>
            <name>size60B</name>
            <filename>BignBold.ttf</filename>
            <size>65</size>
            <style>Bold</style>
        </font>
        <font>
            <name>size212</name>
            <filename>BignBold.ttf</filename>
            <size>147</size>
            <style>Bold</style>
        </font>
        <font>
            <name>giant</name>
            <filename>BignBold.ttf</filename>
            <size>605</size>
            <style>Bold</style>
        </font>
    </fontset>	
    <fontset id="Bolder">
        <font>
            <name>plot</name>
            <filename>Bolder.ttf</filename>
            <size>30</size>
        </font>	
        <font>
            <name>font13</name>
            <filename>Bolder.ttf</filename>
            <size>21</size>
        </font>
        <font>
            <name>size21</name>
            <filename>Bolder.ttf</filename>
            <size>21</size>
        </font>
        <font>
            <name>size22</name>
            <filename>Bolder.ttf</filename>
            <size>22</size>
        </font>
        <font>
            <name>size24</name>
            <filename>Bolder.ttf</filename>
            <size>24</size>
        </font>
        <font>
            <name>size24B</name>
            <filename>Bolder.ttf</filename>
            <size>24</size>
            <style>bold</style>
        </font>
        <font>
            <name>size26</name>
            <filename>Bolder.ttf</filename>
            <size>26</size>
        </font>
        <font>
            <name>size26B</name>
            <filename>Bolder.ttf</filename>
            <size>26</size>
        </font>
        <font>
            <name>size27</name>
            <filename>Bolder.ttf</filename>
            <size>27</size>
        </font>
        <font>
            <name>size28</name>
            <filename>Bolder.ttf</filename>
            <size>28</size>
        </font>
        <font>
            <name>size30</name>
            <filename>Bolder.ttf</filename>
            <size>30</size>
        </font>		
        <font>
            <name>size33</name>
            <filename>Bolder.ttf</filename>
            <size>33</size>
        </font>
        <font>
            <name>size33B</name>
            <filename>Bolder.ttf</filename>
            <size>33</size>
            <style>bold</style>
        </font>
        <font>
            <name>size34</name>
            <filename>Bolder.ttf</filename>
            <size>34</size>
        </font>
        <font>
            <name>size36</name>
            <filename>Bolder.ttf</filename>
            <size>36</size>
        </font>
        <font>
            <name>size36B</name>
            <filename>Bolder.ttf</filename>
            <size>36</size>
            <style>bold</style>
        </font>
        <font>
            <name>size38</name>
            <filename>Bolder.ttf</filename>
            <size>38</size>
        </font>
        <font>
            <name>size39</name>
            <filename>Bolder.ttf</filename>
            <size>39</size>
        </font>
        <font>
            <name>size39B</name>
            <filename>Bolder.ttf</filename>
            <size>39</size>
            <style>bold</style>
        </font>
        <font>
            <name>size28</name>
            <filename>Bolder.ttf</filename>
            <size>42</size>
        </font>
        <font>
            <name>size42B</name>
            <filename>Bolder.ttf</filename>
            <size>42</size>
            <style>bold</style>
        </font>
        <font>
            <name>size46B</name>
            <filename>Bolder.ttf</filename>
            <size>46</size>
            <style>bold</style>
        </font>		
        <font>
            <name>size50B</name>
            <filename>Bolder.ttf</filename>
            <size>50</size>
            <style>bold</style>
        </font>			
        <font>
            <name>size60B</name>
            <filename>Bolder.ttf</filename>
            <size>60</size>
            <style>bold</style>
        </font>
        <font>
            <name>size212</name>
            <filename>Bolder.ttf</filename>
            <size>142</size>
            <style>bold</style>
        </font>
        <font>
            <name>giant</name>
            <filename>Bolder.ttf</filename>
            <size>600</size>
            <style>bold</style>
        </font>
    </fontset>
    <fontset id="BignBolder">
        <font>
            <name>font10</name>
            <filename>BignBolder.ttf</filename>
            <size>26</size>
        </font>
        <font>
            <name>font13</name>
            <filename>BignBolder.ttf</filename>
            <size>26</size>
        </font>
        <font>
            <name>font14</name>
            <filename>BignBolder.ttf</filename>
            <size>26</size>
        </font>
        <font>
            <name>font12</name>
            <filename>BignBolder.ttf</filename>
            <size>26</size>
        </font>
        <font>
            <name>special13</name>
            <filename>BignBolder.ttf</filename>
            <size>26</size>
        </font>
        <font>
            <name>plot</name>
            <filename>BignBolder.ttf</filename>
            <size>34</size>
        </font>		
        <font>
            <name>XS</name>
            <filename>BignBolder.ttf</filename>
            <size>23</size>
        </font>
        <font>
            <name>size21</name>
            <filename>BignBolder.ttf</filename>
            <size>26</size>
        </font>
        <font>
            <name>size22</name>
            <filename>BignBolder.ttf</filename>
            <size>27</size>
        </font>
        <font>
            <name>size24</name>
            <filename>BignBolder.ttf</filename>
            <size>29</size>
        </font>
        <font>
            <name>size24B</name>
            <filename>BignBolder.ttf</filename>
            <size>29</size>
            <style>Bold</style>
        </font>
        <font>
            <name>size26</name>
            <filename>BignBolder.ttf</filename>
            <size>31</size>
        </font>
        <font>
            <name>size26B</name>
            <filename>BignBolder.ttf</filename>
            <size>31</size>
            <style>Bold</style>
        </font>
        <font>
            <name>size27</name>
            <filename>BignBolder.ttf</filename>
            <size>32</size>
        </font>
        <font>
            <name>size28</name>
            <filename>BignBolder.ttf</filename>
            <size>33</size>
        </font>
        <font>
            <name>size30</name>
            <filename>BignBolder.ttf</filename>
            <size>35</size>
        </font>
        <font>
            <name>size30B</name>
            <filename>BignBolder.ttf</filename>
            <size>35</size>
            <style>Bold</style>
        </font>
        <font>
            <name>size33</name>
            <filename>BignBolder.ttf</filename>
            <size>38</size>
        </font>
        <font>
            <name>size33B</name>
            <filename>BignBolder.ttf</filename>
            <size>38</size>
            <style>Bold</style>
        </font>
        <font>
            <name>size34</name>
            <filename>BignBolder.ttf</filename>
            <size>39</size>
        </font>
        <font>
            <name>size36</name>
            <filename>BignBolder.ttf</filename>
            <size>41</size>
        </font>
        <font>
            <name>size36B</name>
            <filename>BignBolder.ttf</filename>
            <size>41</size>
            <style>Bold</style>
        </font>
        <font>
            <name>size38</name>
            <filename>BignBolder.ttf</filename>
            <size>43</size>
        </font>
        <font>
            <name>size39</name>
            <filename>BignBolder.ttf</filename>
            <size>44</size>
        </font>
        <font>
            <name>size39B</name>
            <filename>BignBolder.ttf</filename>
            <size>44</size>
            <style>Bold</style>
        </font>
        <font>
            <name>size42</name>
            <filename>BignBolder.ttf</filename>
            <size>47</size>
        </font>
        <font>
            <name>size42B</name>
            <filename>BignBolder.ttf</filename>
            <size>47</size>
            <style>Bold</style>
        </font>
        <font>
            <name>size46B</name>
            <filename>BignBolder.ttf</filename>
            <size>51</size>
            <style>Bold</style>
        </font>		
        <font>
            <name>size50B</name>
            <filename>BignBolder.ttf</filename>
            <size>55</size>
            <style>Bold</style>
        </font>				
        <font>
            <name>size60B</name>
            <filename>BignBolder.ttf</filename>
            <size>65</size>
            <style>Bold</style>
        </font>
        <font>
            <name>size212</name>
            <filename>BignBolder.ttf</filename>
            <size>147</size>
            <style>Bold</style>
        </font>
        <font>
            <name>giant</name>
            <filename>BignBolder.ttf</filename>
            <size>605</size>
            <style>Bold</style>
        </font>
    </fontset-->		
</fonts>

