<?xml version="1.0" encoding="UTF-8"?>
<includes>
    <include file="home/homeiconlayouts.xml" />
    <include file="home/homepanel.xml" />	
    <include file="home/homecustomiconlayouts.xml" />	
    <include file="home/homepanel_custom.xml" />	
    <include file="Includes_Variables.xml" />
    <include file="Defaults.xml" />
    <include file="CommonViews.xml" />
	<include file="IncludesTouchSupport.xml" />
    <!--VIDEOVIEWS-->
    <include file="views/list1.xml" />
    <include file="views/list2.xml" />	
    <include file="views/list3.xml" />
	<include file="views/list4.xml" />	
    <include file="views/banners.xml" />
    <include file="views/fanart.xml" />
    <include file="views/icons1.xml" />
    <include file="views/icons2.xml" />
    <include file="views/icons3.xml" />
	<include file="views/icons4.xml" />
	<include file="views/icons5.xml" />	
    <!--VIDEOVIEWS-->
    <include file="views/Musicviews.xml" />
    <include file="views/PVRviews.xml" />
    <include file="views/Programviews.xml" />
    <include file="Includes_Home.xml" />
    <include file="Shelf_Elements.xml" />
    <include name="VisibleFade">
        <animation effect="fade" start="0" end="100" time="200">visiblechange</animation>
    </include>
    <include name="9000slide">
        <animation effect="slide" start="550,0" end="0,0" time="400" reversible="false">visiblechange</animation>
    </include>
<!--    BACKGROUND SETTINGS     -->	

   <!--include name="HomeBackground">
            <control type="image" description="HOME BG">
                <visible>Window.IsActive(Home.xml) + !Skin.HasTheme(Black) + ![[Skin.HasSetting(homeiconsio2) | Skin.HasSetting(homeiconsio2x)] + IsEmpty(Skin.String(CustomBgHomeMAIN))]]</visible>
                <left>0</left>
                <top>0</top>
                <width>1920</width>
                <height>1080</height>
                <texture>$VAR[bgimghome]</texture>
                <colordiffuse>$VAR[diffusehome]</colordiffuse>   
            </control>	
            <control type="image" description="HOME BG SiO2">
                <visible>Window.IsActive(Home.xml) + !Skin.HasTheme(Black) + [[Skin.HasSetting(homeiconsio2) | Skin.HasSetting(homeiconsio2x)] + IsEmpty(Skin.String(CustomBgHomeMAIN))]</visible>
				<animation condition="![Container(9000).Row(0) | Container(9000).Row(1)]" effect="slide" start="0,0" end="0,-500" time="220">Conditonal</animation>  
                <left>0</left>
                <top>0</top>
                <width>1920</width>
                <height>1580</height>
                <texture>$VAR[bgimghome]</texture>
            </control>		
   </include-->
    
<!--NEWEST-->   <!--include name="HomeBackground">
            <control type="image" description="HOME BG">
                <visible>Window.IsActive(Home.xml) + !Skin.HasTheme(Black) + !IsEmpty(Skin.String(CustomBgHomeMAIN))</visible>
                <left>0</left>
                <top>0</top>
                <width>1920</width>
                <height>1080</height>
                <texture>$VAR[bgimghome]</texture>
                <colordiffuse>$VAR[diffusehome]</colordiffuse>   
            </control>	
            <control type="image" description="HOME BG SiO2">
                <visible>Window.IsActive(Home.xml) + !Skin.HasTheme(Black) + IsEmpty(Skin.String(CustomBgHomeMAIN))</visible>
				<animation condition="![Container(9000).Row(0) | Container(9000).Row(1)]" effect="slide" start="0,0" end="0,-500" time="220">Conditonal</animation>  
                <left>0</left>
                <top>0</top>
                <width>1920</width>
                <height>1580</height>
                <texture>images/HomeBG.png</texture>
				<aspectratio>stretch</aspectratio>
            </control>		
   </include-->   

   <include name="HomeBackground">  
            <control type="image" description="Top Shelf">
                <visible>Window.IsActive(Home.xml) + Skin.HasSetting(homeshelf) + [!Player.HasVideo | Skin.HasSetting(homevidpreview)]</visible>
				<animation condition="![Container(9000).Row(0) | Container(9000).Row(1)]" effect="slide" start="0,0" end="0,-540" time="220">Conditonal</animation>  
                <left>0</left>
                <top>0</top>
                <width>1920</width>
                <height>539</height>
                <texture>$VAR[bgimghomeshelf]</texture>
                <colordiffuse>$VAR[diffuseshelf]</colordiffuse> 				
				<aspectratio>stretch</aspectratio>
            </control>			
            <control type="image" description="Bottom Home BG">
                <visible>Window.IsActive(Home.xml) + Skin.HasSetting(homeshelf) + [!Player.HasVideo | Skin.HasSetting(homevidpreview)]</visible>
				<animation condition="![Container(9000).Row(0) | Container(9000).Row(1)]" effect="slide" start="0,0" end="0,-500" time="220">Conditonal</animation> 				
                <left>0</left>
                <top>539</top>
                <width>1920</width>
                <height>1080</height>
                <texture>$VAR[bgimghome]</texture>
                <!--texture>special://skin/backgrounds/default.jpg</texture-->				
                <colordiffuse>$VAR[diffusehome]</colordiffuse>  
				<aspectratio>scale</aspectratio>
            </control>
			<control type="image" description="Shelf Shader">
				<visible>Window.IsActive(Home.xml) + Skin.HasSetting(homeshelf) + [!Player.HasVideo | Skin.HasSetting(homevidpreview)]</visible>
				<animation condition="![Container(9000).Row(0) | Container(9000).Row(1)]" effect="slide" start="0,0" end="0,-500" time="220">Conditonal</animation>
				<top>539</top>
				<width>1920</width>
				<height>80</height>
				<texture colordiffuse="black">Shades/shelfshader.png</texture>
				<aspectratio>scale</aspectratio>
			</control>			
            <control type="image" description="HOME BG">
                <visible>Window.IsActive(Home.xml) + !Skin.HasSetting(homeshelf) + [!Player.HasVideo | Skin.HasSetting(homevidpreview)] + !Skin.HasSetting(homebgscroll)</visible>
				<animation condition="!Container(9000).Row(0) | Container(9000).HasPrevious()" effect="slide" start="0,0" end="0,-590" time="220">Conditonal</animation>
                <left>0</left>
                <top>0</top>
                <width>1920</width>
                <height>1080</height>
                <texture>$VAR[bgimghome]</texture>
                <colordiffuse>$VAR[diffusehome]</colordiffuse> 				
            </control>			
            <control type="image" description="HOME BG">
                <visible>Window.IsActive(Home.xml) + !Skin.HasSetting(homeshelf) + [!Player.HasVideo | Skin.HasSetting(homevidpreview)] + Skin.HasSetting(homebgscroll)</visible>
                <left>0</left>
                <top>0</top>
                <width>1920</width>
                <height>1080</height>
                <texture>$VAR[bgimghome]</texture>
                <colordiffuse>$VAR[diffusehome]</colordiffuse> 				
            </control>						
			<control type="videowindow">
				<top>0</top>
				<width>1920</width>
				<height>1080</height>
				<visible>Window.IsActive(Home.xml) + Player.HasVideo + !Skin.HasSetting(homevidpreview)</visible>
				<aspectratio>scale</aspectratio>
			</control>		
   </include>   
   <include name="BlackBackground">
        <control type="group">
            <control type="image" description="Default BG">
                <left>0</left>
                <top>0</top>
                <width>1920</width>
                <height>1080</height>
                <texture>images/white.png</texture>
                <colordiffuse>black</colordiffuse>
            </control>		
            <control type="image" description="Default BG">
                <visible>!Window.IsActive(Home.xml)</visible>
                <left>0</left>
                <top>0</top>
                <width>1920</width>
                <height>1080</height>
                <fadetime>200</fadetime>
                <texture background="true">$VAR[bgimg]</texture>
                <aspectratio align="left">scale</aspectratio>
                <colordiffuse>$VAR[diffusebg]</colordiffuse> <!-- BG Diffuse color -->
            </control>
            <control type="image" description="Default BG">
                <visible>Window.IsActive(Home.xml) + Window.IsVisible(DialogSelect.xml)</visible>
                <left>0</left>
                <top>0</top>
                <width>1920</width>
                <height>1080</height>
                <fadetime>200</fadetime>
                <texture background="true">$VAR[bgimg]</texture>
                <aspectratio align="left">scale</aspectratio>
                <colordiffuse>$VAR[diffusebg]</colordiffuse> <!-- BG Diffuse color -->
            </control>												
            <control type="image" description="Default BG">
                <visible>!IsEmpty(ListItem.Art(fanart)) + !Skin.HasSetting(disablefanart)</visible>
                <left>0</left>
                <top>0</top>
                <width>1920</width>
                <height>1080</height>
                <fadetime>200</fadetime>
                <texture background="true">$VAR[bgimg]</texture>
				<aspectratio align="left">scale</aspectratio>
                <colordiffuse>$VAR[diffusefanartbg]</colordiffuse>
            </control>
            <!--control type="image" description="Default BG">
                <visible>Window.IsActive(Home.xml) + !Skin.HasTheme(Black) + Skin.HasSetting(homediffuse1)</visible>
                <left>0</left>
                <top>0</top>
                <width>1920</width>
                <height>1080</height>
                <fadetime>200</fadetime>
                <texture background="true">$VAR[bgimg]</texture>
                <colordiffuse>$VAR[diffusehome]</colordiffuse>   <!-- HomeBG Diffuse color >
            </control-->	
<!-- touchscreen support -->
			<include condition="Skin.HasSetting(EnableTouchSupport)">TouchControlsFooter</include>			
			<include condition="Skin.HasSetting(EnableTouchSupport)">TouchControlsHome</include>
		
        </control>
    </include>	
<!--    BACKGROUND SETTINGS END     -->	

    <include name="OpenClose">
        <animation effect="fade" time="150">WindowOpen</animation>
        <animation effect="fade" time="150">WindowClose</animation>
    </include>
    <include name="DialogOpenClose">
        <animation type="WindowOpen">
            <effect type="fade" start="0" end="100" time="240" />
            <effect type="zoom" tween="cubic" easing="out" start="30" end="100" center="960,540" time="240" />
        </animation>
        <animation type="WindowClose">
            <effect type="fade" start="100" end="0" time="140" />
            <effect type="zoom" tween="cubic" easing="in" start="100" end="30" center="960,540" time="140" />
        </animation>
    </include>
    <include name="DialogOpenCloseVisible">
        <animation type="Visible">
            <effect type="fade" start="0" end="100" time="240" />
            <effect type="zoom" tween="cubic" easing="out" start="30" end="100" center="960,340" time="240" />
        </animation>
        <animation type="Hidden">
            <effect type="fade" start="100" end="0" time="140" />
            <effect type="zoom" tween="cubic" easing="in" start="100" end="30" center="960,340" time="140" />
        </animation>
    </include>
    <include name="Fanart_Fade">
        <fadetime>320</fadetime>
        <animation effect="fade" time="320">Visible</animation>
        <animation effect="fade" time="280">Hidden</animation>
    </include>
    <include name="Icon_Fade">
        <fadetime>200</fadetime>
        <animation effect="fade" time="200">Visible</animation>
        <animation effect="fade" time="100">Hidden</animation>
    </include>
    <include name="HiddenButton">
        <posx>-30</posx>
        <top>-30</top>
        <width>1</width>
        <height>1</height>
        <label>-</label>
        <texturenofocus>-</texturenofocus>
        <texturefocus>-</texturefocus>
    </include>
    <include name="Heading">
        <posx>330</posx>
        <top>0</top>
        <align>center</align>
        <aligny>center</aligny>
        <width>1260</width>
        <height>75</height>
        <textcolor>$VAR[diffusetext]</textcolor>
        <font>size42</font>
    </include>
    <include name="HeadingL">
        <left>0</left>
        <top>20</top>
        <align>left</align>
        <aligny>center</aligny>
        <width>1110</width>
        <height>45</height>
        <textcolor>$VAR[diffusetext]</textcolor>
        <font>size42</font>
    </include>
    <include name="HeadingR">
        <left>960</left>
        <top>50</top>
        <width>960</width>
        <height>75</height>
        <align>center</align>
        <aligny>bottom</aligny>
        <textcolor>$VAR[diffusetext]</textcolor>
        <font>size42</font>
    </include>
    <include name="Dimensions_Fullscreen">
        <posx>0</posx>
        <top>0</top>
        <width>1920</width>
        <height>1080</height>
    </include>
    <include name="WindowsTopInfos">
        <control type="grouplist">

            <right>10</right>
            <orientation>horizontal</orientation>
            <itemgap>15</itemgap>
            <align>right</align>
            <control type="label" description="Clock">
                <visible>!Skin.HasSetting(HideClock)</visible>
				<width>300</width>
                <height>40</height>
                <align>right</align>
                <font>size33</font>
                <label>$INFO[System.Time]</label>
            </control>
        </control>
        <!--VIEWTOPINFOS-->
        <control type="grouplist" description="LIST + BIGLIST">
            <visible>!Window.IsActive(DialogPictureInfo.xml)</visible>
            <visible>Control.IsVisible(50) | Control.IsVisible(51)</visible>
            <top>20</top>
            <centerleft>1400</centerleft>
            <width>880</width>
            <height>100</height>
            <align>center</align>
            <orientation>horizontal</orientation>
            <control type="label" id="7777" description="Heading">
                <width>auto</width>
                <height>100</height>
                <font>size50</font>
                <scroll>false</scroll>
                <label>$VAR[RootLabel]</label>
            </control>
            <!--control type="label" description="Number of files">
                <width>auto</width>
                <height>70</height>
                <font>size22</font>
                <textcolor>$VAR[diffusetext]</textcolor>
                <label>$INFO[Container.NumItems, (,)]</label>
            </control-->
        </control>
        <control type="grouplist" description="List2-Slider">
            <visible>!Window.IsActive(DialogPictureInfo.xml)</visible>
            <visible>Control.IsVisible(52)</visible>
            <top>40</top>
            <centerleft>1630</centerleft>
            <width>580</width>
            <height>60</height>
            <align>center</align>
            <orientation>horizontal</orientation>
            <control type="label" id="7777" description="Heading">
                <width>auto</width>
                <height>60</height>
                <font>size42</font>
                <scroll>false</scroll>
                <label>$VAR[RootLabel]</label>
            </control>
            <control type="label" description="Number of files">
                <width>auto</width>
                <height>70</height>
                <font>size22</font>
                <textcolor>$VAR[diffusetext]</textcolor>
                <label>$INFO[Container.NumItems, (,)]</label>
            </control>
        </control>
        <control type="grouplist" description="ukn">
            <visible>!Window.IsActive(DialogPictureInfo.xml)</visible>
            <visible>Control.IsVisible(575)</visible>
            <top>15</top>
            <centerleft>1440</centerleft>
            <width>580</width>
            <height>60</height>
            <align>center</align>
            <orientation>horizontal</orientation>
            <control type="label" id="7777" description="Heading">
                <width>auto</width>
                <height>60</height>
                <font>size42</font>
                <scroll>false</scroll>
                <label>$VAR[RootLabel]</label>
            </control>
            <control type="label" description="Number of files">
                <width>auto</width>
                <height>70</height>
                <font>size22</font>
                <textcolor>$VAR[diffusetext]</textcolor>
                <label>$INFO[Container.NumItems, (,)]</label>
            </control>
        </control>
        <control type="grouplist" description="centered">
            <visible>!Window.IsActive(DialogPictureInfo.xml)</visible>
            <visible>Control.IsVisible(53) | [Window.IsActive(myPVR) + [Control.IsVisible(10) | Control.IsVisible(15) | Control.IsVisible(14)]]</visible>
            <top>0</top>
            <centerleft>960</centerleft>
            <width>580</width>
            <height>60</height>
            <align>center</align>
            <orientation>horizontal</orientation>
            <control type="label" id="7777" description="Heading">
                <width>auto</width>
                <height>60</height>
                <font>size42</font>
                <scroll>false</scroll>
                <label>$VAR[RootLabel]</label>
            </control>
            <control type="label" description="Number of files">
                <width>auto</width>
                <height>70</height>
                <font>size22</font>
                <textcolor>$VAR[diffusetext]</textcolor>
                <label>$INFO[Container.NumItems, (,)]</label>
            </control>
        </control>
        <control type="grouplist" description="leftsided">
            <visible>!Window.IsActive(DialogPictureInfo.xml)</visible>
            <visible>Control.IsVisible(55) | Control.IsVisible(59)</visible>
            <top>0</top>
            <left>30</left>
            <width>580</width>
            <height>60</height>
            <align>left</align>
            <orientation>horizontal</orientation>
            <control type="label" id="7777" description="Heading">
                <width>auto</width>
                <height>60</height>
                <font>size42</font>
                <scroll>false</scroll>
                <label>$VAR[RootLabel]</label>
            </control>
            <control type="label" description="Number of files">
                <width>auto</width>
                <height>70</height>
                <font>size22</font>
                <textcolor>$VAR[diffusetext]</textcolor>
                <label>$INFO[Container.NumItems, (,)]</label>
            </control>
        </control>
        <control type="group" description="Scroll letter">
            <visible>Container.Scrolling + !Control.IsVisible(53) + !Control.IsVisible(500)</visible>
            <animation effect="fade" start="0" end="100" time="50" delay="0" reversible="false">Visible</animation>
            <animation effect="fade" start="100" end="0" time="150" delay="250" reversible="false">Hidden</animation>
            <control type="image">
                <left>1388</left>
                <top>975</top>
                <width>81</width>
                <height>81</height>
                <texture border="12">images/SortLetterBG.png</texture>
            </control>
            <control type="label">
                <left>1388</left>
                <top>975</top>
                <width>81</width>
                <height>81</height>
                <align>center</align>
                <font>size38</font>
                <label>$INFO[ListItem.SortLetter]</label>
            </control>
        </control>
        <control type="group" description="Scroll letter">
            <visible>Container.Scrolling + Control.IsVisible(500) + Control.HasFocus(60)</visible>
            <animation effect="fade" start="0" end="100" time="50" delay="0" reversible="false">Visible</animation>
            <animation effect="fade" start="100" end="0" time="150" delay="250" reversible="false">Hidden</animation>
            <control type="image">
                <left>920</left>
                <top>975</top>
                <width>81</width>
                <height>81</height>
                <texture border="12">images/SortLetterBG.png</texture>
            </control>
            <control type="label">
                <left>920</left>
                <top>975</top>
                <width>81</width>
                <height>81</height>
                <align>center</align>
                <font>size38</font>
                <label>$INFO[ListItem.SortLetter]</label>
            </control>
        </control>
        <control type="group" description="Scroll letter">
            <visible>Container.Scrolling + Control.IsVisible(53)</visible>
            <animation effect="fade" start="0" end="100" time="50" delay="0" reversible="false">Visible</animation>
            <animation effect="fade" start="100" end="0" time="150" delay="250" reversible="false">Hidden</animation>
            <control type="image">
                <left>1800</left>
                <top>499</top>
                <width>81</width>
                <height>81</height>
                <texture border="12">images/SortLetterBG.png</texture>
            </control>
            <control type="label">
                <left>1800</left>
                <top>499</top>
                <width>81</width>
                <height>81</height>
                <align>center</align>
                <font>size38</font>
                <label>$INFO[ListItem.SortLetter]</label>
            </control>
        </control>
		
		
		
		
<!-- PLAYER INFO -->		
        <!--control type="group" description="Player Info">
            <visible>!Control.HasFocus(340) + Player.HasMedia + ![Window.IsActive(DialogBusy.xml) | Window.IsActive(VideoFullscreen.xml) | Window.IsActive(myPVR.xml)]</visible>
            <visible>!IntegerGreaterThan(Player.Time,8) | !IntegerGreaterThan(Player.TimeRemaining,8)</visible>
            <include>VisibleFade</include>
            <posx>15</posx>
            <top>960</top>
            <control type="image" description="Playing BG">
                <width>390</width>
                <height>105</height>
                <texture border="50" colordiffuse="$VAR[bgcolor1]">musicOSD/Back.png</texture>
            </control>
            <control type="group">
                <control type="image">
                    <posx>15</posx>
                    <top>15</top>
                    <width>75</width>
                    <height>75</height>
                    <texture>$INFO[MusicPlayer.Cover]</texture>
                    <aspectratio>keep</aspectratio>
                </control>
                <control type="image">
                    <posx>15</posx>
                    <top>15</top>
                    <width>75</width>
                    <height>75</height>
                    <texture>$INFO[VideoPlayer.Cover]</texture>
                    <aspectratio>keep</aspectratio>
                </control>
                <control type="label">
                    <posx>105</posx>
                    <top>9</top>
                    <aligny>center</aligny>
                    <width>261</width>
                    <height>36</height>
                    <font>size24</font>
                    <textcolor>$VAR[diffusetext]</textcolor>
                    <label>$INFO[MusicPlayer.Title]</label>
                </control>
                <control type="label">
                    <posx>105</posx>
                    <top>36</top>
                    <aligny>center</aligny>
                    <width>261</width>
                    <height>36</height>
                    <font>size21</font>
                    <label>$INFO[MusicPlayer.Artist]</label>
                </control>
                <control type="label">
                    <posx>105</posx>
                    <top>60</top>
                    <aligny>center</aligny>
                    <width>261</width>
                    <height>36</height>
                    <font>size21</font>
                    <label>$INFO[MusicPlayer.Album]</label>
                </control>
                <control type="label">
                    <posx>105</posx>
                    <top>9</top>
                    <aligny>center</aligny>
                    <width>261</width>
                    <height>36</height>
                    <font>size24</font>
                    <textcolor>$VAR[diffusetext]</textcolor>
                    <label>$INFO[VideoPlayer.Title]</label>
                </control>
                <control type="label">
                    <posx>105</posx>
                    <top>36</top>
                    <aligny>center</aligny>
                    <width>261</width>
                    <height>36</height>
                    <font>size21</font>
                    <label>$INFO[VideoPlayer.Artist]</label>
                </control>
                <control type="label">
                    <posx>105</posx>
                    <top>60</top>
                    <aligny>center</aligny>
                    <width>261</width>
                    <height>36</height>
                    <font>size21</font>
                    <label>$INFO[VideoPlayer.Album]</label>
                </control>
            </control>
        </control-->
    </include>
    <include name="OSDbarIcons">
        <width>68</width>
        <height>68</height>
        <aspectratio aligny="center" align="left">keep</aspectratio>
    </include>
    <include name="OSDbarIcons3D">
        <width>34</width>
        <height>68</height>
        <aspectratio aligny="center" align="left">stretch</aspectratio>
    </include>	
    <include name="PVRinfos">
        <!--control type="image">
            <description>background image</description>
            <posx>-170</posx>
            <top>-150</top>
            <width>1460</width>
            <height>800</height>
            <texture border="150" colordiffuse="$VAR[bgcolor1]">images/Dialog.png</texture>
            <visible>![Window.IsVisible(FullscreenVideo) | Window.IsVisible(Visualisation)]</visible>
        </control-->		
        <control type="image" description="DIALOG">
            <description>background image</description>
            <posx>0</posx>
            <top>-50</top>
            <width>1160</width>
            <height>600</height>
            <texture colordiffuse="$VAR[diffusemenu]">$VAR[bgimg2]</texture>
			<aspectratio>scale</aspectratio>
            <visible>![Window.IsVisible(FullscreenVideo) | Window.IsVisible(Visualisation)]</visible>
        </control>
        <control type="image" description="BORDER">
            <description>background image</description>
            <posx>0</posx>
            <top>-50</top>
            <width>1160</width>
            <height>600</height>
            <texture colordiffuse="$VAR[diffuseborder]">borders/Dialogborder.png</texture>
			<aspectratio>stretch</aspectratio>			
            <visible>![Window.IsVisible(FullscreenVideo) | Window.IsVisible(Visualisation)]</visible>
        </control>				
        <control type="image">
            <top>110</top>
            <width>1160</width>
            <height>1</height>
            <texture>lines/Line.png</texture>
        </control>
        <control type="image">
            <posx>0</posx>
            <top>370</top>
            <width>1160</width>
            <height>1</height>
            <texture>lines/Line.png</texture>
        </control>
        <!--control type="label">
            <description>header label</description>
            <posx>20</posx>
            <top>0</top>
            <width>1100</width>
            <height>30</height>
            <font>size26</font>
            <label>Program info</label>
            <align>center</align>
            <aligny>center</aligny>
            <textcolor>$VAR[diffusetext]</textcolor>
        </control-->
        <control type="label">
            <description>Title label</description>
            <posx>20</posx>
            <top>40</top>
            <width>1100</width>
            <height>30</height>
            <font>size33B</font>
            <label>$INFO[ListItem.Title]</label>
            <align>center</align>
            <aligny>center</aligny>
            <textcolor>$VAR[EPGtextcolor]</textcolor>
        </control>
        <control type="label">
            <description>Start time</description>
            <posx>20</posx>
            <top>75</top>
            <width>1100</width>
            <height>25</height>
            <align>center</align>
            <aligny>center</aligny>
            <font>size26</font>
            <textcolor>$VAR[diffusetext]</textcolor>
            <label>$LOCALIZE[142] $INFO[ListItem.StartTime]</label>
        </control>
        <control type="textbox" id="400">
            <description>Plot value</description>
            <posx>70</posx>
            <top>110</top>
            <width>1020</width>
            <height>260</height>
            <font>size26</font>
            <align>justify</align>
            <pagecontrol>-</pagecontrol>
            <label fallback="161">[COLOR=$VAR[diffusetext]]$INFO[ListItem.Plot][/COLOR]</label>
        </control>
        <control type="label">
            <description>Duration</description>
            <posx>60</posx>
            <top>390</top>
            <width>1000</width>
            <height>25</height>
            <align>center</align>
            <font>size26</font>
            <textcolor>$VAR[diffusetext]</textcolor>
            <label>$LOCALIZE[552]: $INFO[ListItem.StartDate] / $LOCALIZE[19148]: $INFO[ListItem.ChannelName]</label>
        </control>
        <control type="label">
            <description>Duration</description>
            <posx>60</posx>
            <top>420</top>
            <width>1000</width>
            <height>25</height>
            <align>center</align>
            <font>size26</font>
            <textcolor>$VAR[diffusetext]</textcolor>
            <label>$LOCALIZE[180]: $INFO[ListItem.Duration] / $LOCALIZE[135]: $INFO[ListItem.Genre]</label>
        </control>
    </include>
    <include name="User">
        <control type="group">
            <control type="image">
                <top>1000</top>
                <posx>10</posx>
                <width>80</width>
                <height>80</height>
                <aspectratio scalediffuse="false">scale</aspectratio>
                <texture background="true" diffuse="images/logindiffuse.png">$INFO[System.ProfileThumb]</texture>
            </control>
            <control type="label">
                <top>1000</top>
                <posx>100</posx>
                <width>1800</width>
                <height>80</height>
		<align>left</align>
                <label>Logged in as: $INFO[System.ProfileName]</label>
            </control>
        </control>
    </include>
    <include name="profilecontent">
        <control type="group">
            <posx>960</posx>
            <top>120</top>
            <control type="grouplist" id="5">
                <description>Control Area</description>
                <width>900</width>
                <height>810</height>
                <itemgap>0</itemgap>
                <aligny>top</aligny>
                <orientation>vertical</orientation>
                <onleft>noop</onleft>
                <onright>noop</onright>
                <onup>noop</onup>
                <ondown>28</ondown>
            </control>
            <control type="button" id="7">
                <animation effect="fade" end="0" time="30">UnFocus</animation>
                <posx>10</posx>
		<width>898</width>
                <height>81</height>
                <texture colordiffuse="$VAR[diffuseselect]">images/buttonselect1.png</texture>
            </control>
            <control type="radiobutton" id="8">
                <animation effect="fade" end="0" time="30">UnFocus</animation>
                <posx>10</posx>
		<width>898</width>
                <height>81</height>
                <texture colordiffuse="$VAR[diffuseselect]">images/buttonselect1.png</texture>
            </control>
            <control type="spincontrolex" id="9">
                <animation effect="fade" end="0" time="30">UnFocus</animation>
                <posx>10</posx>
		<width>898</width>
                <height>81</height>
                <texture colordiffuse="$VAR[diffuseselect]">images/buttonselect1.png</texture>
            </control>
            <control type="image" description="Line split">
                <top>879</top>
                <width>960</width>
                <height>1</height>
                <texture colordiffuse="$VAR[diffuselines]">lines/Line.png</texture>
                <aspectratio>stretch</aspectratio>
            </control>
        </control>
        <control type="grouplist">
            <left>960</left>
            <top>1000</top>
            <width>960</width>
            <height>80</height>
            <itemgap>0</itemgap>
            <aligny>top</aligny>
            <orientation>horizontal</orientation>
            <onleft>noop</onleft>
            <onright>noop</onright>
            <onup>5</onup>
            <ondown>noop</ondown>
            <control type="button" id="28" description="OK">
                <width>480</width>
                <label>186</label>
                <texturefocus colordiffuse="$VAR[diffuseselect]">images/buttonselect2.png</texturefocus>
            </control>
            <control type="button" id="29" description="Cancel">
                <width>480 </width>
                <label>222</label>
                <texturefocus colordiffuse="$VAR[diffuseselect]">images/buttonselect2.png</texturefocus>
            </control>
        </control>
    </include>

	<include name="homecustomdefault">
        <posx>23</posx>
        <posy>624</posy>
        <width>1918</width>
        <height>1880</height>
        <onleft>9000</onleft>
        <onright>9000</onright>
        <onup>700</onup>
        <ondown>noop</ondown>
        <scrolltime tween="sine" easing="inout">280</scrolltime>
            <itemlayout height="290" width="375">
                <control type="image" description="THMBSBASE">
                    <posx>30</posx>
           	    <top>30</top>
           	    <width>316</width>
               	    <height>182</height>
           	    <texture colordiffuse="$VAR[diffuseicons2]">icons/sio2/diffusehome.png</texture>
                        </control>
                        <control type="Image" description="THUMB">
                            <visible>!IsEmpty(Listitem.thumb)</visible>
                            <posx>30</posx>
                            <top>30</top>
                            <width>316</width>									    <height>182</height>
                            <texture diffuse="icons/sio2/diffusehome.png">$INFO[ListItem.thumb]</texture>
                            <aspectratio>stretch</aspectratio>
                        </control>
                        <control type="Image" description="THUMB">
                            <visible>IsEmpty(Listitem.thumb)</visible>
                            <posx>30</posx>
                            <top>30</top>
                            <width>316</width>									    <height>182</height>
                            <texture diffuse="icons/sio2/diffusehome.png">$INFO[ListItem.label2]</texture>
                            <aspectratio>stretch</aspectratio>
                        </control>
                        <control type="label" description="Main Label">
                            <posx>31</posx>
                            <top>222</top>
                            <width>316</width>
          		    <height>26</height>
          		    <font>size34</font>
          		    <align>center</align>
          		    <textcolor>White</textcolor>
          		    <label>$INFO[ListItem.label]</label>
                        </control>
                    </itemlayout>					
<!-- FOCUSED LAYOUT START -->																		
                    <focusedlayout  height="210" width="230">
                      <control type="group">
                            <animation effect="zoom" center="140,35" end="120" time="200" reversible="true">Focus</animation>
                            <animation effect="zoom" center="140,35" start="120" end="100" time="100" reversible="true">unFocus</animation>					
                        <control type="image" description="THMBSBASE">
                            <posx>30</posx>
           		    <top>30</top>
           		    <width>316</width>
           		    <height>182</height>
           		    <texture colordiffuse="$VAR[diffuseicons2]">icons/sio2/diffusehome.png</texture>
			</control>
                        <control type="Image" description="THUMB">
                            <visible>!IsEmpty(Listitem.thumb)</visible>
                            <posx>30</posx>
                            <top>30</top>
                            <width>316</width>									    <height>182</height>
                            <texture diffuse="icons/sio2/diffusehome.png">$INFO[ListItem.thumb]</texture>
                            <aspectratio>stretch</aspectratio>
                        </control>
                        <control type="Image" description="THUMB">
                            <visible>IsEmpty(Listitem.thumb)</visible>
                            <posx>30</posx>
                            <top>30</top>
                            <width>316</width>									    <height>182</height>
                            <texture diffuse="icons/sio2/diffusehome.png">$INFO[ListItem.label2]</texture>
                            <aspectratio>stretch</aspectratio>
                        </control>
                        <control type="image" description="Selection Overlay">
                            <posx>30</posx>
            		    <posy>30</posy>
            		    <width>316</width>
            		    <height>182</height>
            		    <texture colordiffuse="$VAR[diffuseselect]">icons/sio2/atvslider.png</texture>
            		    <aspectratio>stretch</aspectratio>
        		</control>
                        <control type="label" description="Main Label">
                            <posx>31</posx>
                            <top>222</top>
                            <width>316</width>
          		    <height>26</height>
          		    <font>size34</font>
          		    <align>center</align>
          		    <textcolor>White</textcolor>
          		    <label>$INFO[ListItem.label]</label>
                        </control>
				      </control>
                    </focusedlayout>	
	</include>



	
	<include name="homecustom7row">
                    <width>1900</width>
                    <height>600</height>
                    <top>536</top>
                    <posx>50</posx>
                    <onleft>50</onleft>
                    <onright>50</onright>
                    <onup>520</onup>
                    <ondown>noop</ondown>
                    <scrolltime tween="sine" easing="inout">280</scrolltime>
                    <itemlayout height="240" width="260">
                        <control type="image" description="THMBSBASE">
                            <posx>20</posx>
                            <top>48</top>
                            <width>220</width>
                            <height>200</height>                       
                            <texture colordiffuse="gray3">icons/base.png</texture>
                        </control>
                        <control type="Image" description="THUMB">
                            <visible>!IsEmpty(Listitem.thumb)</visible>
                            <posx>20</posx>
                            <top>48</top>
                            <width>220</width>							
                            <height>200</height>
                            <texture diffuse="icons/diffusehome.png">$INFO[ListItem.thumb]</texture>
                            <aspectratio>stretch</aspectratio>
                        </control>
                        <control type="Image" description="THUMB">
                            <visible>IsEmpty(Listitem.thumb)</visible>
                            <posx>20</posx>
                            <top>48</top>
                            <width>220</width>							
                            <height>200</height>
                            <texture diffuse="icons/diffusehome.png">$INFO[ListItem.label2]</texture>
                            <aspectratio>stretch</aspectratio>
                        </control>
                        <control type="label" description="Main Label">
                            <posx>128</posx>
                            <top>220</top>
                            <width>200</width>
                            <height>26</height>
                            <align>center</align>
							<font>size26</font>
							<textcolor>$VAR[diffusetext]</textcolor>
                            <label>$INFO[ListItem.Label]</label>
                        </control>
                    </itemlayout>					
<!-- FOCUSED LAYOUT START -->																		
                    <focusedlayout  height="300" width="300">
                      <control type="group">
                            <animation effect="zoom" center="140,35" end="120" time="200" reversible="true">Focus</animation>
                            <animation effect="zoom" center="140,35" start="120" end="100" time="100" reversible="true">unFocus</animation>					
                        <control type="image" description="THMBSBASE">
                            <posx>22</posx>
                            <top>46</top>
                            <width>220</width>
                            <height>200</height>
                            <texture colordiffuse="gray2">icons/base.png</texture>
                        </control>
                        <control type="Image" description="THUMB">
                            <visible>!IsEmpty(Listitem.thumb)</visible>
                            <posx>22</posx>
                            <top>46</top>
                            <width>220</width>							
                            <height>200</height>
                            <texture diffuse="icons/diffusehome.png">$INFO[ListItem.thumb]</texture>
                            <aspectratio>stretch</aspectratio>
                        </control>
                        <control type="Image" description="THUMB">
                            <visible>IsEmpty(Listitem.thumb)</visible>
                            <posx>22</posx>
                            <top>46</top>
                            <width>220</width>							
                            <height>200</height>
                            <texture diffuse="icons/diffusehome.png">$INFO[ListItem.label2]</texture>
                            <aspectratio>stretch</aspectratio>
                        </control>
                        <control type="image" description="Selection Overlay">
                            <posx>8</posx>
                            <top>33</top>
                            <width>248</width>							
                            <height>225</height>
                            <texture colordiffuse="$VAR[diffuseslider]">images/homeslider.png</texture>
                            <aspectratio>stretch</aspectratio>
                        </control>
                        <control type="label" description="Main Label">
                            <posx>132</posx>
                            <top>216</top>
                            <width>245</width>
                            <height>26</height>
                            <align>center</align>
							<font>size28</font>
							<textcolor>$VAR[diffusetext]</textcolor>
                            <label>[B]$INFO[ListItem.Label][/B]</label>
                        </control>
				      </control>
                    </focusedlayout>						
	</include>



	
	<include name="homecustom6row">
                    <width>1800</width>
                    <height>600</height>
                    <top>536</top>
                    <posx>80</posx>
                    <onleft>50</onleft>
                    <onright>50</onright>
                    <onup>520</onup>
                    <ondown>noop</ondown>
                    <scrolltime tween="sine" easing="inout">280</scrolltime>
                    <itemlayout height="245" width="300">
                        <control type="image" description="THMBSBASE">
                            <posx>20</posx>
                            <top>48</top>
                            <width>220</width>
                            <height>200</height>                       
                            <texture colordiffuse="gray3">icons/base.png</texture>
                        </control>
                        <control type="Image" description="THUMB">
                            <visible>!IsEmpty(Listitem.thumb)</visible>
                            <posx>20</posx>
                            <top>48</top>
                            <width>220</width>							
                            <height>200</height>
                            <texture diffuse="icons/diffusehome.png">$INFO[ListItem.thumb]</texture>
                            <aspectratio>stretch</aspectratio>
                        </control>
                        <control type="Image" description="THUMB">
                            <visible>IsEmpty(Listitem.thumb)</visible>
                            <posx>20</posx>
                            <top>48</top>
                            <width>220</width>							
                            <height>200</height>
                            <texture diffuse="icons/diffusehome.png">$INFO[ListItem.label2]</texture>
                            <aspectratio>stretch</aspectratio>
                        </control>
                        <control type="label" description="Main Label">
                            <posx>128</posx>
                            <top>220</top>
                            <width>200</width>
                            <height>26</height>
                            <align>center</align>
							<font>size26</font>
							<textcolor>$VAR[diffusetext]</textcolor>
                            <label>$INFO[ListItem.Label]</label>
                        </control>
                    </itemlayout>					
<!-- FOCUSED LAYOUT START -->																		
                    <focusedlayout  height="245" width="300">
                      <control type="group">
                            <animation effect="zoom" center="140,35" end="120" time="200" reversible="true">Focus</animation>
                            <animation effect="zoom" center="140,35" start="120" end="100" time="100" reversible="true">unFocus</animation>					
                        <control type="image" description="THMBSBASE">
                            <posx>22</posx>
                            <top>46</top>
                            <width>220</width>
                            <height>200</height>
                            <texture colordiffuse="gray2">icons/base.png</texture>
                        </control>
                        <control type="Image" description="THUMB">
                            <visible>!IsEmpty(Listitem.thumb)</visible>
                            <posx>22</posx>
                            <top>46</top>
                            <width>220</width>							
                            <height>200</height>
                            <texture diffuse="icons/diffusehome.png">$INFO[ListItem.thumb]</texture>
                            <aspectratio>stretch</aspectratio>
                        </control>
                        <control type="Image" description="THUMB">
                            <visible>IsEmpty(Listitem.thumb)</visible>
                            <posx>22</posx>
                            <top>46</top>
                            <width>220</width>							
                            <height>200</height>
                            <texture diffuse="icons/diffusehome.png">$INFO[ListItem.label2]</texture>
                            <aspectratio>stretch</aspectratio>
                        </control>
                        <control type="image" description="Selection Overlay">
                            <posx>8</posx>
                            <top>33</top>
                            <width>248</width>							
                            <height>225</height>
                            <texture colordiffuse="$VAR[diffuseslider]">images/homeslider.png</texture>
                            <aspectratio>stretch</aspectratio>
                        </control>
                        <control type="label" description="Main Label">
                            <posx>132</posx>
                            <top>216</top>
                            <width>245</width>
                            <height>26</height>
                            <align>center</align>
							<font>size28</font>
							<textcolor>$VAR[diffusetext]</textcolor>
                            <label>[B]$INFO[ListItem.Label][/B]</label>
                        </control>
				      </control>
                    </focusedlayout>				
	</include>



	
	<include name="homecustom5row">
                    <width>1800</width>
                    <height>600</height>
                    <top>536</top>
                    <posx>110</posx>
                    <onleft>50</onleft>
                    <onright>50</onright>
                    <onup>520</onup>
                    <ondown>noop</ondown>
                    <scrolltime tween="sine" easing="inout">280</scrolltime>
                    <itemlayout height="245" width="360">
                        <control type="image" description="THMBSBASE">
                            <posx>20</posx>
                            <top>48</top>
                            <width>220</width>
                            <height>200</height>                       
                            <texture colordiffuse="gray3">icons/base.png</texture>
                        </control>
                        <control type="Image" description="THUMB">
                            <visible>!IsEmpty(Listitem.thumb)</visible>
                            <posx>20</posx>
                            <top>48</top>
                            <width>220</width>							
                            <height>200</height>
                            <texture diffuse="icons/diffusehome.png">$INFO[ListItem.thumb]</texture>
                            <aspectratio>stretch</aspectratio>
                        </control>
                        <control type="Image" description="THUMB">
                            <visible>IsEmpty(Listitem.thumb)</visible>
                            <posx>20</posx>
                            <top>48</top>
                            <width>220</width>							
                            <height>200</height>
                            <texture diffuse="icons/diffusehome.png">$INFO[ListItem.label2]</texture>
                            <aspectratio>stretch</aspectratio>
                        </control>
                        <control type="label" description="Main Label">
                            <posx>128</posx>
                            <top>220</top>
                            <width>200</width>
                            <height>26</height>
                            <align>center</align>
							<font>size26</font>
							<textcolor>$VAR[diffusetext]</textcolor>
                            <label>$INFO[ListItem.Label]</label>
                        </control>
                    </itemlayout>					
<!-- FOCUSED LAYOUT START -->																		
                    <focusedlayout  height="245" width="360">
                      <control type="group">
                            <animation effect="zoom" center="140,35" end="120" time="200" reversible="true">Focus</animation>
                            <animation effect="zoom" center="140,35" start="120" end="100" time="100" reversible="true">unFocus</animation>					
                        <control type="image" description="THMBSBASE">
                            <posx>22</posx>
                            <top>46</top>
                            <width>220</width>
                            <height>200</height>
                            <texture colordiffuse="gray2">icons/base.png</texture>
                        </control>
                        <control type="Image" description="THUMB">
                            <visible>!IsEmpty(Listitem.thumb)</visible>
                            <posx>22</posx>
                            <top>46</top>
                            <width>220</width>							
                            <height>200</height>
                            <texture diffuse="icons/diffusehome.png">$INFO[ListItem.thumb]</texture>
                            <aspectratio>stretch</aspectratio>
                        </control>
                        <control type="Image" description="THUMB">
                            <visible>IsEmpty(Listitem.thumb)</visible>
                            <posx>22</posx>
                            <top>46</top>
                            <width>220</width>							
                            <height>200</height>
                            <texture diffuse="icons/diffusehome.png">$INFO[ListItem.label2]</texture>
                            <aspectratio>stretch</aspectratio>
                        </control>
                        <control type="image" description="Selection Overlay">
                            <posx>8</posx>
                            <top>33</top>
                            <width>248</width>							
                            <height>225</height>
                            <texture colordiffuse="$VAR[diffuseslider]">images/homeslider.png</texture>
                            <aspectratio>stretch</aspectratio>
                        </control>
                        <control type="label" description="Main Label">
                            <posx>132</posx>
                            <top>216</top>
                            <width>245</width>
                            <height>26</height>
                            <align>center</align>
							<font>size28</font>
							<textcolor>$VAR[diffusetext]</textcolor>
                            <label>[B]$INFO[ListItem.Label][/B]</label>
                        </control>
				      </control>
                    </focusedlayout>					
	</include>
	
	<include name="dialogdefault">
            <control type="image" description="List back">
                <posx>708</posx>
                <top>414</top>
                <width>504</width>
                <height>250</height>
	            <aspectratio>scale</aspectratio>				
                <texture colordiffuse="$VAR[diffusemenu]">$VAR[bgimg2]</texture>			
           </control>
           <control type="image" description="List back border">	
                <posx>708</posx>
                <top>414</top>
                <width>504</width>
                <height>250</height>
                <aspectratio>stretch</aspectratio>				
                <texture colordiffuse="$VAR[diffuseborder]">borders/Dialogborder.png</texture>
          </control>		
	</include>	

	<include name="dialogiososdmenu">	
          <control type="image" description="List back - iOS">			
                <posx>708</posx>
                <top>364</top>
                <width>504</width>
                <height>350</height>
	            <aspectratio>stretch</aspectratio>				
				<texture colordiffuse="DD565656" diffuse="icons/ios/dialog.png">$VAR[bgimg2]</texture>			
          </control>
          <control type="image" description="List back Border - iOS">			
                <posx>708</posx>
                <top>364</top>
                <width>504</width>
                <height>350</height>
	            <aspectratio>stretch</aspectratio>				
				<texture colordiffuse="$VAR[diffuseborder]">icons/ios/dialog_border.png</texture>			
          </control>		
	</include>	
	
	<include name="dialogios">	
          <control type="image" description="List back - iOS">			
                <posx>708</posx>
                <top>400</top>
                <width>504</width>
                <height>276</height>
	            <aspectratio>stretch</aspectratio>				
				<texture colordiffuse="$VAR[diffusemenu]" diffuse="icons/ios/dialog.png">$VAR[bgimg2]</texture>			
          </control>
          <control type="image" description="List back Border - iOS">			
                <posx>708</posx>
                <top>400</top>
                <width>504</width>
                <height>276</height>
	            <aspectratio>stretch</aspectratio>				
				<texture colordiffuse="$VAR[diffuseborder]">icons/ios/dialog_border.png</texture>			
          </control>		
	</include>
	
	<include name="dialogsliderdefault">
                <control type="image" description="Dialog BG">				
                    <width>996</width>
                    <height>68</height>
                    <texture border="30" colordiffuse="EEFFFFFF">$VAR[bgimg2]</texture>
                    <aspectratio>scale</aspectratio>					
                </control>
				<control type="image" description="Dialog Slide border">				
                    <width>996</width>
                    <height>68</height>
                    <texture border="30" colordiffuse="$VAR[diffuseborder]">borders/Dialogslideborder.png</texture>
                    <aspectratio>stretch</aspectratio>					
                </control>		
	</include>
	
	<include name="dialogsliderdefaultflip">
                <control type="image" description="Dialog BG">				
                    <width>960</width>
                    <height>68</height>
                    <texture border="30" flipx="true" colordiffuse="EEFFFFFF">$VAR[bgimg2]</texture>
                    <aspectratio>scale</aspectratio>					
                </control>
                <control type="image" description="Dialog Slide border">				
                    <width>960</width>
                    <height>68</height>
                    <texture border="30" flipx="true" colordiffuse="$VAR[diffuseborder]">borders/Dialogslideborder.png</texture>
                    <aspectratio>stretch</aspectratio>					
                </control>	
	</include>
	
	<include name="dialogsliderios">	
                <control type="image" description="Dialog BG - iOS">				
                    <width>1000</width>
                    <height>66</height>
                    <texture>icons/ios/dialogslider.png</texture>
                    <aspectratio>stretch</aspectratio>					
                </control>
                <control type="image" description="Dialog BG Border - iOS">				
                    <width>1000</width>
                    <height>66</height>
                    <texture colordiffuse="$VAR[diffuseborder]">icons/ios/dialogslider_border.png</texture>
                    <aspectratio>stretch</aspectratio>					
                </control>	
	</include>	
	
	<include name="dialogslideriosflip">
                <control type="image" description="Dialog BG - iOS">				
                    <width>956</width>
                    <height>66</height>
                    <texture flipx="true">icons/ios/dialogslider.png</texture>
                    <aspectratio>stretch</aspectratio>					
                </control>
                <control type="image" description="Dialog BG Border - iOS">				
                    <width>956</width>
                    <height>66</height>
                    <texture flipx="true" colordiffuse="$VAR[diffuseborder]">icons/ios/dialogslider_border.png</texture>
                    <aspectratio>stretch</aspectratio>					
                </control>	
	</include>		
	
	<include name="homesliderZOOM">
						<effect type="zoom" center="140,35" end="123" time="240" reversible="true"/>
	</include>
	<include name="homesliderROTATE">
						<effect type="rotate" start="360" center="auto" time="400"/>
	</include>	
	<include name="homesliderFADE">
						<effect type="fade" start="0" end="100" time="400"/>																	
	</include>
	
	<include name="homesliderZOOMsio2">
						<effect type="zoom" center="186,130" end="124" time="240" reversible="true"/>
	</include>
	<include name="homesliderROTATEsio2">
						<effect type="rotate" acceleration="-1" start="360" center="auto" time="360"/>
	</include>	
	<include name="homesliderFADEsio2">
						<effect type="fade" start="0" end="100" time="400"/>																
	</include>	
	
	<include name="homesliderZOOMsio2x">
						<effect type="zoom" center="150,130" end="124" time="240" reversible="true"/>
	</include>
	<include name="homesliderROTATEsio2x">
						<effect type="rotate" acceleration="-1" start="360" center="auto" time="360"/>
	</include>
	<include name="homesliderFADEsio2x">
						<effect type="fade" start="0" end="100" time="400"/>																
	</include>
		
	<include name="homesliderZOOMios">
						<effect type="zoom" center="120,170" end="124" time="240" reversible="true"/>
	</include>
	<include name="homesliderROTATEios">
						<effect type="rotate" start="360" center="auto" time="320"/>
	</include>	
	<include name="homesliderFADEios">
						<effect type="fade" start="0" end="100" time="400"/>																	
	</include>	

	<include name="OSDdefaultBG">
        <aspectratio>scale</aspectratio>
        <texture colordiffuse="$VAR[OSDtrans]" diffuse="Seekbar/OSDBackground.png">$VAR[OSDbgimg]</texture>	
	</include>
	<include name="OSDcustomBG">
        <aspectratio>scale</aspectratio>
        <texture colordiffuse="$VAR[OSDtrans]" diffuse="Seekbar/OSDBackground.png">$VAR[OSDbgimg]</texture>	
	</include>	

    <include name="PVRsidemenu">
        <control type="group" description="Side menu 9000 group">
            <visible allowhiddenfocus="true">ControlGroup(9000).HasFocus() + !Window.IsVisible(traktContextMenu.xml)</visible>
            <include>9000slide</include>
            <control type="image" description="List back">
                <top>-10</top>
                <posx>1430</posx>
                <width>550</width>
                <height>1100</height>
                <aspectratio>scale</aspectratio>
                <texture colordiffuse="$VAR[diffusenav]">$VAR[bgimgnav]</texture>
            </control>		
            <control type="grouplist" id="9000">
                <left>1450</left>
                <include>DialogGLs</include>
                <control type="button" id="1">
                    <!--enable>false</enable-->
                    <texturenofocus colordiffuse="$VAR[diffuseselect]">images/buttonselect1.png</texturenofocus>
                    <include>DialogButt</include>
                    <label>•• $LOCALIZE[33063] ••</label>
                </control>
                <control type="button" id="3">
                    <description>Sort by button</description>
                    <include>DialogButt</include>
                    <label>103</label>
                </control>
                <control type="togglebutton" id="4">
                    <description>Sort asc</description>
                    <include>DialogButt</include>
                    <label>584</label>
                    <altlabel>585</altlabel>
                    <usealttexture>Container.SortDirection(Ascending)</usealttexture>
                </control>
                <control type="radiobutton" id="5">
                    <description>Group recording items by folder structure</description>
                    <left>0</left>
                    <right>40</right>
                    <include>DialogButt</include>
                    <label>19270</label>
                    <visible>Window.IsActive(TVRecordings) | Window.IsActive(RadioRecordings)</visible>
                </control>
                <control type="button" id="31">
                    <description>TV Guide</description>
                    <include>DialogButt</include>
                    <onclick condition="Window.IsActive(TVGuide) | Window.IsActive(RadioGuide)">noop</onclick>
                    <onclick condition="IsEmpty(Window.Property(IsRadio))">ActivateWindow(TVGuide)</onclick>
                    <onclick condition="!IsEmpty(Window.Property(IsRadio))">ActivateWindow(RadioGuide)</onclick>
                    <label>22020</label>
                </control>
                <control type="button" id="32">
                    <description>TV Channels</description>
                    <include>DialogButt</include>
                    <onclick condition="Window.IsActive(TVChannels) | Window.IsActive(RadioChannels)">noop</onclick>
                    <onclick condition="IsEmpty(Window.Property(IsRadio))">ActivateWindow(TVChannels)</onclick>
                    <onclick condition="!IsEmpty(Window.Property(IsRadio))">ActivateWindow(RadioChannels)</onclick>
                    <label>19023</label>
                </control>
                <control type="button" id="34">
                    <description>Recordings</description>
                    <include>DialogButt</include>
                    <onclick condition="IsEmpty(Window.Property(IsRadio))">ActivateWindow(TVRecordings)</onclick>
                    <onclick condition="!IsEmpty(Window.Property(IsRadio))">ActivateWindow(RadioRecordings)</onclick>
                    <label>19163</label>
                </control>
                <control type="button" id="35">
                    <description>Timers</description>
                    <include>DialogButt</include>
                    <onclick condition="IsEmpty(Window.Property(IsRadio))">ActivateWindow(TVTimers)</onclick>
                    <onclick condition="!IsEmpty(Window.Property(IsRadio))">ActivateWindow(RadioTimers)</onclick>
                    <label>19040</label>
                </control>
                <control type="button" id="36">
                    <description>Search</description>
                    <include>DialogButt</include>
                    <onclick condition="IsEmpty(Window.Property(IsRadio))">ActivateWindow(TVSearch)</onclick>
                    <onclick condition="!IsEmpty(Window.Property(IsRadio))">ActivateWindow(RadioSearch)</onclick>
                    <label>137</label>
                </control>
                <control type="button" id="28">
                    <description>Channel Groups</description>
                    <left>0</left>
                    <right>40</right>
                    <include>DialogButt</include>
                    <label>-</label>
                </control>
                <control type="button" id="599">
                    <!--enable>false</enable-->
                    <texturenofocus colordiffuse="$VAR[diffuseselect]">images/buttonselect1.png</texturenofocus>
                    <include>DialogButt</include>
                    <label>•• $LOCALIZE[582] ••</label>
                </control>
                <control type="radiobutton" id="600" description="EPG">
                    <visible>Window.IsActive(MyPVRGuide.xml)</visible>
                    <include>DialogButt</include>
                    <!--<enable>!Container.Content(files) + !IsEmpty(Container.FolderPath)</enable>-->
                    <onclick>Container.SetViewMode(10)</onclick>
                    <selected>Control.IsVisible(10)</selected>
                    <label>EPG</label>
                </control>
                <!--<control type="radiobutton" id="601" description="LiveChannel">-->
                <!--<include>DialogButt</include>-->
                <!--&lt;!&ndash;<enable>!Container.Content(files) + !IsEmpty(Container.FolderPath)</enable>&ndash;&gt;-->
                <!--<onclick>Container.SetViewMode(13)</onclick>-->
                <!--<selected>Control.IsVisible(13) + !Control.IsVisible(10)</selected>-->
                <!--<label>LiveChannels</label>-->
                <!--</control>-->
                <control type="radiobutton" id="602" description="Now">
                    <visible>Window.IsActive(MyPVRGuide.xml)</visible>
                    <include>DialogButt</include>
                    <!--<enable>!Container.Content(files) + !IsEmpty(Container.FolderPath)</enable>-->
                    <onclick>Container.SetViewMode(11)</onclick>
                    <selected>Control.IsVisible(11) + !Control.IsVisible(10)</selected>
                    <label>Now</label>
                </control>
                <control type="radiobutton" id="603" description="Next">
                    <visible>Window.IsActive(MyPVRGuide.xml)</visible>
                    <include>DialogButt</include>
                    <!--<enable>!Container.Content(files) + !IsEmpty(Container.FolderPath)</enable>-->
                    <onclick>Container.SetViewMode(12)</onclick>
                    <selected>Control.IsVisible(12) + !Control.IsVisible(10)</selected>
                    <label>Next</label>
                </control>
                <control type="radiobutton" id="604" description="BIG LIST">
                    <visible>Window.IsActive(MyPVRChannels.xml)</visible>
                    <include>DialogButt</include>
                    <!--<enable>!Container.Content(files) + !IsEmpty(Container.FolderPath)</enable>-->
                    <onclick>Container.SetViewMode(11)</onclick>
                    <selected>Control.IsVisible(11) + !Control.IsVisible(10)</selected>
                    <label>Big List</label>
                </control>
                <control type="radiobutton" id="605" description="SMALL LIST">
                    <visible>Window.IsActive(MyPVRChannels.xml)</visible>
                    <include>DialogButt</include>
                    <!--<enable>!Container.Content(files) + !IsEmpty(Container.FolderPath)</enable>-->
                    <onclick>Container.SetViewMode(12)</onclick>
                    <selected>Control.IsVisible(12) + !Control.IsVisible(10)</selected>
                    <label>Small List</label>
                </control>
				
				
				
                <!--control type="button" id="598">

                    <texturenofocus colordiffuse="$VAR[diffuseselect]">images/buttonselect1.png</texturenofocus>
                    <include>DialogButt</include>
                    <label>[COLOR=textcolor]•• Background Settings ••[/COLOR]</label>
                </control>				
                <control type="button" id="40">
                    <include>DialogButt</include>
                    <label>Custom Nav Background</label>
                    <onclick condition="IsEmpty(Skin.String(CustomBgHome4))">Skin.SetFile(CustomBgHome4,.jpg|.png,special://skin/backgrounds)</onclick>
                    <onclick condition="!IsEmpty(Skin.String(CustomBgHome4))">Skin.SetFile(CustomBgHome4,.jpg|.png,special://skin/backgrounds)</onclick>
                </control>
                <control type="button" id="41">
                    <include>DialogButt</include>                   
                    <label>Change Nav BG Darkness</label>
                    <onclick>ActivateWindow(1136)</onclick>
                </control-->				
				
						
            </control>
        </control>
    </include>		
	<include name="DefaultBusy">
		<control type="group" description="DEFAULT BUSY">
			<posx>832</posx>
			<posy>412</posy>						
			<!--control type="image" description="Busy animation">
				<width>256</width>
				<height>256</height>
				<bordersize>24</bordersize>
				<texture>busy/BusyDefault.png</texture>
				<aspectratio>keep</aspectratio>
				<animation effect="rotate" start="360" end="auto" center="auto" time="1900" loop="true" condition="true">conditional</animation>
			</control-->			
			<control type="multiimage" description="Busy animation">
				<width>256</width>
				<height>256</height>
				<imagepath>busy/multi</imagepath>
				<timeperimage>85</timeperimage>
				<fadetime>0</fadetime>
				<loop>yes</loop>
				<aspectratio>keep</aspectratio>
			</control>						
		</control>	
	</include>		
	<include name="ALTBusy">
	    <control type="group" description="ALT BUSY">
			<posx>832</posx>
			<posy>412</posy>
			<control type="image" description="Busy animation">
				<width>256</width>
				<height>256</height>
				<bordersize>24</bordersize>
				<texture>busy/BusyoutALT.png</texture>
				<colordiffuse>$VAR[diffuseselect]</colordiffuse>
				<aspectratio>keep</aspectratio>
			</control>
			<control type="image" description="Busy animation">
				<width>256</width>
				<height>256</height>
				<bordersize>24</bordersize>
				<texture>busy/BusyALT.png</texture>
				<colordiffuse>$VAR[bgcolor2]</colordiffuse>
				<aspectratio>keep</aspectratio>
				<animation effect="rotate" start="360" end="auto" center="auto" time="1400" loop="true" condition="true">conditional</animation>
			</control>
		</control>	
	</include>		
</includes>
