<?xml version="1.0" encoding="UTF-8"?>
<window id="2600">
    <defaultcontrol always="true">3</defaultcontrol>
    <allowoverlay>no</allowoverlay>
    <backgroundcolor>background</backgroundcolor>
    <include>OpenClose</include>
    <controls>
        <control type="image">
            <width>1920</width>
            <height>1080</height>
            <texture background="true" colordiffuse="$VAR[diffuseweather]">$VAR[bgimgweather]</texture>
            <aspectratio align="left">scale</aspectratio>
        </control>
        <control type="image" description="Current weather OVERLAY">
            <width>1920</width>
            <height>1080</height>
            <texture>$INFO[Window.Property(Current.FanartCode),weather/,.png]</texture>
            <aspectratio>stretch</aspectratio>
        </control>
	<control type="image">
            <posx>1</posx>
            <top>575</top>
            <height>1</height>
            <width>1920</width>
	    <align>center</align>
            <texture colordiffuse="$VAR[diffuselines]">lines/LineSH.png</texture>            
        </control>
  	<control type="image">
            <posx>1</posx>
            <top>660</top>
            <height>1</height>
            <width>1920</width>
	    <align>center</align>
            <texture colordiffuse="$VAR[diffuselines]">lines/LineSH.png</texture>            
        </control>        
	<include>Clock</include>
        <control type="group" description="Bottom">
            <control type="label" description="last updated label">
                <posx>1650</posx>
                <top>998</top>
                <width>400</width>
                <height>45</height>
                <label>$LOCALIZE[31016]</label>
                <textcolor>$VAR[diffusetext]</textcolor>
                <font>size21</font>
            </control>
            <control type="label" id="11" description="last update">
                <posx>1650</posx>
                <top>1025</top>
                <width>400</width>
                <height>45</height>
                <label>-</label>
                <font>size21</font>
                <textcolor>$VAR[diffusetext]</textcolor>
            </control>
            <control type="spincontrolex" id="3">
                <visible>!StringCompare(Weather.Plugin,weather.weatherplus)</visible>
                <description>Location</description>
                <colordiffuse>White</colordiffuse>
                <posx>560</posx>
                <top>215</top>
                <width>700</width>
                <visible>true</visible>
                <texturefocus></texturefocus>
                <texturenofocus></texturenofocus>
                <label>-</label>
                <font>size42</font>
                <textcolor>shelffont</textcolor>
                <focusedcolor>shelffont</focusedcolor>
                <selectedcolor>shelffont</selectedcolor>
                <disabledcolor>Disabled</disabledcolor>
                <ondown>150</ondown>
            </control>
        </control>
        <control type="button" id="2" description="Refresh">
            <posx>810</posx>
  	    <top>992</top>
            <onright>noop</onright>
            <onleft>noop</onleft>
            <onup>150</onup>
            <width>300</width>
            <font>size35B</font>
            <label>-</label>
            <align>center</align>
        </control>
        <control type="group" id="51">
            <visible>!StringCompare(Weather.Plugin,weather.weatherplus)</visible>
            <posx>50</posx>
            <top>160</top>
            <control type="label" description="Temp value">
                <posx>670</posx>
                <top>250</top>
                <width>500</width>
                <font>size212</font>
                <textcolor>shelffont</textcolor>
                <shadowcolor>-</shadowcolor>
                <align>center</align>
                <height>30</height>
                <label>$INFO[Window.Property(Current.Temperature)]$INFO[System.TemperatureUnits]</label>
            </control>
            <control type="label" description="Feels like label">
                <posx>1239</posx>
                <top>425</top>
                <width>500</width>
                <height>30</height>
                <textcolor>shelffont</textcolor>
                <shadowcolor>-</shadowcolor>
                <align>left</align>
                <label>$LOCALIZE[402]:  $INFO[Window.Property(Current.FeelsLike)]°</label>
            </control>
            <control type="label" description="Current dew value">
                <posx>347</posx>
                <top>460</top>
                <width>500</width>
                <height>30</height>
                <textcolor>shelffont</textcolor>
                <shadowcolor>-</shadowcolor>
                <align>left</align>
                <label>$LOCALIZE[405]:  $INFO[Window.Property(Current.DewPoint)]</label>
            </control>
            <control type="label" description="Current humidity value">
                <posx>361</posx>
		<top>425</top>
                <width>600</width>
                <height>30</height>
                <textcolor>shelffont</textcolor>
                <shadowcolor>-</shadowcolor>
                <align>left</align>
                <label>$LOCALIZE[406]:  $INFO[Window.Property(Current.Humidity)]</label>
            </control>
	    <control type="label" description="Sunrise">
                <posx>757</posx>
                <top>425</top>
                <width>600</width>
                <height>30</height>
                <textcolor>shelffont</textcolor>
                <shadowcolor>-</shadowcolor>
                <align>left</align>
                <label>$LOCALIZE[33027]:  $INFO[Window.Property(Today.Sunrise)]</label>
	    </control>
            <control type="label" description="Sunset">
                <posx>766</posx>
	        <top>460</top>
                <width>600</width>
                <height>30</height>
                <textcolor>shelffont</textcolor>
                <shadowcolor>-</shadowcolor>
                <align>leftr</align>
                <label>$LOCALIZE[33028]:  $INFO[Window.Property(Today.Sunset)]</label>
            </control>           
	    <control type="label" description="Current wind value">
                <posx>1300</posx>
                <top>460</top>
                <width>600</width>
                <height>30</height>
                <textcolor>shelffont</textcolor>
                <shadowcolor>-</shadowcolor>
                <align>left</align>
                <label>$LOCALIZE[404]:  $INFO[Window.Property(Current.Wind)]</label>
            </control>	    
            <control type="label" description="Current Weather">
                <posx>620</posx>
                <top>160</top>
                <width>600</width>
                <height>30</height>
                <textcolor>shelffont</textcolor>
                <shadowcolor>-</shadowcolor>
                <align>center</align>
                <label>$INFO[Window.Property(Current.Condition)]</label>
	    </control>
	</control>
        <control type="list" id="150" description="DAYS">
            <posx>190</posx>
            <top>520</top>
            <width>1800</width>
            <height>600</height>
            <onup>3</onup>
            <ondown>2</ondown>
            <onleft>290</onleft>
            <onright>290</onright>
            <orientation>horizontal</orientation>
            <itemlayout width="220">
                <control type="label">
                    <!--posx>125</posx-->
                    <top>0</top>
                    <height>350</height>
                    <width>220</width>
                    <textcolor>shelffont</textcolor>
                    <shadowcolor>-</shadowcolor>
                    <align>center</align>
                    <font>size36</font>
                    <label>$INFO[ListItem.label]</label>
                </control>
                <control type="label" description="temps">
                    <!--posx>125</posx-->
                    <top>330</top>
                    <height>140</height>
                    <width>220</width>
                    <align>center</align>
                    <textcolor>shelffont</textcolor>
                    <shadowcolor>-</shadowcolor>
                    <label>$INFO[ListItem.label2]</label>
                </control>
                <control type="label" description="Conditions">
                    <!--posx>125</posx-->
                    <top>430</top>
                    <height>45</height>
                    <width>220</width>
                    <font>size21</font>
                    <align>center</align>
                    <textcolor>shelffont</textcolor>
                    <shadowcolor>-</shadowcolor>
                    <label>$INFO[ListItem.Property(Conditions)]</label>
                </control>
                <control type="image" description="Dayicon">
                    <posx>25</posx>
		    <!--posx>320</posx-->
                    <top>160</top>
                    <height>240</height>
                    <width>170</width>
                    <texture>$INFO[ListItem.thumb]</texture>
                    <aspectratio align="center">keep</aspectratio>
                </control>
            </itemlayout>
            <focusedlayout width="220">
                <control type="label">
                    <!--posx>0</posx-->
                    <top>165</top>
                    <height>20</height>
                    <width>0</width>
                    <align>center</align>
                    <font>size36</font>
                    <textcolor>shelffont</textcolor>
                    <shadowcolor>-</shadowcolor>
                    <label>$INFO[ListItem.label]</label>
                    <visible>!Control.HasFocus(150)</visible>
                </control>
                <control type="label">
                    <!--posx>125</posx-->
                    <top>0</top>
                    <height>350</height>
                    <width>220</width>
                    <align>center</align>
                    <font>size36</font>
                    <textcolor>$VAR[diffuseselect]</textcolor>

                    <label>$INFO[ListItem.label]</label>
                    <visible>Control.HasFocus(150)</visible>
                </control>
                <control type="label" description="temps">
                    <!--posx>125</posx-->
                    <top>330</top>
                    <height>140</height>
                    <width>220</width>
                    <align>center</align>
                    <textcolor>shelffont</textcolor>
                    <shadowcolor>-</shadowcolor>
                    <label>$INFO[ListItem.label2]</label>
                </control>
                <control type="label" description="Conditions">
                    <!--posx>125</posx-->
                    <top>430</top>
                    <height>45</height>
                    <width>220</width>
                    <font>size21</font>
                    <align>center</align>
                    <textcolor>shelffont</textcolor>
                    <shadowcolor>-</shadowcolor>
                    <label>$INFO[ListItem.Property(Conditions)]</label>
                </control>
                <control type="image" description="Dayicon">
                    <posx>25</posx>
		    <!--posx>320</posx-->
                    <top>160</top>
                    <height>240</height>
                    <width>170</width>
                    <texture>$INFO[ListItem.thumb]</texture>
                    <aspectratio align="center">keep</aspectratio>
                </control>
	    </focusedlayout>
            <content>
                <item id="0">
                    <label>33006</label>
                    <label2>Max:  $INFO[Window.Property(Day0.HighTemp)] [CR]Min:  $INFO[Window.Property(Day0.LowTemp)]</label2>
                    <property name="Conditions">$INFO[Window.Property(Day0.Outlook)]</property>
                    <thumb>$INFO[Window.Property(Day0.OutlookIcon)]</thumb>
                    <onclick>noop</onclick>
                </item>
                <item id="1">
                    <label>$INFO[Window.Property(Day1.Title)]</label>
                    <label2>Max:  $INFO[Window.Property(Day1.HighTemp)] [CR]Min:  $INFO[Window.Property(Day1.LowTemp)]</label2>
                    <property name="Conditions">$INFO[Window(Weather).Property(Day1.Outlook)]</property>
                    <thumb>$INFO[Window.Property(Day1.OutlookIcon)]</thumb>
                    <onclick>noop</onclick>
                </item>
                <item id="2">
                    <label>$INFO[Window.Property(Day2.Title)]</label>
                    <label2>Max:  $INFO[Window.Property(Day2.HighTemp)] [CR]Min:  $INFO[Window.Property(Day2.LowTemp)]</label2>
                    <property name="Conditions">$INFO[Window(Weather).Property(Day2.Outlook)]</property>
                    <thumb>$INFO[Window.Property(Day2.OutlookIcon)]</thumb>
                    <onclick>noop</onclick>
                </item>
                <item id="3">
                    <label>$INFO[Window.Property(Day3.Title)]</label>
                    <label2>Max:  $INFO[Window.Property(Day3.HighTemp)] [CR]Min:  $INFO[Window.Property(Day3.LowTemp)]</label2>
                    <property name="Conditions">$INFO[Window(Weather).Property(Day3.Outlook)]</property>
                    <thumb>$INFO[Window.Property(Day3.OutlookIcon)]</thumb>
                    <onclick>noop</onclick>
                </item>
                <item id="4">
                    <label>$INFO[Window.Property(Day4.Title)]</label>
                    <label2>Max:  $INFO[Window.Property(Day4.HighTemp)] [CR]Min:  $INFO[Window.Property(Day4.LowTemp)]</label2>
                    <property name="Conditions">$INFO[Window(Weather).Property(Day4.Outlook)]</property>
                    <thumb>$INFO[Window.Property(Day4.OutlookIcon)]</thumb>
                    <onclick>noop</onclick>
                </item>
                <item id="5">
                    <label>$INFO[Window.Property(Day5.Title)]</label>
                    <label2>Max:  $INFO[Window.Property(Day5.HighTemp)] [CR]Min:  $INFO[Window.Property(Day5.LowTemp)]</label2>
                    <property name="Conditions">$INFO[Window(Weather).Property(Day5.Outlook)]</property>
                    <thumb>$INFO[Window.Property(Day5.OutlookIcon)]</thumb>
                    <onclick>noop</onclick>
                </item>
                <item id="6">
                    <label>$INFO[Window.Property(Day6.Title)]</label>
                    <label2>Max:  $INFO[Window.Property(Day6.HighTemp)] [CR]Min:  $INFO[Window.Property(Day6.LowTemp)]</label2>
                    <property name="Conditions">$INFO[Window(Weather).Property(Day6.Outlook)]</property>
                    <thumb>$INFO[Window.Property(Day6.OutlookIcon)]</thumb>
                    <onclick>noop</onclick>
                </item>           
	    </content>
        </control>
        <!--<control type="multiimage">-->
            <!--<height>1080</height>-->
            <!--<width>1920</width>-->
            <!--<imagepath>weather/</imagepath>-->
            <!--<timeperimage>600</timeperimage>-->
        <!--</control>-->
        <!--<control type="multiimage">
        <width>320</width>
        <height>200</height>
        <imagepath>$INFO[Window.Property(MapPath)]</imagepath>
        </control>-->
    </controls>
</window>
