<?xml version="1.0" encoding="UTF-8"?>
<window id="2901">
    <defaultcontrol always="true">100</defaultcontrol>
    <allowoverlay>yes</allowoverlay>
    <zorder>2</zorder>
    <controls>
        <control type="group">
            <control type="group" id="101" description="Options content">
                <visible>!Window.IsVisible(10123) + !Window.IsVisible(10124) + !Window.IsVisible(10125)</visible>
                <posx>50</posx>
                <top>835</top>
                <animation type="Focus">
                    <effect type="slide" tween="Cubic" easing="out" start="0,0" end="0,-618" font12="800"/>
                </animation>
                <animation type="unFocus">
                    <effect type="slide" tween="Cubic" easing="in" start="0,-618" end="0,0" font12="500"/>
                </animation>				
                <control type="image" description="Dialog">
                    <posx>5</posx>
                    <top>350</top>
                    <width>600</width>
                    <height>400</height>
                    <aspectratio>scale</aspectratio>
                    <texture diffuse="Seekbar/OSDBackground.png">$VAR[OSDbgimg]</texture>
					<!--texture colordiffuse="BB565656" diffuse="Seekbar/OSDBackground.png">$VAR[bgimgnav]</texture-->
					
                </control>								
                <control type="grouplist" id="101" description="OSD Options">
                    <posx>10</posx>
                    <top>350</top>
                    <width>640</width>
                    <height>640</height>
                    <itemgap>0</itemgap>
                    <onleft>100</onleft>
                    <onright>100</onright>				
                    <onup>101</onup>
                    <ondown>101</ondown>
                    <scrollfont12>240</scrollfont12>
                    <control type="button" id="701" description="Subtitles">
                        <width>590</width>
                        <include>DialogButt</include>
                        <label>$LOCALIZE[33003] $LOCALIZE[287]</label>
                        <onclick>SetFocus(100,2)</onclick>
                        <onclick>Dialog.Close(VideoOSD)</onclick>
                        <onclick>ActivateWindow(SubtitleSearch)</onclick>
                    </control>		
                    <control type="button" id="703">
                        <width>590</width>
                        <include>DialogButt</include>
                        <label>13395</label>
                        <onclick>SetFocus(100,2)</onclick>
                        <onclick>ActivateWindow(OSDVideoSettings)</onclick>
                    </control>
                    <control type="button" id="704">
                        <width>590</width>
                        <include>DialogButt</include>
                        <label>$LOCALIZE[292] &amp; $LOCALIZE[287]</label>
                        <onclick>SetFocus(100,2)</onclick>
                        <onclick>ActivateWindow(OSDAudioSettings)</onclick>
                    </control>
                    <control type="button" id="705">
                        <width>590</width>
                        <include>DialogButt</include>
                        <label>298</label>
                        <onclick>SetFocus(100,2)</onclick>
                        <onclick>ActivateWindow(VideoBookmarks)</onclick>
                    </control>
                    <control type="togglebutton" id="706" description="Info">
                        <width>590</width>
                        <include>DialogButt</include>
                        <label>20176</label>
                        <onclick>SetFocus(100,2)</onclick>
                        <onclick>close</onclick>
                        <onclick>ActivateWindow(142)</onclick>
                        <altclick>SetFocus(100,2)</altclick>
                        <altclick>close</altclick>
                        <altclick>Dialog.Close(142)</altclick>
                        <usealttexture>Window.IsActive(142)</usealttexture>
                    </control>
                    <control type="button" id="707">
                        <width>590</width>
                        <include>DialogButt</include>
                        <label>21445</label>
                        <onclick>CodecInfo</onclick>
                    </control>
                    <control type="button" id="708">
                        <width>590</width>
                        <include>DialogButt</include>
                        <label>25003</label>
                        <onclick>SetFocus(100,2)</onclick>
                        <onclick>PlayerControl(ShowVideoMenu)</onclick>
                        <enable>VideoPlayer.HasMenu</enable>
                        <animation effect="fade" start="100" end="50" font12="100" condition="!VideoPlayer.HasMenu">Conditional</animation>
                    </control>			
                </control>
            </control>
            <control type="group">
                <visible>![Window.IsActive(DialogSelect.xml) | Window.IsActive(SliderDialog) | Window.IsActive(OSDVideoSettings) | Window.IsActive(OSDAudioSettings) | Window.IsActive(VideoBookmarks) | Window.IsActive(script-XBMC-Subtitles-main.xml)]</visible>
			
                <animation effect="fade" end="100" font12="400">Visible</animation>
                <animation effect="fade" end="0" font12="100">Hidden</animation>			
                <posx>0</posx>
                <top>0</top>
                <control type="group">
                    <control type="group" description="Dialog Background">
                        <visible>Window.IsVisible(videoosd.xml) + Window.IsActive(dialogseekbar.xml)</visible>
                        <control type="image">
                            <posx>-2</posx>
                            <top>982</top>
                            <width>1924</width>
                            <height>100</height>
							<include condition="IsEmpty(Skin.String(CustomBgOSD))">OSDdefaultBG</include>
							<include condition="!IsEmpty(Skin.String(CustomBgOSD))">OSDcustomBG</include>						
                        </control>
                    </control>		
					<control type="group" description="Cover">
                        <animation effect="fade" start="0" end="100" font12="600">VisibleChange</animation>
                        <visible>!ControlGroup(101).HasFocus()</visible>
                        <posx>1610</posx>
                        <top>704</top>
                        <control type="image" description="CoverReal">
                            <height>300</height>
                            <width>220</width>
                            <aspectratio>keep</aspectratio>
                            <texture diffuse="images/Diffuse.png">$INFO[Player.Art(poster)]</texture>
                        </control>
                        <!--control type="image" description="CoverRef">
                            <top>300</top>
                            <height>300</height>
                            <width>220</width>
                            <aspectratio>keep</aspectratio>
                            <texture flipy="true" diffuse="images/Reflection.png">$INFO[Player.Art(poster)]</texture>
                        </control-->
                        <control type="image" description="CoverReal">
                            <height>300</height>
                            <width>220</width>
                            <aspectratio>keep</aspectratio>
                            <texture diffuse="images/Diffuse.png">$INFO[Player.Art(tvshow.poster)]</texture>
                        </control>
                        <!--control type="image" description="CoverRef">
                            <top>300</top>
                            <height>300</height>
                            <width>220</width>
                            <aspectratio>keep</aspectratio>
                            <texture flipy="true" diffuse="images/Reflection.png">$INFO[Player.Art(tvshow.poster)]</texture>
                        </control-->
                        <control type="label" description="Channel">
                            <visible>Pvr.IsPlayingTV</visible>
                            <posx>90</posx>
                            <top>294</top>
                            <height>60</height>
                            <width>380</width>
                            <scroll>false</scroll>
                            <font>size30</font>
                            <align>right</align>
                            <textcolor>$VAR[diffusetext]</textcolor>
                            <label>(CH $INFO[VideoPlayer.ChannelNumber]) - $INFO[VideoPlayer.ChannelName]</label>
                        </control>																																								
                    </control>
                </control>
                <control type="list" id="100">
				<centerleft>350</centerleft>
                    <!--posx>2</posx-->
                    <top>100r</top>
                    <onright>100</onright>
                    <onleft>100</onleft>
		    <!--onup>101</onup>
                    <ondown>101</ondown-->
                    <onup>noop</onup>
                    <ondown>noop</ondown>
                    <width>700</width>
                    <height>100</height>
                    <align>center</align>
                    <orientation>horizontal</orientation>
                    <itemlayout width="70" height="70">
                        <control type="image">
                            <width>98</width>
                            <height>98</height>
                            <texture>$INFO[ListItem.thumb]</texture>
                        </control>
                    </itemlayout>
                    <focusedlayout width="70" height="70">
                        <control type="image">
                            <width>98</width>
                            <height>98</height>
                            <texture>$INFO[ListItem.label]</texture>
                        </control>
                    </focusedlayout>
                    <content>
                        <item id="7">
                            <visible>!Pvr.IsPlayingTV</visible>
                            <thumb>Seekbar/OSDPreviousNF.png</thumb>
                            <label>Seekbar/OSDPreviousFO.png</label>
                            <onclick>PlayerControl(Previous)</onclick>
                        </item>
                        <item id="10">
                            <visible>Pvr.IsPlayingTV</visible>
                            <thumb>Seekbar/OSDupNF.png</thumb>
                            <label>Seekbar/OSDupFO.png</label>
                            <onclick>PlayerControl(Previous)</onclick>
                        </item>
                        <item id="11">
                            <visible>Pvr.IsPlayingTV</visible>
                            <thumb>Seekbar/OSDdownNF.png</thumb>
                            <label>Seekbar/OSDdownFO.png</label>
                            <onclick>PlayerControl(Next)</onclick>
                        </item>
                        <item id="1">
                            <visible>!Pvr.IsPlayingTV</visible>
                            <thumb>Seekbar/OSDRWNF.png</thumb>
                            <label>Seekbar/OSDRWFO.png</label>
                            <onclick>PlayerControl(Rewind)</onclick>
                        </item>
                        <item id="0">
                            <visible>!Player.Paused + !Player.Forwarding + !Player.Rewinding + !Pvr.IsPlayingTV</visible>
                            <thumb>Seekbar/OSDPauseNF.png</thumb>
                            <label>Seekbar/OSDPauseFO.png</label>
                            <onclick>PlayerControl(Play)</onclick>
                        </item>
                        <item id="0">
                            <visible>Player.Paused | Player.Forwarding | Player.Rewinding + !Pvr.IsPlayingTV</visible>
                            <thumb>Seekbar/OSDPlayNF.png</thumb>
                            <label>Seekbar/OSDPlayFO.png</label>
                            <onclick>PlayerControl(Play)</onclick>
                        </item>
                        <item id="4">
                            <thumb>Seekbar/OSDStopNF.png</thumb>
                            <label>Seekbar/OSDStopFO.png</label>
                            <onclick>PlayerControl(Stop)</onclick>
                        </item>					
                        <item id="0">
                            <visible>Pvr.IsPlayingTv</visible>
                            <thumb>Seekbar/OSDchnNF.png</thumb>
                            <label>Seekbar/OSDchnFO.png</label>
                            <onclick>XBMC.ActivateWindow(PVROSDChannels)</onclick>
                        </item>
                        <item id="16">
                            <visible>Pvr.IsPlayingTv</visible>
                            <thumb>Seekbar/OSDpvrNF.png</thumb>
                            <label>Seekbar/OSDpvrFO.png</label>
                            <onclick>XBMC.ActivateWindow(PVROSDGuide)</onclick>
                        </item>
                        <!--item id="15">
                            <visible>Pvr.IsPlayingTv</visible>
                            <thumb>Seekbar/OSDtxtNF.png</thumb>
                            <label>Seekbar/OSDtxtFO.png</label>
                            <onclick>XBMC.ActivateWindow(Teletext)</onclick>
                        </item-->
                        <item id="5">
                            <visible>!Pvr.IsPlayingTV</visible>
                            <thumb>Seekbar/OSDFWNF.png</thumb>
                            <label>Seekbar/OSDFWFO.png</label>
                            <onclick>PlayerControl(Forward)</onclick>
                        </item>
                        <item id="8">
                            <visible>Player.CanRecord + !Pvr.IsRecording</visible>
                            <thumb>Seekbar/OSDrecNF.png</thumb>
                            <label>Seekbar/OSDrecFO.png</label>
                            <onclick>PlayerControl(Record)</onclick>
                        </item>
                        <item id="8">
                            <visible>Player.CanRecord + Pvr.IsRecording</visible>
                            <thumb>Seekbar/OSDreconNF.png</thumb>
                            <label>Seekbar/OSDreconFO.png</label>
                            <onclick>PlayerControl(Record)</onclick>
                        </item>												
                        <item id="6">
                            <visible>!Pvr.IsPlayingTV</visible>
                            <thumb>Seekbar/OSDNextNF.png</thumb>
                            <label>Seekbar/OSDNextFO.png</label>
                            <onclick>PlayerControl(Next)</onclick>
                        </item>
                        <item id="254">
                            <thumb>Seekbar/OSDMenuNF.png</thumb>
                            <label>Seekbar/OSDMenuFO.png</label>
                            <onclick>SetFocus(101)</onclick>
                        </item>							
                        <!--item id="255">
                            <visible>VideoPlayer.IsStereoscopic</visible>
                            <thumb>Seekbar/OSD3DNF.png</thumb>
                            <label>Seekbar/OSD3DFO.png</label>
                            <onclick>SetFocus(500)</onclick>
                        </item-->
                    </content>
                </control>
            </control>
        </control>
		
		<control type="list" id="200">
				<visible>Skin.HasSetting(EnableTouchSupport)</visible>
				<centerright>350</centerright>
                    <!--posx>2</posx-->
                    <top>60</top>
                    <onright>100</onright>
                    <onleft>100</onleft>
		    <!--onup>101</onup>
                    <ondown>101</ondown-->
					<left>0</left>
                    <onup>noop</onup>
                    <ondown>noop</ondown>
                    <width>700</width>
                    <height>100</height>
                    <orientation>horizontal</orientation>
                    <itemlayout width="90" height="75">
                        <control type="image">
                            <width>98</width>
                            <height>98</height>
                            <texture>$INFO[ListItem.thumb]</texture>
                        </control>
                    </itemlayout>
                    <focusedlayout width="90" height="75">
                        <control type="image">
                            <width>98</width>
                            <height>98</height>
                            <texture>$INFO[ListItem.label]</texture>
                        </control>
                    </focusedlayout>
                    <content>
                        <item id="7">
                            <thumb>osd/osdsubtitles.png</thumb>
                            <label>osd/osdsubtitles.png</label>
                        <onclick>ActivateWindow(SubtitleSearch)</onclick>
                        </item>
                        <item id="10">
                            <thumb>osd/osdvideo.png</thumb>
                            <label>osd/osdvideo.png</label>
                            <onclick>ActivateWindow(OSDVideoSettings)</onclick>
                        </item>
                        <item id="11">
                            <thumb>osd/osdviz.png</thumb>
                            <label>osd/osdviz.png</label>
                            <onclick>ActivateWindow(OSDAudioSettings)</onclick>
                        </item>
                        <item id="1">
                            <thumb>osd/osdvolumedown.png</thumb>
                            <label>osd/osdvolumedown.png</label>
                            <onclick>VolumeDown</onclick>
                        </item>
                        <item id="0">
                            <thumb>osd/osdvolumeup.png</thumb>
                            <label>osd/osdvolumeup.png</label>
                            <onclick>VolumeUp</onclick>
                        </item>	
                        <!--item id="255">
                            <visible>VideoPlayer.IsStereoscopic</visible>
                            <thumb>Seekbar/OSD3DNF.png</thumb>
                            <label>Seekbar/OSD3DFO.png</label>
                            <onclick>SetFocus(500)</onclick>
                        </item-->
                    </content>
                </control>
				</controls>
            </window>


        <!-- 3D -->
        <control type="group">
            <visible>VideoPlayer.IsStereoscopic + ![Window.IsVisible(SliderDialog) | Window.IsVisible(OSDVideoSettings) | Window.IsVisible(OSDAudioSettings) | Window.IsVisible(VideoBookmarks)]</visible>
            <visible allowhiddenfocus="true">ControlGroup(500).HasFocus</visible>
            <animation effect="fade" font12="200">VisibleChange</animation>
            <control type="image">
                <posx>510</posx>
                <top>500</top>
                <width>900</width>
                <height>450</height>
                <aspectratio>stretch</aspectratio>
                <texture border="150" colordiffuse="$VAR[bgcolor1]">images/Dialog.png</texture>
            </control>
            <control type="grouplist" id="500">

                <posx>710</posx>
                <top>300</top>
                <width>500</width>
                <height>500</height>
                <align>bottom</align>
                <itemgap>0</itemgap>
                <onleft>100</onleft>
                <onright>100</onright>
                <onup>noop</onup>
                <ondown>noop</ondown>
                <orientation>vertical</orientation>

                <include>VisibleFadeEffect</include>

                <control type="group">
                    <description>WindowsTopInfos</description>
                    <width>500</width>
                    <height>50</height>
                    <control type="label" id="">
                        <top>20</top>
                        <width>500</width>
                        <height>15</height>
                        <font>size33</font>
                        <label>36501</label>
                        <align>center</align>
                        <aligny>center</aligny>
                    </control>
                </control>
                <control type="radiobutton" id="503">
                    <height>40</height>
                    <width>500</width>
                    <font>size33</font>
                    <label>Enable</label>
                    <onclick>ToggleStereoMode</onclick>
                    <selected>IntegerGreaterThan(System.StereoscopicMode,0)</selected>
                    <pulseonselect>false</pulseonselect>
                </control>
                <control type="button" id="502">
                    <height>40</height>
                    <width>500</width>
                    <align>left</align>
                    <font>size33</font>
                    <textoffsetx>30</textoffsetx>
                    <pulseonselect>false</pulseonselect>
                    <label>3D Mode Selection</label>
                    <onclick>StereoMode</onclick>
                </control>
                <control type="radiobutton" id="501">
                    <height>40</height>
                    <width>500</width>
                    <font>size33</font>
                    <label>Force 2D</label>
                    <onclick>StereoModeToMono</onclick>
                    <selected>StringCompare(System.StereoscopicMode,7)</selected>
                    <pulseonselect>false</pulseonselect>
                </control>
            </control>
        </control>
        <!-- 3D -->
    </controls>
</window>