<?xml version="1.0" encoding="UTF-8"?>
<window id="129">
    <defaultcontrol always="true">11</defaultcontrol>
    <allowoverlay>no</allowoverlay>
    <backgroundcolor>background</backgroundcolor>
    <controls>
        <control type="group" description="Right panel">
            <control type="label" id="2" description="Heading">
                <left>0</left>
                <top>30</top>
                <width>1920</width>
                <font>size39B</font>
                <label>-</label>
                <align>center</align>
            </control>
            <control type="image" description="line">
                <top>110</top>
                <height>1</height>
                <width>1920</width>
                <texture colordiffuse="main">Lines/line.png</texture>
            </control>
            <control type="image" description="line">
                <top>185</top>
                <height>1</height>
                <width>1920</width>
                <texture colordiffuse="main">Lines/line.png</texture>
            </control>
            <control type="image" description="line">
                <top>1005</top>
                <height>1</height>
                <width>1920</width>
                <texture colordiffuse="main">Lines/line.png</texture>
            </control>
            <control type="image" description="line">
                <top>830</top>
                <height>1</height>
                <width>1920</width>
                <texture colordiffuse="main">Lines/line.png</texture>
            </control>
            <control type="image" description="line">
                <left>960</left>
                <top>1007</top>
                <height>74</height>
                <width>1</width>
                <texture colordiffuse="main">Lines/lineV.png</texture>
            </control>
            <control type="grouplist" id="9001">
                <centerleft>960</centerleft>
                <top>110</top>
                <width>1920</width>
                <itemgap>30</itemgap>
                <orientation>horizontal</orientation>
                <onleft>9001</onleft>
                <onright>9001</onright>
                <ondown>10</ondown>
                <align>center</align>
                <control type="button" id="11" description="Browse">
                    <width>400</width>
                    <label>1024</label>
                </control>
                <control type="button" id="13" description="Add">
                    <width>400</width>
                    <label>15019</label>
                </control>
                <control type="button" id="14" description="Remove">
                    <width>400</width>
                    <label>1210</label>
                </control>
            </control>
            <control type="list" id="10">
                <top>185</top>
                <centerleft>960</centerleft>
                <width>1500</width>
                <height>645</height>
                <onup>9001</onup>
                <onleft>noop</onleft>
                <onright>noop</onright>
                <ondown>12</ondown>
                <itemlayout height="80">
                    <control type="label">
                        <left>20</left>
                        <aligny>center</aligny>
                        <height>75</height>
                        <width>1445</width>
                        <info>ListItem.Label</info>
                    </control>
                </itemlayout>
                <focusedlayout height="80">
                    <control type="image">
                        <visible>Control.HasFocus(10)</visible>
                        <width>1470</width>
                        <height>75</height>
                        <texture border="8" colordiffuse="$VAR[diffuseselect]">images/buttonselect1.png</texture>
                        <!--<animation effect="fade" start="100" end="50" condition="!Control.HasFocus(10)">Conditional</animation>-->
                    </control>
                    <control type="label" description="Path label">
                        <left>20</left>
                        <aligny>center</aligny>
                        <height>75</height>
                        <width>1445</width>
                        <info>ListItem.Label</info>
                    </control>
                </focusedlayout>
            </control>
            <control type="label" id="0" description="Source Name Label">
                <centerleft>960</centerleft>
                <top>830</top>
                <width>940</width>
                <align>center</align>
                <label>1022</label>
            </control>
            <control type="edit" id="12" description="Source Name Button Field">
                <centerleft>960</centerleft>
                <top>900</top>
                <label>-</label>
                <width>1420</width>
                <texturefocus border="8">images/textedit.png</texturefocus>
                <texturenofocus border="8" colordiffuse="99FFFFFF">images/textedit.png</texturenofocus>
                <textoffsetx>20</textoffsetx>
                <onup>10</onup>
                <onleft>18</onleft>
                <onright>19</onright>
                <ondown>1800</ondown>
                <aligny>center</aligny>
                <align>center</align>
            </control>

            <control type="grouplist" id="1800">
                <centerleft>960</centerleft>
                <top>1005</top>
                <width>1920</width>
                <onup>12</onup>
                <ondown>9001</ondown>
                <align>center</align>
                <itemgap>0</itemgap>
                <orientation>horizontal</orientation>
                <control type="button" id="18" description="OK">
                    <width>960</width>
                    <label>186</label>
                </control>
                <control type="button" id="19" description="Cancel">
                    <width>960</width>
                    <label>222</label>
                </control>
            </control>
        </control>
    </controls>
</window>
