<?xml version="1.0" encoding="UTF-8"?>
<window id="149">
    <defaultcontrol always="true">20</defaultcontrol>
    <include>DialogOpenClose</include>
    <controls>
        <control type="image">
            <centerleft>960</centerleft>
            <centertop>540</centertop>
            <width>1620</width>
            <height>1230</height>
            <texture border="150">images/Dialog.png</texture>
        </control>
        <control type="label" id="1">
            <description>header label</description>
            <centerleft>960</centerleft>
            <top>90</top>
            <width>795</width>
            <height>45</height>
            <font>size28</font>
            <label>$LOCALIZE[35000]</label>
            <align>center</align>
            <aligny>center</aligny>
        </control>
        <control type="list" id="20">
            <centerleft>960</centerleft>
            <top>190</top>
            <width>1025</width>
            <height>640</height>
            <onup>6</onup>
            <ondown>10</ondown>
            <onleft>5</onleft>
            <onright>61</onright>
            <pagecontrol>61</pagecontrol>
            <scrolltime>200</scrolltime>
            <animation effect="slide" start="0,0" end="15,0" time="0" condition="!Control.IsVisible(61)">Conditional</animation>
            <itemlayout height="128" width="1025">
                <control type="label">
                    <description>Name</description>
                    <left>15</left>
                    <top>8</top>
                    <width>980</width>
                    <height>30</height>
                    <label>$INFO[ListItem.Label]</label>
                    <align>left</align>
                    <aligny>center</aligny>
                    <font>size27</font>
                </control>
                <control type="label">
                    <description>Product ID Vendor ID</description>
                    <left>15</left>
                    <top>45</top>
                    <width>780</width>
                    <height>30</height>
                    <label>$LOCALIZE[35504]:  [COLOR=dimgray]$INFO[ListItem.Property(Product)][/COLOR]    $LOCALIZE[35503]:  [COLOR=dimgray]$INFO[ListItem.Property(Vendor)][/COLOR]</label>
                    <align>left</align>
                    <aligny>center</aligny>
                    <font>size26</font>
                </control>
                <control type="label">
                    <description>class</description>
                    <left>15</left>
                    <top>75</top>
                    <width>780</width>
                    <height>30</height>
                    <label>$LOCALIZE[35501]:  [COLOR=dimgray]$INFO[ListItem.Property(Class)][/COLOR]</label>
                    <align>left</align>
                    <aligny>center</aligny>
                    <font>size26</font>
                </control>
            </itemlayout>
            <focusedlayout height="128" width="1025">
                <control type="image">
                    <width>1025</width>
                    <height>128</height>
                    <texture colordiffuse="$VAR[diffuseselect]">images/white.png</texture>
                    <visible>Control.HasFocus(20)</visible>
                </control>
                <control type="label">
                    <description>Name</description>
                    <left>15</left>
                    <top>8</top>
                    <width>980</width>
                    <height>30</height>
                    <label>$INFO[ListItem.Label]</label>
                    <align>left</align>
                    <aligny>center</aligny>
                    <font>size27</font>
                    <textcolor>maindim</textcolor>
                </control>
                <control type="label">
                    <description>Product ID Vendor ID</description>
                    <left>15</left>
                    <top>45</top>
                    <width>780</width>
                    <height>30</height>
                    <label>$LOCALIZE[35504]:  [COLOR=dimgray]$INFO[ListItem.Property(Product)][/COLOR]    $LOCALIZE[35503]:  [COLOR=dimgray]$INFO[ListItem.Property(Vendor)][/COLOR]</label>
                    <align>left</align>
                    <aligny>center</aligny>
                    <font>size26</font>
                </control>
                <control type="label">
                    <description>class</description>
                    <left>15</left>
                    <top>75</top>
                    <width>780</width>
                    <height>30</height>
                    <label>$LOCALIZE[35501]:  [COLOR=dimgray]$INFO[ListItem.Property(Class)][/COLOR]</label>
                    <align>left</align>
                    <aligny>center</aligny>
                    <font>size26</font>
                </control>
            </focusedlayout>
        </control>
        <control type="scrollbar" id="61">
            <right>296</right>
            <top>105</top>
            <width>9</width>
            <height>860</height>
            <onleft>20</onleft>
            <onright>20</onright>
            <ondown>noop</ondown>
            <onup>noop</onup>
            <showonepage>true</showonepage>
            <orientation>vertical</orientation>
        </control>
        <control type="label" description="Item count">
            <centerleft>960</centerleft>
            <top>900</top>
            <width>650</width>
            <height>30</height>
            <align>center</align>
            <font>Size23</font>
            <textcolor>dimgray</textcolor>
            <label>($INFO[Container(20).NumItems] $LOCALIZE[31001] - $LOCALIZE[31000] ($INFO[Container(20).CurrentPage]/$INFO[Container(20).NumPages])</label>
        </control>
        <control type="button" id="10">
            <description>Close button</description>
            <centerleft>960</centerleft>
            <top>940</top>
            <width>300</width>
            <height>60</height>
            <label>186</label>
            <font>size26</font>
            <textcolor>inverted</textcolor>
            <focusedcolor>inverted</focusedcolor>
            <texturenofocus border="5">images/white.png</texturenofocus>
            <align>center</align>
            <onleft>61</onleft>
            <onright>20</onright>
            <onup>20</onup>
            <ondown>20</ondown>
        </control>
    </controls>
</window>
