<?xml version="1.0" encoding="UTF-8"?>
<window id="136">
    <coordinates>
        <left>0</left>
        <top>0</top>
    </coordinates>
    <include>OpenClose</include>
    <controls>
        <control type="image" description="Busy BG">
            <left>0</left>
            <top>0</top>
            <width>1920</width>
            <height>1080</height>
            <texture>busy/BusyBG.png</texture>
            <aspectratio>stretch</aspectratio>
        </control>
        <control type="group">
            <left>832</left>
            <top>412</top>
            <control type="multiimage" description="Busy animation">
                <width>256</width>
                <height>256</height>
                <imagepath>busy/multi</imagepath>
                <timeperimage>85</timeperimage>
                <fadetime>0</fadetime>
                <loop>yes</loop>
                <aspectratio>keep</aspectratio>
            </control>
        </control>
        <control type="progress" id="10">
            <left>735</left>
            <top>650</top>
            <width>450</width>
            <height>9</height>
            <texturebg border="5,0,5,0">progress/ProgressBG.png</texturebg>
            <midtexture border="0,1,0,1">progress/ProgressM.png</midtexture>
            <righttexture border="1,1,5,1">progress/ProgressR.png</righttexture>
            <lefttexture border="5,1,1,1">progress/ProgressL.png</lefttexture>
        </control>
    </controls>
</window>
