<?xml version="1.0" encoding="UTF-8"?>
<window>
    <defaultcontrol always="true">5</defaultcontrol>
    <include>OpenClose</include>
    <controls>
        <control type="group">
            <left>400</left>
            <top>290</top>
            <include>PVRinfos</include>
            <control type="grouplist" id="9000">
                <left>40</left>
                <top>460</top>
                <width>1080</width>
                <height>40</height>
                <itemgap>5</itemgap>
                <align>center</align>
                <orientation>horizontal</orientation>
                <onleft>9000</onleft>
                <onright>9000</onright>
                <onup>60</onup>
                <ondown>60</ondown>
                <control type="button" id="5">
                    <description>Switch to Channel</description>
                    <include>SmallButt</include>
                    <label>19165</label>
                </control>
                <control type="button" id="6">
                    <description>Record</description>
                    <width>300</width>
                    <include>SmallButt</include>
                    <label>-</label>
                </control>
                <control type="button" id="7">
                    <description>OK</description>
                    <include>SmallButt</include>
                    <label>186</label>
                </control>
            </control>
        </control>
    </controls>
</window>
