<?xml version="1.0" encoding="UTF-8"?>
<window id="500">
    <defaultcontrol always="true">50</defaultcontrol>
    <allowoverlay>no</allowoverlay>
    <backgroundcolor>background</backgroundcolor>
    <include>OpenClose</include>
    <controls>
        <include>WindowsTopInfos</include>
        <control type="group">
            <control type="group" description="50">
                <visible>Control.IsVisible(50)</visible>
                <include>MusicInfo</include>
                <control type="group" description="List">
                    <include>LargeListItemCount</include>
                    <left>960</left>
                    <top>131</top>
                    <control type="fixedlist" id="50">
                        <width>960</width>
                        <height>888</height>
                        <onleft condition="!Skin.HasSetting(ViewsMenuOff)">9000</onleft>
                        <onright condition="!Skin.HasSetting(Scrollbars_Passive)">60</onright>
                        <onup>50</onup>
                        <ondown>50</ondown>
                        <pagecontrol>60</pagecontrol>
                        <viewtype label="535">List</viewtype>
                        <focusposition>3</focusposition>
                        <movement>4</movement>
                        <preloaditems>4</preloaditems>
                        <scrolltime tween="sine" easing="inout">280</scrolltime>
                        <itemlayout width="890" height="111">
                            <control type="image">
                                <height>111</height>
                                <width>111</width>
                                <bordersize>5</bordersize>
                                <texture background="true">$INFO[ListItem.Icon]</texture>
                                <aspectratio>scale</aspectratio>
                            </control>
                            <control type="label" description="Main Label">
                                <left>128</left>
                                <width>650</width>
                                <incude>BigListTitle</incude>
                                <label>$INFO[ListItem.Title]</label>
                            </control>
                            <control type="label" description="Main Label">
                                <left>128</left>
                                <width>650</width>
                                <include>BigListDetails</include>
                                <label>$INFO[ListItem.Artist]</label>
                            </control>
                            <control type="label" description="Label2">
                                <left>100r</left>
                                <include>BigListDetails</include>
                                <label>$INFO[ListItem.Label2]</label>
                            </control>
                            <control type="image" description="playing">
                                <visible>Player.HasAudio</visible>
                                <visible>StringCompare(ListItem.Title,MusicPlayer.Title)</visible>
                                <left>65r</left>
                                <height>60</height>
                                <width>36</width>
                                <aspectratio>keep</aspectratio>
                                <texture>images/NowPlayingNF.png</texture>
                            </control>
                            <control type="image">
                                <width>900</width>
                                <height>1</height>
                                <texture>lines/Line.png</texture>
                            </control>
                        </itemlayout>
                        <focusedlayout width="890" height="111">
                            <control type="image">
                                <animation effect="fade" end="0" time="30">UnFocus</animation>
                                <width>890</width>
                                <height>111</height>
                                <texture colordiffuse="$VAR[diffuseselect]">images/buttonselect1.png</texture>
                            </control>
                            <control type="image">
                                <height>111</height>
                                <width>111</width>
                                <bordersize>5</bordersize>
                                <texture background="true">$INFO[ListItem.Icon]</texture>
                                <aspectratio>scale</aspectratio>
                            </control>
                            <control type="label" description="Main Label">
                                <left>128</left>
                                <width>650</width>
                                <incude>BigListTitleFO</incude>
                                <label>$INFO[ListItem.Title]</label>
                            </control>
                            <control type="label" description="Main Label">
                                <left>128</left>
                                <width>650</width>
                                <include>BigListDetails</include>
                                <label>$INFO[ListItem.Artist]</label>
                            </control>
                            <control type="label" description="Label2">
                                <left>100r</left>
                                <include>BigListDetails</include>
                                <label>$INFO[ListItem.Label2]</label>
                            </control>
                            <control type="image" description="playing">
                                <visible>Player.HasAudio</visible>
                                <visible>StringCompare(ListItem.Title,MusicPlayer.Title)</visible>
                                <left>65r</left>
                                <height>60</height>
                                <width>36</width>
                                <aspectratio>keep</aspectratio>
                                <texture>images/NowPlayingNF.png</texture>
                            </control>
                            <control type="image">
                                <width>900</width>
                                <height>1</height>
                                <texture>lines/Line.png</texture>
                            </control>
                        </focusedlayout>
                    </control>
                </control>
                <control type="scrollbar" id="60">
                    <left>51r</left>
                    <top>135</top>
                    <height>870</height>
                    <onleft>50</onleft>
                    <showonepage>true</showonepage>
                    <onright>noop</onright>
                </control>
            </control>
            <control type="image">
                <left>960</left>
                <width>1</width>
                <height>1080</height>
                <texture>lines/LineV.png</texture>
            </control>
            <control type="group" description="Side menu 9000 group">
                <visible allowhiddenfocus="true">ControlGroup(9000).HasFocus()</visible>
                <include>9000slide</include>
                <control type="image" description="List back">
                    <top>-10</top>
                    <left>-80</left>
                    <width>580</width>
                    <height>1100</height>
                    <aspectratio>stretch</aspectratio>
                    <texture border="50">sidepanel/Back.png</texture>
                </control>
                <control type="grouplist" id="9000">
                    <left>0</left>
                    <align>left</align>
                    <include>DialogGLs</include>
                    <control type="button" id="0">
                        <enable>false</enable>
                        <texturenofocus colordiffuse="silver">images/buttonselect1.png</texturenofocus>
                        <include>DialogButt</include>
                        <label>•• $LOCALIZE[33063] ••</label>
                    </control>
                    <control type="radiobutton" id="20" description="Shuffle">
                        <include>DialogButt</include>
                        <radioleft>530</radioleft>
                        <label>191</label>
                    </control>
                    <control type="button" id="21" description="Save">
                        <include>DialogButt</include>
                        <label>190</label>
                    </control>
                    <control type="button" id="22" description="Clear">
                        <include>DialogButt</include>
                        <label>192</label>
                    </control>
                    <control type="button" id="23" description="Play">
                        <include>DialogButt</include>
                        <label>208</label>
                    </control>
                    <control type="button" id="26" description="Repeat">
                        <include>DialogButt</include>
                        <label>-</label>
                    </control>
                </control>
            </control>
        </control>

    </controls>
</window>
