<?xml version="1.0" encoding="UTF-8"?>
<window id="34">
    <defaultcontrol always="true">2</defaultcontrol>
    <allowoverlay>no</allowoverlay>
    <backgroundcolor>background</backgroundcolor>
    <include>OpenClose</include>
    <controls>
        <include>WindowsTopInfos</include>
        <include>Linemiddle</include>
        <control type="togglebutton" id="4" description="Toggle Login Screen">
            <left>960</left>
            <top>80</top>
            <height>81</height>
            <width>960</width>
            <label>$LOCALIZE[20096]:  $LOCALIZE[1223]</label>
            <altlabel>$LOCALIZE[20096]:  $LOCALIZE[305]</altlabel>
            <align>left</align>
            <onright>noop</onright>
            <onleft>noop</onleft>
            <onup>noop</onup>
            <ondown>2</ondown>
            <font>size36</font>
            <textoffsetx>90</textoffsetx>
            <texturefocus colordiffuse="$VAR[diffuseselect]">images/buttonselect1.png</texturefocus>
        </control>
        <control type="group" description="List" id="575">
            <left>960</left>
            <top>160</top>
            <control type="list" id="2">
                <left>0</left>
                <top>0</top>
                <width>900</width>
                <height>730</height>
                <onleft>noop</onleft>
                <onright>noop</onright>
                <onup>4</onup>
                <ondown>noop</ondown>
                <pagecontrol>60</pagecontrol>
                <scrolltime>280</scrolltime>
                <itemlayout height="81">
                    <control type="label" description="Main Label">
                        <left>90</left>
                        <height>81</height>
                        <width>900</width>
                        <aligny>center</aligny>
                        <font>size36</font>
                        <textcolor>maindim</textcolor>
                        <label>$INFO[ListItem.Label]</label>
                    </control>
                </itemlayout>
                <focusedlayout height="81">
                    <include>SmallSelector</include>
                    <control type="label" description="Main Label">
                        <left>90</left>
                        <height>81</height>
                        <width>900</width>
                        <aligny>center</aligny>
                        <font>size36</font>
                        <textcolor>main</textcolor>
                        <label>$INFO[ListItem.Label]</label>
                    </control>
                </focusedlayout>
            </control>
        </control>
        <include>User</include>
        <control type="image">
            <centerleft>480</centerleft>
            <centertop>540</centertop>
            <width>600</width>
            <height>600</height>
            <aspectratio scalediffuse="false">scale</aspectratio>
            <texture background="true" diffuse="images/logindiffuse.png" fallback="def_user.png">$INFO[Container(2).ListItem.Icon]</texture>
        </control>
        <control type="image">
            <centerleft>480</centerleft>
            <centertop>540</centertop>
            <width>652</width>
            <height>652</height>
            <aspectratio>stretch</aspectratio>
            <texture>images/LoginSlider.png</texture>
        </control>
        <control type="image">
            <top>100</top>
            <left>959</left>
            <width>1</width>
            <height>1080</height>
            <texture>images/lineV.png</texture>
        </control>
    </controls>
</window>
