<?xml version="1.0" encoding="UTF-8"?>
<window>
    <defaultcontrol>-</defaultcontrol>
    <controls>
        <control type="group" >
            <visible>!Window.IsActive(DialogFullscreenInfo.xml)</visible>
            <animation effect="fade" time="200">VisibleChange</animation>
            <control type="image" description="Background">
                <width>1920</width>
                <height>300</height>
                <texture>images/white.png</texture>
                <colordiffuse>inverted</colordiffuse>
            </control>
            <control type="grouplist" id="0">
                <left>60</left>
                <top>60</top>
                <width>1800</width>
                <height>500</height>
                <itemgap>10</itemgap>
                <control type="label" id="10" description="row 1 sys label">
                    <width>1800</width>
                    <height>60</height>
                    <font>size22</font>
                    <align>center</align>
                    <label>-</label>
                </control>
                <control type="label" id="11" description="row 2 sys label">
                    <width>1800</width>
                    <height>60</height>
                    <align>center</align>
                    <font>size22</font>
                    <label>-</label>
                </control>
                <control type="label" id="12" description="row 3 sys label">
                    <width>1800</width>
                    <height>90</height>
                    <align>center</align>
                    <font>size22</font>
                    <label>-</label>
                </control>
            </control>
        </control>
        <control type="image" id="1">
            <animation type="Conditional" condition="Player.Paused" reversible="false">
                <effect type="slide" start="0,0" end="0,-470" time="800" delay="1500"/>
                <effect type="zoom" center="960,540" start="100" end="35" time="800" delay="1500"/>
            </animation>
            <visible>Player.Paused</visible>
            <centertop>540</centertop>
            <centerleft>960</centerleft>
            <width>600</width>
            <height>600</height>
            <texture>Seekbar/OSDPauseFO.png</texture>
            <colordiffuse>AAFFFFFF</colordiffuse>
        </control>
    </controls>
</window>
