<?xml version="1.0" encoding="UTF-8"?>
<window id="125">
    <defaultcontrol always="true">2</defaultcontrol>
    <allowoverlay>yes</allowoverlay>
    <include>OpenClose</include>
    <controls>
        <!--<control type="image">-->
        <!--<left>225</left>-->
        <!--<top>0</top>-->
        <!--<width>1470</width>-->
        <!--<height>1080</height>-->
        <!--<texture border="150">images/Dialog.png</texture>-->
        <!--</control>-->
        <control type="image" description="Background">
            <centerleft>960</centerleft>
            <top>640</top>
            <width>1940</width>
            <height>500</height>
            <texture colordiffuse="D2FFFFFF">images/black.png</texture>
        </control>
        <control type="grouplist">
            <top>640</top>
            <centerleft>960</centerleft>
            <width>1000</width>
            <orientation>horizontal</orientation>
            <align>center</align>
            <control type="label">
                <description>header label</description>
                <width>auto</width>
                <label>[UPPERCASE]$LOCALIZE[298][/UPPERCASE]</label>
            </control>
            <control type="label">
                <description>header label</description>
                <width>auto</width>
                <font>size20</font>
                <label>$INFO[Container(11).NumItems,(,)] $LOCALIZE[31001] - $LOCALIZE[31000] ($INFO[Container(11).CurrentPage]/$INFO[Container(11).NumPages])</label>
            </control>
        </control>
        <control type="list" id="11">
            <bottom>95</bottom>
            <width>1920</width>
            <height>300</height>
            <onleft>2</onleft>
            <onright>2</onright>
            <ondown>2</ondown>
            <onup>11</onup>
            <scrolltime>200</scrolltime>
            <viewtype label="536">icon</viewtype>
            <pagecontrol>-</pagecontrol>
            <orientation>horizontal</orientation>
            <itemlayout height="280" width="360">
                <control type="image">
                    <centerleft>180</centerleft>
                    <centertop>140</centertop>
                    <width>330</width>
                    <height>210</height>
                    <bordertexture colordiffuse="main">images/white.png</bordertexture>
                    <bordersize>4</bordersize>
                    <aspectratio>scale</aspectratio>
                    <info>ListItem.Icon</info>
                </control>
                <control type="label">
                    <centerleft>180</centerleft>
                    <top>270</top>
                    <width>338</width>
                    <height>22</height>
                    <align>center</align>
                    <font>size26</font>
                    <info>ListItem.Label</info>
                </control>
            </itemlayout>
            <focusedlayout height="280" width="360">
                 <control type="image">
                     <visible>Control.HasFocus(11)</visible>
                    <centerleft>180</centerleft>
                    <centertop>140</centertop>
                    <width>362</width>
                    <height>242</height>
                    <texture colordiffuse="$VAR[diffuseselect]">images/white.png</texture>
                </control>
                <control type="image">
                    <centerleft>180</centerleft>
                    <centertop>140</centertop>
                    <width>330</width>
                    <height>210</height>
                    <bordertexture colordiffuse="main">images/white.png</bordertexture>
                    <bordersize>4</bordersize>
                    <info>ListItem.Icon</info>
                    <aspectratio>scale</aspectratio>
                </control>
                <control type="label">
                    <centerleft>180</centerleft>
                    <top>270</top>
                    <width>338</width>
                    <height>22</height>
                    <align>center</align>
                    <font>size26</font>
                    <info>ListItem.Label</info>
                </control>
            </focusedlayout>
        </control>
        <control type="grouplist" id="9000">
            <centerleft>960</centerleft>
            <top>1000</top>
            <width>1920</width>
            <height>60</height>
            <itemgap>30</itemgap>
            <align>center</align>
            <orientation>horizontal</orientation>
            <onleft>9000</onleft>
            <onright>9000</onright>
            <onup>11</onup>
            <ondown>11</ondown>
            <control type="button" id="2">
                <description>Create Bookmark button</description>
                <height>60</height>
                <label>294</label>
                <width>500</width>
            </control>
            <control type="button" id="3">
                <height>60</height>
                <description>Clear Bookmark button</description>
                <label>296</label>
                <width>500</width>
            </control>
            <control type="button" id="4">
                <height>60</height>
                <description>Episode</description>
                <label>20406</label>
                <width>500</width>
                <visible>videoplayer.content(episodes)</visible>
            </control>
        </control>
    </controls>
</window>
