<?xml version="1.0" encoding="UTF-8"?>
<window id="1117">
    <defaultcontrol always="true">50</defaultcontrol>
    <backgroundcolor>background</backgroundcolor>
    <include>OpenClose</include>
    <controls>
        <include>BlackBackground</include>
        <control type="label" description="Heading">
            <centerleft>960</centerleft>
            <top>20</top>
            <width>720</width>
            <height>45</height>
            <font>size42B</font>
            <align>center</align>
            <textcolor>maindim</textcolor>
            <label>31052</label>
        </control>
        <control type="group">
            <control type="image" description="Line bottom">
                <top>490</top>
                <width>1920</width>
                <height>1</height>
                <texture>lines/Line1.png</texture>
            </control>
            <control type="panel" id="50" description="ICON PANEL">
                <width>1820</width>
                    <height>589</height>
                    <top>491</top>
                    <centerleft>960</centerleft>
                    <onleft>50</onleft>
                    <onright>50</onright>
                    <onup>700</onup>
                    <ondown>noop</ondown>
                    <orientation>vertical</orientation>
                    <scrolltime tween="sine" easing="inout">280</scrolltime>
                    <itemlayout height="220" width="260">
                        <control type="image" description="Thumb">
                            <visible>!IsEmpty(Listitem.thumb)</visible>
                            <centerleft>130</centerleft>
                            <centertop>110</centertop>
                            <width>220</width>
                            <height>168</height>
                            <texture diffuse="images/diffusehome.png">$INFO[ListItem.thumb]</texture>
                        </control>
                        <control type="image" description="Thumb">
                            <visible>IsEmpty(Listitem.thumb)</visible>
                            <centerleft>130</centerleft>
                            <centertop>110</centertop>
                            <width>220</width>
                            <height>168</height>
                            <texture diffuse="images/diffusehome.png">$INFO[ListItem.label2]</texture>
                        </control>
                        <control type="label">
                            <centerleft>130</centerleft>
                            <top>198</top>
                            <width>240</width>
                            <height>24</height>
                            <font>size24</font>
                            <align>center</align>
                            <label>[B]$INFO[ListItem.label][/B]</label>
                        </control>
                    </itemlayout>
                    <focusedlayout height="220" width="260">
                        <control type="image" description="Thumb">
                            <visible>!IsEmpty(Listitem.thumb)</visible>
                            <centerleft>130</centerleft>
                            <centertop>110</centertop>
                            <width>220</width>
                            <height>168</height>
                            <texture diffuse="images/diffusehome.png">$INFO[ListItem.thumb]</texture>
                        </control>
                        <control type="image" description="Thumb">
                            <visible>IsEmpty(Listitem.thumb)</visible>
                            <centerleft>130</centerleft>
                            <centertop>110</centertop>
                            <width>220</width>
                            <height>168</height>
                            <texture diffuse="images/diffusehome.png">$INFO[ListItem.label2]</texture>
                        </control>
                        <control type="label">
                            <centerleft>130</centerleft>
                            <top>198</top>
                            <width>240</width>
                            <height>24</height>
                            <font>size24</font>
                            <align>center</align>
                            <label>[B]$INFO[ListItem.label][/B]</label>
                        </control>
                        <control type="image">
                            <animation effect="fade" start="0" end="100" time="100" delay="100" reversible="false">Focus</animation>
                            <animation effect="fade" start="100" end="0" time="180" reversible="true">Unfocus</animation>
                            <centerleft>130</centerleft>
                            <centertop>110</centertop>
                            <width>220</width>
                            <height>168</height>
                            <texture border="40">images/atvslider.png</texture>
                            <colordiffuse>main</colordiffuse>
                        </control>
                    </focusedlayout>
                <content>
                    <item id="1013" description="VAddons">
                        <visible>!Skin.HasSetting(hidevaddons) + Skin.HasSetting(hidetv) + Skin.HasSetting(hidemovie)</visible>
                        <thumb>icons/vaddons.png</thumb>
                        <label>$LOCALIZE[157] $LOCALIZE[24001]</label>
                        <onclick>Skin.ToggleSetting(hidevaddons)</onclick>
                    </item>
                    <item id="1013" description="VAddons -OFF">
                        <visible>Skin.HasSetting(hidevaddons) + Skin.HasSetting(hidetv) + Skin.HasSetting(hidemovie)</visible>
                        <thumb>help/Off.png</thumb>
                        <label>$LOCALIZE[157] $LOCALIZE[24001]</label>
                        <onclick>Skin.ToggleSetting(hidevaddons)</onclick>
                    </item>
                    <item id="1001" description="Movies">
                        <visible>!Skin.HasSetting(hidemovie)</visible>
                        <thumb>icons/movies.png</thumb>
                        <label>$LOCALIZE[20342]</label>
                        <onclick>Skin.ToggleSetting(hidemovie)</onclick>
                    </item>
                    <item id="1001" description="Movies -OFF">
                        <visible>Skin.HasSetting(hidemovie)</visible>
                        <thumb>help/Off.png</thumb>
                        <label>$LOCALIZE[20342]</label>
                        <onclick>Skin.ToggleSetting(hidemovie)</onclick>
                    </item>
                    <item id="1002" description="TV">
                        <visible>!Skin.HasSetting(hidetv)</visible>
                        <thumb>icons/tvshows.png</thumb>
                        <label>$LOCALIZE[20343]</label>
                        <onclick>Skin.ToggleSetting(hidetv)</onclick>
                    </item>
                    <item id="1002" description="TV -OFF">
                        <visible>Skin.HasSetting(hidetv)</visible>
                        <thumb>help/Off.png</thumb>
                        <label>$LOCALIZE[20343]</label>
                        <onclick>Skin.ToggleSetting(hidetv)</onclick>
                    </item>
                    <item id="1003" description="Music">
                        <visible>!Skin.HasSetting(hidemusic)</visible>
                        <thumb>icons/music.png</thumb>
                        <label>$LOCALIZE[2]</label>
                        <onclick>Skin.ToggleSetting(hidemusic)</onclick>
                    </item>
                    <item id="1003" description="Music -OFF">
                        <visible>Skin.HasSetting(hidemusic)</visible>
                        <thumb>help/Off.png</thumb>
                        <label>$LOCALIZE[2]</label>
                        <onclick>Skin.ToggleSetting(hidemusic)</onclick>
                    </item>
                    <item id="607" description="HomeFav">
                        <visible>!IsEmpty(Skin.String(HomeFav.7.Label))</visible>
                        <label>$INFO[Skin.String(HomeFav.7.Label)]</label>
                        <label2>+ $LOCALIZE[1036]</label2>
                        <thumb>$INFO[Skin.String(HomeFav.7.Icon)]</thumb>
                        <onclick>SetFocus(9000)</onclick>
                    </item>
                    <item id="607" description="HomeFav">
                        <visible>IsEmpty(Skin.String(HomeFav.7.Label))</visible>
                        <thumb>DefaultFavourite.png</thumb>
                        <label>+ $LOCALIZE[1036]</label>
                        <onclick>RunScript(script.favourites,property=HomeFav.7)</onclick>
                    </item>
                    <item id="608" description="HomeFav">
                        <visible>!IsEmpty(Skin.String(HomeFav.8.Label))</visible>
                        <label>$INFO[Skin.String(HomeFav.8.Label)]</label>
                        <label2>+ $LOCALIZE[1036]</label2>
                        <thumb>$INFO[Skin.String(HomeFav.8.Icon)]</thumb>
                        <onclick>SetFocus(9000)</onclick>
                    </item>
                    <item id="608" description="HomeFav">
                        <visible>IsEmpty(Skin.String(HomeFav.8.Label))</visible>
                        <thumb>DefaultFavourite.png</thumb>
                        <label>+ $LOCALIZE[1036]</label>
                        <onclick>RunScript(script.favourites,property=HomeFav.8)</onclick>
                    </item>
                    <item id="1005" description="Addons">
                        <visible>!Skin.HasSetting(hideaddon)</visible>
                        <thumb>icons/addons.png</thumb>
                        <label>$LOCALIZE[24001]</label>
                        <onclick>Skin.ToggleSetting(hideaddon)</onclick>
                    </item>
                    <item id="1005" description="Addons -OFF">
                        <visible>Skin.HasSetting(hideaddon)</visible>
                        <thumb>help/Off.png</thumb>
                        <label>$LOCALIZE[24001]</label>
                        <onclick>Skin.ToggleSetting(hideaddon)</onclick>
                    </item>
                     <item id="1014">
                        <visible>System.GetBool(pvrmanager.enabled) + !Skin.HasSetting(PVRhide)</visible>
                        <thumb>icons/LiveTV.png</thumb>
                        <label>31059</label>
                        <onclick>Skin.ToggleSetting(PVRhide)</onclick>
                    </item>
                    <item id="1014">
                        <visible>System.GetBool(pvrmanager.enabled) + Skin.HasSetting(PVRhide)</visible>
                        <thumb>help/Off.png</thumb>
                        <label>31059</label>
                        <onclick>Skin.ToggleSetting(PVRhide)</onclick>
                    </item>
                    <item id="1014">
                        <visible>!System.GetBool(pvrmanager.enabled)</visible>
                        <thumb>help/Off.png</thumb>
                        <label>31059</label>
                        <onclick>ActivateWindow(pvrsettings)</onclick>
                    </item>
                    <item id="1004" description="Photos">
                        <visible>!Skin.HasSetting(hidepic)</visible>
                        <thumb>icons/photos.png</thumb>
                        <label>$LOCALIZE[1]</label>
                        <onclick>Skin.ToggleSetting(hidepic)</onclick>
                    </item>
                    <item id="1004" description="Photos -OFF">
                        <visible>Skin.HasSetting(hidepic)</visible>
                        <thumb>help/Off.png</thumb>
                        <label>$LOCALIZE[1]</label>
                        <onclick>Skin.ToggleSetting(hidepic)</onclick>
                    </item>
                    <item id="1006" description="Weather">
                        <visible>!Skin.HasSetting(hidewtr)</visible>
                        <thumb>weathershelf/30.png</thumb>
                        <label>$LOCALIZE[8]</label>
                        <onclick>Skin.ToggleSetting(hidewtr)</onclick>
                    </item>
                    <item id="1006" description="Weather -OFF">
                        <visible>Skin.HasSetting(hidewtr)</visible>
                        <thumb>help/Off.png</thumb>
                        <label>$LOCALIZE[8]</label>
                        <onclick>Skin.ToggleSetting(hidewtr)</onclick>
                    </item>
                    <item id="1010" description="Favourites">
                        <visible>!Skin.HasSetting(hidefav)</visible>
                        <thumb>icons/favs.png</thumb>
                        <label>$LOCALIZE[1036]</label>
                        <onclick>Skin.ToggleSetting(hidefav)</onclick>
                    </item>
                    <item id="1010" description="Favourites -OFF">
                        <visible>Skin.HasSetting(hidefav)</visible>
                        <thumb>help/Off.png</thumb>
                        <label>$LOCALIZE[1036]</label>
                        <onclick>Skin.ToggleSetting(hidefav)</onclick>
                    </item>
                     <item id="358" description="next aired">
                        <visible>Skin.HasSetting(nextair) + System.HasAddon(script.tv.show.next.aired) + Library.HasContent(TVShows)</visible>
                        <thumb>help/Off.png</thumb>
                        <label>$ADDON[script.tv.show.next.aired 32019]</label>
                        <onclick>Skin.ToggleSetting(nextair)</onclick>
                    </item>
                    <item id="358" description="next aired -OFF">
                        <visible>!Skin.HasSetting(nextair) + System.HasAddon(script.tv.show.next.aired) + Library.HasContent(TVShows)</visible>
                        <thumb>icons/nextaired.png</thumb>
                        <label>$ADDON[script.tv.show.next.aired 32019]</label>
                        <onclick>Skin.ToggleSetting(nextair)</onclick>
                    </item>
                    <item id="356" description="search">
                        <visible>Skin.HasSetting(sear)</visible>
                        <thumb>help/Off.png</thumb>
                        <label>137</label>
                        <onclick>Skin.ToggleSetting(sear)</onclick>
                    </item>
                    <item id="356" description="search -OFF">
                        <visible>!Skin.HasSetting(sear)</visible>
                        <thumb>icons/search.png</thumb>
                        <label>137</label>
                        <onclick>Skin.ToggleSetting(sear)</onclick>
                    </item>
                    <item id="357" description="3d movies">
                        <visible>!Skin.HasSetting(3dmovs)</visible>
                        <thumb>help/Off.png</thumb>
                        <label>3D $LOCALIZE[342]</label>
                        <onclick>Skin.ToggleSetting(3dmovs)</onclick>
                    </item>
                    <item id="357" description="3d movies -OFF">
                        <visible>Skin.HasSetting(3dmovs)</visible>
                        <thumb>icons/3d.png</thumb>
                        <label>3D $LOCALIZE[342]</label>
                        <onclick>Skin.ToggleSetting(3dmovs)</onclick>
                    </item>
                     <item id="359">
                        <visible>Skin.HasSetting(showtheater)</visible>
                        <thumb>icons/extendedinfotheater.png</thumb>
                        <label>31422</label>
                        <onclick>Skin.ToggleSetting(showtheater)</onclick>
                    </item>
                    <item id="359">
                        <visible>!Skin.HasSetting(showtheater)</visible>
                        <thumb>help/Off.png</thumb>
                        <label>31422</label>
                        <onclick condition="System.HasAddon(script.extendedinfo)">Skin.ToggleSetting(showtheater)</onclick>
                    </item>
                    <item id="360">
                        <visible>Skin.HasSetting(showdvdrel)</visible>
                        <thumb>icons/extendedinfodvd.png</thumb>
                        <label>31423</label>
                        <onclick>Skin.ToggleSetting(showdvdrel)</onclick>
                    </item>
                    <item id="360">
                        <visible>!Skin.HasSetting(showdvdrel)</visible>
                        <thumb>help/Off.png</thumb>
                        <label>31423</label>
                        <onclick condition="System.HasAddon(script.extendedinfo)">Skin.ToggleSetting(showdvdrel)</onclick>
                    </item>
                    <item id="601" description="HomeFav">
                        <visible>!IsEmpty(Skin.String(HomeFav.1.Label))</visible>
                        <label>$INFO[Skin.String(HomeFav.1.Label)]</label>
                        <label2>+ $LOCALIZE[1036]</label2>
                        <thumb>$INFO[Skin.String(HomeFav.1.Icon)]</thumb>
                        <onclick>SetFocus(9000)</onclick>
                    </item>
                    <item id="601" description="HomeFav">
                        <visible>IsEmpty(Skin.String(HomeFav.1.Label))</visible>
                        <thumb>DefaultFavourite.png</thumb>
                        <label>+ $LOCALIZE[1036]</label>
                        <onclick>RunScript(script.favourites,property=HomeFav.1)</onclick>
                    </item>
                    <item id="602" description="HomeFav">
                        <visible>!IsEmpty(Skin.String(HomeFav.2.Label))</visible>
                        <label>$INFO[Skin.String(HomeFav.2.Label)]</label>
                        <label2>+ $LOCALIZE[1036]</label2>
                        <thumb>$INFO[Skin.String(HomeFav.2.Icon)]</thumb>
                        <onclick>SetFocus(9000)</onclick>
                    </item>
                    <item id="602" description="HomeFav">
                        <visible>IsEmpty(Skin.String(HomeFav.2.Label))</visible>
                        <thumb>DefaultFavourite.png</thumb>
                        <label>+ $LOCALIZE[1036]</label>
                        <onclick>RunScript(script.favourites,property=HomeFav.2)</onclick>
                    </item>
                    <item id="603" description="HomeFav">
                        <visible>!IsEmpty(Skin.String(HomeFav.3.Label))</visible>
                        <label>$INFO[Skin.String(HomeFav.3.Label)]</label>
                        <label2>+ $LOCALIZE[1036]</label2>
                        <thumb>$INFO[Skin.String(HomeFav.3.Icon)]</thumb>
                        <onclick>SetFocus(9000)</onclick>
                    </item>
                    <item id="603" description="HomeFav">
                        <visible>IsEmpty(Skin.String(HomeFav.3.Label))</visible>
                        <thumb>DefaultFavourite.png</thumb>
                        <label>+ $LOCALIZE[1036]</label>
                        <onclick>RunScript(script.favourites,property=HomeFav.3)</onclick>
                    </item>
                    <item id="604" description="HomeFav">
                        <visible>!IsEmpty(Skin.String(HomeFav.4.Label))</visible>
                        <label>$INFO[Skin.String(HomeFav.4.Label)]</label>
                        <label2>+ $LOCALIZE[1036]</label2>
                        <thumb>$INFO[Skin.String(HomeFav.4.Icon)]</thumb>
                        <onclick>SetFocus(9000)</onclick>
                    </item>
                    <item id="604" description="HomeFav">
                        <visible>IsEmpty(Skin.String(HomeFav.4.Label))</visible>
                        <thumb>DefaultFavourite.png</thumb>
                        <label>+ $LOCALIZE[1036]</label>
                        <onclick>RunScript(script.favourites,property=HomeFav.4)</onclick>
                    </item>
                    <item id="605" description="HomeFav">
                        <visible>!IsEmpty(Skin.String(HomeFav.5.Label))</visible>
                        <label>$INFO[Skin.String(HomeFav.5.Label)]</label>
                        <label2>+ $LOCALIZE[1036]</label2>
                        <thumb>$INFO[Skin.String(HomeFav.5.Icon)]</thumb>
                        <onclick>SetFocus(9000)</onclick>
                    </item>
                    <item id="605" description="HomeFav">
                        <visible>IsEmpty(Skin.String(HomeFav.5.Label))</visible>
                        <thumb>DefaultFavourite.png</thumb>
                        <label>+ $LOCALIZE[1036]</label>
                        <onclick>RunScript(script.favourites,property=HomeFav.5)</onclick>
                    </item>
                    <item id="606" description="HomeFav">
                        <visible>!IsEmpty(Skin.String(HomeFav.6.Label))</visible>
                        <label>$INFO[Skin.String(HomeFav.6.Label)]</label>
                        <label2>+ $LOCALIZE[1036]</label2>
                        <thumb>$INFO[Skin.String(HomeFav.6.Icon)]</thumb>
                        <onclick>SetFocus(9000)</onclick>
                    </item>
                    <item id="606" description="HomeFav">
                        <visible>IsEmpty(Skin.String(HomeFav.6.Label))</visible>
                        <thumb>DefaultFavourite.png</thumb>
                        <label>+ $LOCALIZE[1036]</label>
                        <onclick>RunScript(script.favourites,property=HomeFav.6)</onclick>
                    </item>
                    <item id="401" description="AddonCustom">
                        <visible>!IsEmpty(Skin.String(HomeAddon.1.Label))</visible>
                        <thumb>$INFO[Skin.String(HomeAddon.1.Icon)]</thumb>
                        <label2>$INFO[system.addonicon(Skin.String(HomeAddon.1.Label))]</label2>
                        <label>$INFO[system.addonTitle(Skin.String(HomeAddon.1.Label))]</label>
                        <onclick>SetFocus(9000)</onclick>
                    </item>
                    <item id="401" description="AddonCustom">
                        <visible>IsEmpty(Skin.String(HomeAddon.1.Label))</visible>
                        <thumb>DefaultAddon.png</thumb>
                        <label>+ $LOCALIZE[24000]</label>
                        <onclick>Skin.SetAddon(HomeAddon.1.Label,xbmc.python.pluginsource)</onclick>
                        <onclick>Skin.Reset(HomeAddon.1.Icon)</onclick>
                    </item>
                    <item id="402" description="AddonCustom">
                        <visible>!IsEmpty(Skin.String(HomeAddon.2.Label))</visible>
                        <thumb>$INFO[Skin.String(HomeAddon.2.Icon)]</thumb>
                        <label2>$INFO[system.addonicon(Skin.String(HomeAddon.2.Label))]</label2>
                        <label>$INFO[system.addonTitle(Skin.String(HomeAddon.2.Label))]</label>
                        <onclick>SetFocus(9000)</onclick>
                    </item>
                    <item id="402" description="AddonCustom">
                        <visible>IsEmpty(Skin.String(HomeAddon.2.Label))</visible>
                        <thumb>DefaultAddon.png</thumb>
                        <label>+ $LOCALIZE[24000]</label>
                        <onclick>Skin.SetAddon(HomeAddon.2.Label,xbmc.python.pluginsource)</onclick>
                        <onclick>Skin.Reset(HomeAddon.2.Icon)</onclick>
                    </item>
                    <item id="403" description="AddonCustom">
                        <visible>!IsEmpty(Skin.String(HomeAddon.3.Label))</visible>
                        <thumb>$INFO[Skin.String(HomeAddon.3.Icon)]</thumb>
                        <label2>$INFO[system.addonicon(Skin.String(HomeAddon.3.Label))]</label2>
                        <label>$INFO[system.addonTitle(Skin.String(HomeAddon.3.Label))]</label>
                        <onclick>SetFocus(9000)</onclick>
                    </item>
                    <item id="403" description="AddonCustom">
                        <visible>IsEmpty(Skin.String(HomeAddon.3.Label))</visible>
                        <thumb>DefaultAddon.png</thumb>
                        <label>+ $LOCALIZE[24000]</label>
                        <onclick>Skin.SetAddon(HomeAddon.3.Label,xbmc.python.pluginsource)</onclick>
                        <onclick>Skin.Reset(HomeAddon.3.Icon)</onclick>
                    </item>
                    <item id="404" description="AddonCustom">
                        <visible>!IsEmpty(Skin.String(HomeAddon.4.Label))</visible>
                        <thumb>$INFO[Skin.String(HomeAddon.4.Icon)]</thumb>
                        <label2>$INFO[system.addonicon(Skin.String(HomeAddon.4.Label))]</label2>
                        <label>$INFO[system.addonTitle(Skin.String(HomeAddon.4.Label))]</label>
                        <onclick>SetFocus(9000)</onclick>
                    </item>
                    <item id="404" description="AddonCustom">
                        <visible>IsEmpty(Skin.String(HomeAddon.4.Label))</visible>
                        <thumb>DefaultAddon.png</thumb>
                        <label>+ $LOCALIZE[24000]</label>
                        <onclick>Skin.SetAddon(HomeAddon.4.Label,xbmc.python.pluginsource)</onclick>
                        <onclick>Skin.Reset(HomeAddon.4.Icon)</onclick>
                    </item>
                    <item id="405" description="AddonCustom">
                        <visible>!IsEmpty(Skin.String(HomeAddon.5.Label))</visible>
                        <thumb>$INFO[Skin.String(HomeAddon.5.Icon)]</thumb>
                        <label2>$INFO[system.addonicon(Skin.String(HomeAddon.5.Label))]</label2>
                        <label>$INFO[system.addonTitle(Skin.String(HomeAddon.5.Label))]</label>
                        <onclick>SetFocus(9000)</onclick>
                    </item>
                    <item id="405" description="AddonCustom">
                        <visible>IsEmpty(Skin.String(HomeAddon.5.Label))</visible>
                        <thumb>DefaultAddon.png</thumb>
                        <label>+ $LOCALIZE[24000]</label>
                        <onclick>Skin.SetAddon(HomeAddon.5.Label,xbmc.python.pluginsource)</onclick>
                        <onclick>Skin.Reset(HomeAddon.5.Icon)</onclick>
                    </item>
                    <item id="406" description="AddonCustom">
                        <visible>!IsEmpty(Skin.String(HomeAddon.6.Label))</visible>
                        <thumb>$INFO[Skin.String(HomeAddon.6.Icon)]</thumb>
                        <label2>$INFO[system.addonicon(Skin.String(HomeAddon.6.Label))]</label2>
                        <label>$INFO[system.addonTitle(Skin.String(HomeAddon.6.Label))]</label>
                        <onclick>SetFocus(9000)</onclick>
                    </item>
                    <item id="406" description="AddonCustom">
                        <visible>IsEmpty(Skin.String(HomeAddon.6.Label))</visible>
                        <thumb>DefaultAddon.png</thumb>
                        <label>+ $LOCALIZE[24000]</label>
                        <onclick>Skin.SetAddon(HomeAddon.6.Label,xbmc.python.pluginsource)</onclick>
                        <onclick>Skin.Reset(HomeAddon.6.Icon)</onclick>
                    </item>
                    <item id="501" description="ScriptCustom">
                        <visible>!IsEmpty(Skin.String(HomeAddon.7.Label)) + IsEmpty(Skin.String(HomeAddon.7.Icon))</visible>
                        <thumb>$INFO[system.addonicon(Skin.String(HomeAddon.7.Label))]</thumb>
                        <label>$INFO[system.addonTitle(Skin.String(HomeAddon.7.Label))]</label>
                        <onclick>SetFocus(9000)</onclick>
                    </item>
                    <item id="501" description="ScriptCustom">
                        <visible>!IsEmpty(Skin.String(HomeAddon.7.Label)) + !IsEmpty(Skin.String(HomeAddon.7.Icon))</visible>
                        <thumb>$INFO[Skin.String(HomeAddon.7.Icon)]</thumb>
                        <label>$INFO[system.addonTitle(Skin.String(HomeAddon.7.Label))]</label>
                        <onclick>SetFocus(9000)</onclick>
                    </item>
                    <item id="501" description="ScriptCustom">
                        <visible>IsEmpty(Skin.String(HomeAddon.7.Label))</visible>
                        <thumb>DefaultAddon.png</thumb>
                        <label>+ $LOCALIZE[24009]</label>
                        <onclick>Skin.SetAddon(HomeAddon.7.Label,xbmc.python.script)</onclick>
                    </item>
                    <item id="502" description="ScriptCustom">
                        <visible>!IsEmpty(Skin.String(HomeAddon.8.Label)) + IsEmpty(Skin.String(HomeAddon.8.Icon))</visible>
                        <thumb>$INFO[system.addonicon(Skin.String(HomeAddon.8.Label))]</thumb>
                        <label>$INFO[system.addonTitle(Skin.String(HomeAddon.8.Label))]</label>
                        <onclick>SetFocus(9000)</onclick>
                    </item>
                    <item id="502" description="ScriptCustom">
                        <visible>!IsEmpty(Skin.String(HomeAddon.8.Label)) + !IsEmpty(Skin.String(HomeAddon.8.Icon))</visible>
                        <thumb>$INFO[Skin.String(HomeAddon.8.Icon)]</thumb>
                        <label>$INFO[system.addonTitle(Skin.String(HomeAddon.8.Label))]</label>
                        <onclick>SetFocus(9000)</onclick>
                    </item>
                    <item id="502" description="ScriptCustom">
                        <visible>IsEmpty(Skin.String(HomeAddon.8.Label))</visible>
                        <thumb>DefaultAddon.png</thumb>
                        <label>+ $LOCALIZE[24009]</label>
                        <onclick>Skin.SetAddon(HomeAddon.8.Label,xbmc.python.script)</onclick>
                    </item>
                    <item id="503" description="ScriptCustom">
                        <visible>!IsEmpty(Skin.String(HomeAddon.9.Label)) + IsEmpty(Skin.String(HomeAddon.9.Icon))</visible>
                        <thumb>$INFO[system.addonicon(Skin.String(HomeAddon.9.Label))]</thumb>
                        <label>$INFO[system.addonTitle(Skin.String(HomeAddon.9.Label))]</label>
                        <onclick>SetFocus(9000)</onclick>
                    </item>
                    <item id="503" description="ScriptCustom">
                        <visible>!IsEmpty(Skin.String(HomeAddon.9.Label)) + !IsEmpty(Skin.String(HomeAddon.9.Icon))</visible>
                        <thumb>$INFO[Skin.String(HomeAddon.9.Icon)]</thumb>
                        <label>$INFO[system.addonTitle(Skin.String(HomeAddon.9.Label))]</label>
                        <onclick>SetFocus(9000)</onclick>
                    </item>
                    <item id="503" description="ScriptCustom">
                        <visible>IsEmpty(Skin.String(HomeAddon.9.Label))</visible>
                        <thumb>DefaultAddon.png</thumb>
                        <label>+ $LOCALIZE[24009]</label>
                        <onclick>Skin.SetAddon(HomeAddon.9.Label,xbmc.python.script)</onclick>
                    </item>
                    <item id="504" description="ScriptCustom">
                        <visible>!IsEmpty(Skin.String(HomeAddon.10.Label)) + IsEmpty(Skin.String(HomeAddon.10.Icon))</visible>
                        <thumb>$INFO[system.addonicon(Skin.String(HomeAddon.10.Label))]</thumb>
                        <label>$INFO[system.addonTitle(Skin.String(HomeAddon.10.Label))]</label>
                        <onclick>SetFocus(9000)</onclick>
                    </item>
                    <item id="504" description="ScriptCustom">
                        <visible>!IsEmpty(Skin.String(HomeAddon.10.Label)) + !IsEmpty(Skin.String(HomeAddon.10.Icon))</visible>
                        <thumb>$INFO[Skin.String(HomeAddon.10.Icon)]</thumb>
                        <label>$INFO[system.addonTitle(Skin.String(HomeAddon.10.Label))]</label>
                        <onclick>SetFocus(9000)</onclick>
                    </item>
                    <item id="504" description="ScriptCustom">
                        <visible>IsEmpty(Skin.String(HomeAddon.10.Label))</visible>
                        <thumb>DefaultAddon.png</thumb>
                        <label>+ $LOCALIZE[24009]</label>
                        <onclick>Skin.SetAddon(HomeAddon.10.Label,xbmc.python.script)</onclick>
                    </item>
                    <item id="505" description="ScriptCustom">
                        <visible>!IsEmpty(Skin.String(HomeAddon.11.Label)) + IsEmpty(Skin.String(HomeAddon.11.Icon))</visible>
                        <thumb>$INFO[system.addonicon(Skin.String(HomeAddon.11.Label))]</thumb>
                        <label>$INFO[system.addonTitle(Skin.String(HomeAddon.11.Label))]</label>
                        <onclick>SetFocus(9000)</onclick>
                    </item>
                    <item id="505" description="ScriptCustom">
                        <visible>!IsEmpty(Skin.String(HomeAddon.11.Label)) + !IsEmpty(Skin.String(HomeAddon.11.Icon))</visible>
                        <thumb>$INFO[Skin.String(HomeAddon.11.Icon)]</thumb>
                        <label>$INFO[system.addonTitle(Skin.String(HomeAddon.11.Label))]</label>
                        <onclick>SetFocus(9000)</onclick>
                    </item>
                    <item id="505" description="ScriptCustom">
                        <visible>IsEmpty(Skin.String(HomeAddon.11.Label))</visible>
                        <thumb>DefaultAddon.png</thumb>
                        <label>+ $LOCALIZE[24009]</label>
                        <onclick>Skin.SetAddon(HomeAddon.11.Label,xbmc.python.script)</onclick>
                    </item>
                    <item id="506" description="ScriptCustom">
                        <visible>!IsEmpty(Skin.String(HomeAddon.12.Label)) + IsEmpty(Skin.String(HomeAddon.12.Icon))</visible>
                        <thumb>$INFO[system.addonicon(Skin.String(HomeAddon.12.Label))]</thumb>
                        <label>$INFO[system.addonTitle(Skin.String(HomeAddon.12.Label))]</label>
                        <onclick>SetFocus(9000)</onclick>
                    </item>
                    <item id="506" description="ScriptCustom">
                        <visible>!IsEmpty(Skin.String(HomeAddon.12.Label)) + !IsEmpty(Skin.String(HomeAddon.12.Icon))</visible>
                        <thumb>$INFO[Skin.String(HomeAddon.12.Icon)]</thumb>
                        <label>$INFO[system.addonTitle(Skin.String(HomeAddon.12.Label))]</label>
                        <onclick>SetFocus(9000)</onclick>
                    </item>
                    <item id="506" description="ScriptCustom">
                        <visible>IsEmpty(Skin.String(HomeAddon.12.Label))</visible>
                        <thumb>DefaultAddon.png</thumb>
                        <label>+ $LOCALIZE[24009]</label>
                        <onclick>Skin.SetAddon(HomeAddon.12.Label,xbmc.python.script)</onclick>
                    </item>
                    <item id="347" description="Sources">
                        <visible>!Skin.HasSetting(hideSources)</visible>
                        <thumb>icons/Sources.png</thumb>
                        <label>20094</label>
                        <onclick>Skin.ToggleSetting(hideSources)</onclick>
                    </item>
                    <item id="347" description="Sources">
                        <visible>Skin.HasSetting(hideSources)</visible>
                        <thumb>help/Off.png</thumb>
                        <label>20094</label>
                        <onclick>Skin.ToggleSetting(hideSources)</onclick>
                    </item>
                    <item id="361" description="video root">
                        <visible>!Skin.HasSetting(hidevidroot)</visible>
                        <thumb>icons/vidroot.png</thumb>
                        <label>3</label>
                        <onclick>Skin.ToggleSetting(hidevidroot)</onclick>
                    </item>
                    <item id="361" description="video root">
                        <visible>Skin.HasSetting(hidevidroot)</visible>
                        <thumb>help/Off.png</thumb>
                        <label>3</label>
                        <onclick>Skin.ToggleSetting(hidevidroot)</onclick>
                    </item>
                    <item id="1012" description="Browser">
                        <visible>!Skin.HasSetting(hidebro)</visible>
                        <thumb>icons/browser.png</thumb>
                        <label>7</label>
                        <onclick>Skin.ToggleSetting(hidebro)</onclick>
                    </item>
                    <item id="1012" description="Browser">
                        <visible>Skin.HasSetting(hidebro)</visible>
                        <thumb>help/Off.png</thumb>
                        <label>7</label>
                        <onclick>Skin.ToggleSetting(hidebro)</onclick>
                    </item>
                    <item id="1113" description="Settings">
                        <visible>!Skin.HasSetting(hidesett)</visible>
                        <thumb>icons/settings.png</thumb>
                        <label>5</label>
                        <onclick>Skin.ToggleSetting(hidesett)</onclick>
                    </item>
                    <item id="1113" description="Settings">
                        <visible>Skin.HasSetting(hidesett)</visible>
                        <thumb>help/Off.png</thumb>
                        <label>5</label>
                        <onclick>Skin.ToggleSetting(hidesett)</onclick>
                    </item>
                    <item id="1014" description="vidhelp">
                        <visible>!Skin.HasSetting(hidevidhelp)</visible>
                        <thumb>icons/qmark.png</thumb>
                        <label>$LOCALIZE[10043]</label>
                        <onclick>Skin.ToggleSetting(hidevidhelp)</onclick>
                    </item>
                    <item id="1014" description="vidhelp">
                        <visible>Skin.HasSetting(hidevidhelp)</visible>
                        <thumb>help/Off.png</thumb>
                        <label>$LOCALIZE[10043]</label>
                        <onclick>Skin.ToggleSetting(hidevidhelp)</onclick>
                    </item>
                </content>
            </control>
        </control>
        <control type="group" id="700">
        <control type="grouplist" id="520" description="MOVIES">
            <top>100</top>
            <left>260</left>
            <ondown>50</ondown>
            <onright>50</onright>
            <visible>Library.HasContent(Movies)</visible>
            <visible>Container(50).HasFocus(1001)</visible>
            <control type="radiobutton" id="100" description="Recent">
                <include>SettingsSubmenuButtons</include>
                <label>20386</label>
                <selected>StringCompare(Skin.String(moviesshelf),)</selected>
                <enable>!Skin.HasSetting(hidemovie)</enable>
                <onclick>Skin.SetString(moviesshelf,)</onclick>
            </control>
            <control type="radiobutton" id="102" description="Recommended">
                <include>SettingsSubmenuButtons</include>
                <label>$LOCALIZE[31048] $LOCALIZE[342]</label>
                <selected>StringCompare(Skin.String(moviesshelf),WL)</selected>
                <enable>!Skin.HasSetting(hidemovie)</enable>
                <onclick>Skin.SetString(moviesshelf,WL)</onclick>
            </control>
            <control type="radiobutton" id="103" description="Random">
                <ondown>104</ondown>
                <include>SettingsSubmenuButtons</include>
                <label>$LOCALIZE[31068]</label>
                <selected>StringCompare(Skin.String(moviesshelf),RND)</selected>
                <enable>!Skin.HasSetting(hidemovie)</enable>
                <onclick>Skin.SetString(moviesshelf,RND)</onclick>
            </control>
        </control>
        <control type="grouplist" id="520" description="TV">
            <top>100</top>
            <left>260</left>
            <ondown>50</ondown>
            <onright>50</onright>
            <visible>Library.HasContent(TVShows)</visible>
            <visible>Container(50).HasFocus(1002)</visible>
            <control type="radiobutton" id="200" description="Recent episodes">
                <include>SettingsSubmenuButtons</include>
                <label>20387</label>
                <selected>StringCompare(Skin.String(TVshelf),2)</selected>
                <enable>!Skin.HasSetting(hidetv)</enable>
                <onclick>Skin.SetString(TVshelf,2)</onclick>
            </control>
            <control type="radiobutton" id="203" description="Inprog shows">
                <include>SettingsSubmenuButtons</include>
                <label>$LOCALIZE[590]</label>
                <selected>StringCompare(Skin.String(TVshelf),1)</selected>
                <enable>!Skin.HasSetting(hidetv)</enable>
                <onclick>Skin.SetString(TVshelf,1)</onclick>
            </control>
            <control type="radiobutton" id="204" description="TV Watchlist">
                <include>SettingsSubmenuButtons</include>
                <label>$LOCALIZE[31048] $LOCALIZE[20364]</label>
                <selected>StringCompare(Skin.String(TVshelf),)</selected>
                <enable>!Skin.HasSetting(hidetv)</enable>
                <onclick>Skin.SetString(TVshelf,)</onclick>
            </control>
            <!--<control type="radiobutton" id="204" description="Intruder">-->
            <!--<include>SettingsSubmenuButtons</include>-->
            <!--<label>$LOCALIZE[31045]</label>-->
            <!--<selected>!Skin.HasSetting(intruderTV)</selected>-->
            <!--<enable>!Skin.HasSetting(hidetv) + !Skin.HasSetting(TVShelf_Watchlist)</enable>-->
            <!--<onclick>Skin.ToggleSetting(intruderTV)</onclick>-->
            <!--</control>-->
        </control>
        <control type="grouplist" id="520" description="Music">
            <visible>Container(50).HasFocus(1003)</visible>
            <top>100</top>
            <left>260</left>
            <ondown>50</ondown>
            <onright>50</onright>
            <control type="radiobutton" id="300" description="Recent">
                <include>SettingsSubmenuButtons</include>
                <onup>50</onup>
                <ondown>303</ondown>
                <label>359</label>
                <selected>StringCompare(Skin.String(musicshelf),)</selected>
                <enable>!Skin.HasSetting(hidemusic) + [Library.HasContent(Music) | Library.HasContent(MusicVideos)]</enable>
                <onclick>Skin.Reset(MusicShelf_Custom)</onclick>
                <onclick condition="!StringCompare(Skin.String(musicshelf),)">Skin.SetString(musicshelf,)</onclick>
                <onclick condition="StringCompare(Skin.String(musicshelf),)">Skin.SetString(musicshelf,mushoff)</onclick>
            </control>
            <control type="radiobutton" id="304" description="100">
                <include>SettingsSubmenuButtons</include>
                <onup>303</onup>
                <ondown>52</ondown>
                <label>359</label>
                <selected>StringCompare(Skin.String(musicshelf),top)</selected>
                <enable>!Skin.HasSetting(hidemusic) + [Library.HasContent(Music) | Library.HasContent(MusicVideos)]</enable>
                <onclick>Skin.Reset(MusicShelf_Custom)</onclick>
                <onclick condition="!StringCompare(Skin.String(musicshelf),top)">Skin.SetString(musicshelf,top)</onclick>
                <onclick condition="StringCompare(Skin.String(musicshelf),top)">Skin.SetString(musicshelf,mushoff)</onclick>
            </control>
        </control>
        <control type="group" id="520" description="PICTURES">
            <visible>Container(50).HasFocus(1004)</visible>
            <top>120</top>
            <left>260</left>
            <control type="radiobutton" id="303" description="Custom">
                <onup>300</onup>
                <ondown>52</ondown>
                <include>SettingsSubmenuButtons</include>
                <label>31051</label>
                <onclick>Skin.ToggleSetting(PicturesShelf_Custom)</onclick>
                <selected>Skin.HasSetting(PicturesShelf_Custom)</selected>
            </control>
        </control>
        <control type="panel" id="52">
            <enable>!Skin.HasSetting(hidepic)</enable>
            <visible>Container(50).HasFocus(1004)</visible>
            <visible>Skin.HasSetting(PicturesShelf_Custom)</visible>
            <include>CustomizerList</include>
            <content>
                <item id="1">
                    <label>$INFO[system.addonTitle(Skin.String(ShelfPictures.1.Label))]</label>
                    <label2>addon</label2>
                    <thumb>$INFO[system.addonicon(Skin.String(ShelfPictures.1.Label))]</thumb>
                    <onclick>Skin.SetAddon(ShelfPictures.1.Label,xbmc.python.pluginsource)</onclick>
                </item>
                <item id="2">
                    <label>$INFO[system.addonTitle(Skin.String(ShelfPictures.2.Label))]</label>
                    <label2>addon</label2>
                    <thumb>$INFO[system.addonicon(Skin.String(ShelfPictures.2.Label))]</thumb>
                    <onclick>Skin.SetAddon(ShelfPictures.2.Label,xbmc.python.pluginsource)</onclick>
                </item>
                <item id="3">
                    <label>$INFO[system.addonTitle(Skin.String(ShelfPictures.3.Label))]</label>
                    <label2>addon</label2>
                    <thumb>$INFO[system.addonicon(Skin.String(ShelfPictures.3.Label))]</thumb>
                    <onclick>Skin.SetAddon(ShelfPictures.3.Label,xbmc.python.pluginsource)</onclick>
                </item>
                <item id="4">
                    <label>$INFO[system.addonTitle(Skin.String(ShelfPictures.4.Label))]</label>
                    <label2>addon</label2>
                    <thumb>$INFO[system.addonicon(Skin.String(ShelfPictures.4.Label))]</thumb>
                    <onclick>Skin.SetAddon(ShelfPictures.4.Label,xbmc.python.pluginsource)</onclick>
                </item>
                <item id="5">
                    <label>$INFO[system.addonTitle(Skin.String(ShelfPictures.5.Label))]</label>
                    <label2>addon</label2>
                    <thumb>$INFO[system.addonicon(Skin.String(ShelfPictures.5.Label))]</thumb>
                    <onclick>Skin.SetAddon(ShelfPictures.5.Label,xbmc.python.pluginsource)</onclick>
                </item>
                <item id="6" description="script">
                    <label>$INFO[system.addonTitle(Skin.String(ShelfPictures.6.Label))]</label>
                    <label2>script</label2>
                    <thumb>$INFO[system.addonicon(Skin.String(ShelfPictures.6.Label))]</thumb>
                    <onclick>Skin.SetAddon(ShelfPictures.6.Label,xbmc.python.script)</onclick>
                </item>
                <item id="7" description="script">
                    <label>$INFO[system.addonTitle(Skin.String(ShelfPictures.7.Label))]</label>
                    <label2>script</label2>
                    <thumb>$INFO[system.addonicon(Skin.String(ShelfPictures.7.Label))]</thumb>
                    <onclick>Skin.SetAddon(ShelfPictures.7.Label,xbmc.python.script)</onclick>
                </item>
                <item id="8" description="script">
                    <label>$INFO[system.addonTitle(Skin.String(ShelfPictures.8.Label))]</label>
                    <label2>script</label2>
                    <thumb>$INFO[system.addonicon(Skin.String(ShelfPictures.8.Label))]</thumb>
                    <onclick>Skin.SetAddon(ShelfPictures.8.Label,xbmc.python.script)</onclick>
                </item>
                <item id="9" description="script">
                    <label>$INFO[system.addonTitle(Skin.String(ShelfPictures.9.Label))]</label>
                    <label2>script</label2>
                    <thumb>$INFO[system.addonicon(Skin.String(ShelfPictures.9.Label))]</thumb>
                    <onclick>Skin.SetAddon(ShelfPictures.9.Label,xbmc.python.script)</onclick>
                </item>
                <item id="10" description="script">
                    <label>$INFO[system.addonTitle(Skin.String(ShelfPictures.10.Label))]</label>
                    <label2>script</label2>
                    <thumb>$INFO[system.addonicon(Skin.String(ShelfPictures.10.Label))]</thumb>
                    <onclick>Skin.SetAddon(ShelfPictures.10.Label,xbmc.python.script)</onclick>
                </item>
                <item id="11" description="fav">
                    <label>$INFO[Skin.String(ShelfPictures.11.Label)]</label>
                    <label2>favourite</label2>
                    <thumb>$INFO[Skin.String(ShelfPictures.11.Icon)]</thumb>
                    <onclick>RunScript(script.favourites,property=ShelfPictures.11)</onclick>
                </item>
                <item id="12" description="fav">
                    <label>$INFO[Skin.String(ShelfPictures.12.Label)]</label>
                    <label2>favourite</label2>
                    <thumb>$INFO[Skin.String(ShelfPictures.12.Icon)]</thumb>
                    <onclick>RunScript(script.favourites,property=ShelfPictures.12)</onclick>
                </item>
            </content>
        </control>
        <control type="group" id="520" description="ADDONS">
            <visible>Container(50).HasFocus(1005)</visible>
            <top>80</top>
            <left>260</left>
            <control type="radiobutton" id="303" description="Custom">
                <onup>300</onup>
                <ondown>52</ondown>
                <include>SettingsSubmenuButtons</include>
                <label>31051</label>
                <onclick>Skin.ToggleSetting(AddonsShelf_Custom)</onclick>
                <selected>Skin.HasSetting(AddonsShelf_Custom)</selected>
            </control>
        </control>
        <control type="panel" id="52">
            <top>100</top>
            <enable>!Skin.HasSetting(hideaddon)</enable>
            <visible>Container(50).HasFocus(1005)</visible>
            <visible>Skin.HasSetting(AddonsShelf_Custom)</visible>
            <include>CustomizerList</include>
            <content>
                <item id="1">
                    <label>$INFO[system.addonTitle(Skin.String(ShelfAddons.1.Label))]</label>
                    <label2>Addon</label2>
                    <thumb>$INFO[system.addonicon(Skin.String(ShelfAddons.1.Label))]</thumb>
                    <onclick>Skin.SetAddon(ShelfAddons.1.Label,xbmc.python.pluginsource)</onclick>
                </item>
                <item id="2">
                    <label>$INFO[system.addonTitle(Skin.String(ShelfAddons.2.Label))]</label>
                    <label2>Addon</label2>
                    <thumb>$INFO[system.addonicon(Skin.String(ShelfAddons.2.Label))]</thumb>
                    <onclick>Skin.SetAddon(ShelfAddons.2.Label,xbmc.python.pluginsource)</onclick>
                </item>
                <item id="3">
                    <label>$INFO[system.addonTitle(Skin.String(ShelfAddons.3.Label))]</label>
                    <label2>Addon</label2>
                    <thumb>$INFO[system.addonicon(Skin.String(ShelfAddons.3.Label))]</thumb>
                    <onclick>Skin.SetAddon(ShelfAddons.3.Label,xbmc.python.pluginsource)</onclick>
                </item>
                <item id="4">
                    <label>$INFO[system.addonTitle(Skin.String(ShelfAddons.4.Label))]</label>
                    <label2>Addon</label2>
                    <thumb>$INFO[system.addonicon(Skin.String(ShelfAddons.4.Label))]</thumb>
                    <onclick>Skin.SetAddon(ShelfAddons.4.Label,xbmc.python.pluginsource)</onclick>
                </item>
                <item id="5">
                    <label>$INFO[system.addonTitle(Skin.String(ShelfAddons.5.Label))]</label>
                    <label2>Addon</label2>
                    <thumb>$INFO[system.addonicon(Skin.String(ShelfAddons.5.Label))]</thumb>
                    <onclick>Skin.SetAddon(ShelfAddons.5.Label,xbmc.python.pluginsource)</onclick>
                </item>
                <item id="6">
                    <label>$INFO[system.addonTitle(Skin.String(ShelfAddons.6.Label))]</label>
                    <label2>Addon</label2>
                    <thumb>$INFO[system.addonicon(Skin.String(ShelfAddons.6.Label))]</thumb>
                    <onclick>Skin.SetAddon(ShelfAddons.6.Label,xbmc.python.pluginsource)</onclick>
                </item>
                <item id="7">
                    <label>$INFO[system.addonTitle(Skin.String(ShelfAddons.7.Label))]</label>
                    <label2>Addon</label2>
                    <thumb>$INFO[system.addonicon(Skin.String(ShelfAddons.7.Label))]</thumb>
                    <onclick>Skin.SetAddon(ShelfAddons.7.Label,xbmc.python.pluginsource)</onclick>
                </item>
                <item id="8">
                    <label>$INFO[system.addonTitle(Skin.String(ShelfAddons.8.Label))]</label>
                    <label2>Addon</label2>
                    <thumb>$INFO[system.addonicon(Skin.String(ShelfAddons.8.Label))]</thumb>
                    <onclick>Skin.SetAddon(ShelfAddons.8.Label,xbmc.python.pluginsource)</onclick>
                </item>
                <item id="9">
                    <label>$INFO[system.addonTitle(Skin.String(ShelfAddons.9.Label))]</label>
                    <label2>Addon</label2>
                    <thumb>$INFO[system.addonicon(Skin.String(ShelfAddons.9.Label))]</thumb>
                    <onclick>Skin.SetAddon(ShelfAddons.9.Label,xbmc.python.pluginsource)</onclick>
                </item>
                <item id="10">
                    <label>$INFO[system.addonTitle(Skin.String(ShelfAddons.10.Label))]</label>
                    <label2>Addon</label2>
                    <thumb>$INFO[system.addonicon(Skin.String(ShelfAddons.10.Label))]</thumb>
                    <onclick>Skin.SetAddon(ShelfAddons.10.Label,xbmc.python.pluginsource)</onclick>
                </item>
                <item id="11">
                    <label>$INFO[system.addonTitle(Skin.String(ShelfAddons.11.Label))]</label>
                    <label2>Script</label2>
                    <thumb>$INFO[system.addonicon(Skin.String(ShelfAddons.11.Label))]</thumb>
                    <onclick>Skin.SetAddon(ShelfAddons.11.Label,xbmc.python.script)</onclick>
                </item>
                <item id="12">
                    <label>$INFO[system.addonTitle(Skin.String(ShelfAddons.12.Label))]</label>
                    <label2>Script</label2>
                    <thumb>$INFO[system.addonicon(Skin.String(ShelfAddons.12.Label))]</thumb>
                    <onclick>Skin.SetAddon(ShelfAddons.12.Label,xbmc.python.script)</onclick>
                </item>
                <item id="13">
                    <label>$INFO[system.addonTitle(Skin.String(ShelfAddons.13.Label))]</label>
                    <label2>Script</label2>
                    <thumb>$INFO[system.addonicon(Skin.String(ShelfAddons.13.Label))]</thumb>
                    <onclick>Skin.SetAddon(ShelfAddons.13.Label,xbmc.python.script)</onclick>
                </item>
                <item id="14">
                    <label>$INFO[system.addonTitle(Skin.String(ShelfAddons.14.Label))]</label>
                    <label2>Script</label2>
                    <thumb>$INFO[system.addonicon(Skin.String(ShelfAddons.14.Label))]</thumb>
                    <onclick>Skin.SetAddon(ShelfAddons.14.Label,xbmc.python.script)</onclick>
                </item>
                <item id="15">
                    <label>$INFO[system.addonTitle(Skin.String(ShelfAddons.15.Label))]</label>
                    <label2>Script</label2>
                    <thumb>$INFO[system.addonicon(Skin.String(ShelfAddons.15.Label))]</thumb>
                    <onclick>Skin.SetAddon(ShelfAddons.15.Label,xbmc.python.script)</onclick>
                </item>
                <item id="16">
                    <label>$INFO[Skin.String(ShelfAddons.16.Label)]</label>
                    <label2>Favourite</label2>
                    <thumb>$INFO[Skin.String(ShelfAddons.16.Icon)]</thumb>
                    <onclick>RunScript(script.favourites,property=ShelfAddons.16)</onclick>
                </item>
                <item id="17">
                    <label>$INFO[Skin.String(ShelfAddons.17.Label)]</label>
                    <label2>Favourite</label2>
                    <thumb>$INFO[Skin.String(ShelfAddons.17.Icon)]</thumb>
                    <onclick>RunScript(script.favourites,property=ShelfAddons.17)</onclick>
                </item>
                <item id="18">
                    <label>$INFO[Skin.String(ShelfAddons.18.Label)]</label>
                    <label2>Favourite</label2>
                    <thumb>$INFO[Skin.String(ShelfAddons.18.Icon)]</thumb>
                    <onclick>RunScript(script.favourites,property=ShelfAddons.18)</onclick>
                </item>
            </content>
        </control>
        <control type="group" description="VADDONS">
            <visible>Container(50).HasFocus(1013)</visible>
            <top>30</top>
            <left>40</left>
            <control type="label">
                <top>40</top>
                <left>20</left>
                <width>1000</width>
                <textcolor>gray</textcolor>
                <font>size22</font>
                <label>Scroll Right to Add > 10 Addons > 5 Scripts</label>
            </control>
        </control>
        <control type="panel" id="520">
            <enable>!Skin.HasSetting(hidevaddons)</enable>
            <visible>Container(50).HasFocus(1013)</visible>
            <include>CustomizerList</include>
            <content>
                <item id="1">
                    <label>$INFO[Skin.String(ShelfVaddons.1.Label)]</label>
                    <label2>Addon</label2>
                    <thumb>$INFO[system.addonicon(Skin.String(ShelfVaddons.1.Label))]</thumb>
                    <onclick>Skin.SetAddon(ShelfVaddons.1.Label,xbmc.python.pluginsource)</onclick>
                </item>
                <item id="2">
                    <label>$INFO[Skin.String(ShelfVaddons.2.Label)]</label>
                    <label2>Addon</label2>
                    <thumb>$INFO[system.addonicon(Skin.String(ShelfVaddons.2.Label))]</thumb>
                    <onclick>Skin.SetAddon(ShelfVaddons.2.Label,xbmc.python.pluginsource)</onclick>
                </item>
                <item id="3">
                    <label>$INFO[Skin.String(ShelfVaddons.3.Label)]</label>
                    <label2>Addon</label2>
                    <thumb>$INFO[system.addonicon(Skin.String(ShelfVaddons.3.Label))]</thumb>
                    <onclick>Skin.SetAddon(ShelfVaddons.3.Label,xbmc.python.pluginsource)</onclick>
                </item>
                <item id="4">
                    <label>$INFO[Skin.String(ShelfVaddons.4.Label)]</label>
                    <label2>Addon</label2>
                    <thumb>$INFO[system.addonicon(Skin.String(ShelfVaddons.4.Label))]</thumb>
                    <onclick>Skin.SetAddon(ShelfVaddons.4.Label,xbmc.python.pluginsource)</onclick>
                </item>
                <item id="5">
                    <label>$INFO[Skin.String(ShelfVaddons.5.Label)]</label>
                    <label2>Addon</label2>
                    <thumb>$INFO[system.addonicon(Skin.String(ShelfVaddons.5.Label))]</thumb>
                    <onclick>Skin.SetAddon(ShelfVaddons.5.Label,xbmc.python.pluginsource)</onclick>
                </item>
                <item id="6">
                    <label>$INFO[Skin.String(ShelfVaddons.6.Label)]</label>
                    <label2>Addon</label2>
                    <thumb>$INFO[system.addonicon(Skin.String(ShelfVaddons.6.Label))]</thumb>
                    <onclick>Skin.SetAddon(ShelfVaddons.6.Label,xbmc.python.pluginsource)</onclick>
                </item>
                <item id="7">
                    <label>$INFO[Skin.String(ShelfVaddons.7.Label)]</label>
                    <label2>Addon</label2>
                    <thumb>$INFO[system.addonicon(Skin.String(ShelfVaddons.7.Label))]</thumb>
                    <onclick>Skin.SetAddon(ShelfVaddons.7.Label,xbmc.python.pluginsource)</onclick>
                </item>
                <item id="8">
                    <label>$INFO[Skin.String(ShelfVaddons.8.Label)]</label>
                    <label2>Addon</label2>
                    <thumb>$INFO[system.addonicon(Skin.String(ShelfVaddons.8.Label))]</thumb>
                    <onclick>Skin.SetAddon(ShelfVaddons.8.Label,xbmc.python.pluginsource)</onclick>
                </item>
                <item id="9">
                    <label>$INFO[Skin.String(ShelfVaddons.9.Label)]</label>
                    <label2>Addon</label2>
                    <thumb>$INFO[system.addonicon(Skin.String(ShelfVaddons.9.Label))]</thumb>
                    <onclick>Skin.SetAddon(ShelfVaddons.9.Label,xbmc.python.pluginsource)</onclick>
                </item>
                <item id="10">
                    <label>$INFO[Skin.String(ShelfVaddons.10.Label)]</label>
                    <label2>Addon</label2>
                    <thumb>$INFO[system.addonicon(Skin.String(ShelfVaddons.10.Label))]</thumb>
                    <onclick>Skin.SetAddon(ShelfVaddons.10.Label,xbmc.python.pluginsource)</onclick>
                </item>
                <item id="11">
                    <label>$INFO[Skin.String(ShelfVaddons.11.Label)]</label>
                    <label2>Script</label2>
                    <thumb>$INFO[system.addonicon(Skin.String(ShelfVaddons.11.Label))]</thumb>
                    <onclick>Skin.SetAddon(ShelfVaddons.11.Label,xbmc.python.script)</onclick>
                </item>
                <item id="12">
                    <label>$INFO[Skin.String(ShelfVaddons.12.Label)]</label>
                    <label2>Script</label2>
                    <thumb>$INFO[system.addonicon(Skin.String(ShelfVaddons.12.Label))]</thumb>
                    <onclick>Skin.SetAddon(ShelfVaddons.12.Label,xbmc.python.script)</onclick>
                </item>
                <item id="13">
                    <label>$INFO[Skin.String(ShelfVaddons.13.Label)]</label>
                    <label2>Script</label2>
                    <thumb>$INFO[system.addonicon(Skin.String(ShelfVaddons.13.Label))]</thumb>
                    <onclick>Skin.SetAddon(ShelfVaddons.13.Label,xbmc.python.script)</onclick>
                </item>
                <item id="14">
                    <label>$INFO[Skin.String(ShelfVaddons.14.Label)]</label>
                    <label2>Script</label2>
                    <thumb>$INFO[system.addonicon(Skin.String(ShelfVaddons.14.Label))]</thumb>
                    <onclick>Skin.SetAddon(ShelfVaddons.14.Label,xbmc.python.script)</onclick>
                </item>
                <item id="15">
                    <label>$INFO[Skin.String(ShelfVaddons.15.Label)]</label>
                    <label2>Script</label2>
                    <thumb>$INFO[system.addonicon(Skin.String(ShelfVaddons.15.Label))]</thumb>
                    <onclick>Skin.SetAddon(ShelfVaddons.15.Label,xbmc.python.script)</onclick>
                </item>
                <item id="16">
                    <label>$INFO[Skin.String(ShelfVaddons.16.Label)]</label>
                    <label2>Favourite</label2>
                    <thumb>$INFO[Skin.String(ShelfVaddons.16.Icon)]</thumb>
                    <onclick>RunScript(script.favourites,property=ShelfVaddons.16)</onclick>
                </item>
                <item id="17">
                    <label>$INFO[Skin.String(ShelfVaddons.17.Label)]</label>
                    <label2>Favourite</label2>
                    <thumb>$INFO[Skin.String(ShelfVaddons.17.Icon)]</thumb>
                    <onclick>RunScript(script.favourites,property=ShelfVaddons.17)</onclick>
                </item>
                <item id="18">
                    <label>$INFO[Skin.String(ShelfVaddons.18.Label)]</label>
                    <label2>Favourite</label2>
                    <thumb>$INFO[Skin.String(ShelfVaddons.18.Icon)]</thumb>
                    <onclick>RunScript(script.favourites,property=ShelfVaddons.18)</onclick>
                </item>
            </content>
        </control>
        <control type="label" description="ADD STUFF TO MAIN PAGE">
            <visible>[Container(50).HasFocus(601) + IsEmpty(Skin.String(HomeFav.1.Label))] | [Container(50).HasFocus(602) + IsEmpty(Skin.String(HomeFav.2.Label))] | [Container(50).HasFocus(603) + IsEmpty(Skin.String(HomeFav.3.Label))] | [Container(50).HasFocus(604) + IsEmpty(Skin.String(HomeFav.4.Label))] | [Container(50).HasFocus(605) + IsEmpty(Skin.String(HomeFav.5.Label))] | [Container(50).HasFocus(606) + IsEmpty(Skin.String(HomeFav.6.Label))] | [Container(50).HasFocus(607) + IsEmpty(Skin.String(HomeFav.7.Label))]
                | [Container(50).HasFocus(608) + IsEmpty(Skin.String(HomeFav.8.Label))] | [Container(50).HasFocus(401) + IsEmpty(Skin.String(HomeAddon.1.Label))] | [Container(50).HasFocus(402) + IsEmpty(Skin.String(HomeAddon.2.Label))] | [Container(50).HasFocus(403) + IsEmpty(Skin.String(HomeAddon.3.Label))] | [Container(50).HasFocus(404) + IsEmpty(Skin.String(HomeAddon.4.Label))] | [Container(50).HasFocus(405) + IsEmpty(Skin.String(HomeAddon.5.Label))]
                | [Container(50).HasFocus(406) + IsEmpty(Skin.String(HomeAddon.6.Label))] | [Container(50).HasFocus(501) + IsEmpty(Skin.String(HomeAddon.7.Label))] | [Container(50).HasFocus(502) + IsEmpty(Skin.String(HomeAddon.8.Label))] | [Container(50).HasFocus(503) + IsEmpty(Skin.String(HomeAddon.9.Label))] | [Container(50).HasFocus(504) + IsEmpty(Skin.String(HomeAddon.10.Label))] | [Container(50).HasFocus(505) + IsEmpty(Skin.String(HomeAddon.11.Label))] | [Container(50).HasFocus(506) + IsEmpty(Skin.String(HomeAddon.12.Label))]
            </visible>
            <top>200</top>
            <centerleft>960</centerleft>
            <width>1000</width>
            <textcolor>gray</textcolor>
            <font>size30</font>
            <align>center</align>
            <label>31034</label>
        </control>
        <control type="label" description="Change Icon or remove">
            <visible>[Container(50).HasFocus(601) + !IsEmpty(Skin.String(HomeFav.1.Label))] | [Container(50).HasFocus(602) + !IsEmpty(Skin.String(HomeFav.2.Label))] | [Container(50).HasFocus(603) + !IsEmpty(Skin.String(HomeFav.3.Label))] | [Container(50).HasFocus(604) + !IsEmpty(Skin.String(HomeFav.4.Label))] | [Container(50).HasFocus(605) + !IsEmpty(Skin.String(HomeFav.5.Label))] | [Container(50).HasFocus(606) + !IsEmpty(Skin.String(HomeFav.6.Label))] | [Container(50).HasFocus(607) + !IsEmpty(Skin.String(HomeFav.7.Label))]
                | [Container(50).HasFocus(608) + !IsEmpty(Skin.String(HomeFav.8.Label))] | [Container(50).HasFocus(401) + !IsEmpty(Skin.String(HomeAddon.1.Label))] | [Container(50).HasFocus(402) + !IsEmpty(Skin.String(HomeAddon.2.Label))] | [Container(50).HasFocus(403) + !IsEmpty(Skin.String(HomeAddon.3.Label))] | [Container(50).HasFocus(404) + !IsEmpty(Skin.String(HomeAddon.4.Label))] | [Container(50).HasFocus(405) + !IsEmpty(Skin.String(HomeAddon.5.Label))]
                | [Container(50).HasFocus(406) + !IsEmpty(Skin.String(HomeAddon.6.Label))] | [Container(50).HasFocus(501) + !IsEmpty(Skin.String(HomeAddon.7.Label))] | [Container(50).HasFocus(502) + !IsEmpty(Skin.String(HomeAddon.8.Label))] | [Container(50).HasFocus(503) + !IsEmpty(Skin.String(HomeAddon.9.Label))] | [Container(50).HasFocus(504) + !IsEmpty(Skin.String(HomeAddon.10.Label))] | [Container(50).HasFocus(505) + !IsEmpty(Skin.String(HomeAddon.11.Label))] | [Container(50).HasFocus(506) + !IsEmpty(Skin.String(HomeAddon.12.Label))]
            </visible>
            <top>200</top>
            <centerleft>960</centerleft>
            <width>1000</width>
            <textcolor>gray</textcolor>
            <font>size30</font>
            <align>center</align>
            <label>31035</label>
        </control>

        <control type="group" id="520" description="WEATHER">
            <top>60</top>
            <left>60</left>
            <visible>Container(50).HasFocus(1006)</visible>
            <control type="label">
                <left>450</left>
                <top>80</top>
                <width>900</width>
                <height>60</height>
                <align>center</align>
                <textcolor>gray</textcolor>
                <font>size26</font>
                <label>Current Location:</label>
            </control>
            <control type="label">
                <left>450</left>
                <top>150</top>
                <width>900</width>
                <height>60</height>
                <align>center</align>
                <font>size60B</font>
                <label>$INFO[Weather.Location]</label>
            </control>
            <control type="button" id="100">
                <ondown>50</ondown>
                <left>750</left>
                <top>250</top>
                <width>300</width>
                <height>81</height>
                <align>center</align>
                <label>5</label>
                <enable>!Skin.HasSetting(hidewtr)</enable>
                <onclick>activatewindow(weathersettings)</onclick>
            </control>
        </control>
        <control type="group" id="521" description="SEARCH">
            <top>60</top>
            <left>60</left>
            <visible>Container(50).HasFocus(356)</visible>
            <control type="textbox">
                <!--todo label maybe-->
                <left>450</left>
                <top>100</top>
                <width>900</width>
                <height>300</height>
                <align>center</align>
                <textcolor>gray</textcolor>
                <font>size26</font>
                <label></label>
            </control>
        </control>
        </control>
        <control type="group" description="Options">
            <visible allowhiddenfocus="true">ControlGroup(9000).HasFocus() | ControlGroup(9001).HasFocus()</visible>
            <control type="image">
                <left>525</left>
                <top>200</top>
                <width>870</width>
                <height>560</height>
                <texture border="150">images/Dialog.png</texture>
            </control>
            <control type="label" description="Dialog heading">
                <left>550</left>
                <top>360</top>
                <width>820</width>
                <height>52</height>
                <label>[B]Favourite Options[/B]</label>
                <align>center</align>
                <aligny>center</aligny>
                <font>size36</font>
                <textcolor>maindim</textcolor>
            </control>
            <control type="grouplist" id="9000">
                <visible>!ControlGroup(9001).HasFocus()</visible>
                <include>DialogGLs</include>
                <control type="button" id="666">
                    <include>DialogButt</include>
                    <label>$LOCALIZE[31056]</label>
                    <onclick condition="Container(50).Hasfocus(601)">Skin.SetFile(HomeFav.1.Icon,,special://skin/icons)</onclick>
                    <onclick condition="Container(50).Hasfocus(602)">Skin.SetFile(HomeFav.2.Icon,,special://skin/icons)</onclick>
                    <onclick condition="Container(50).Hasfocus(603)">Skin.SetFile(HomeFav.3.Icon,,special://skin/icons)</onclick>
                    <onclick condition="Container(50).Hasfocus(604)">Skin.SetFile(HomeFav.4.Icon,,special://skin/icons)</onclick>
                    <onclick condition="Container(50).Hasfocus(605)">Skin.SetFile(HomeFav.5.Icon,,special://skin/icons)</onclick>
                    <onclick condition="Container(50).Hasfocus(606)">Skin.SetFile(HomeFav.6.Icon,,special://skin/icons)</onclick>
                    <onclick condition="Container(50).Hasfocus(607)">Skin.SetFile(HomeFav.7.Icon,,special://skin/icons)</onclick>
                    <onclick condition="Container(50).Hasfocus(608)">Skin.SetFile(HomeFav.8.Icon,,special://skin/icons)</onclick>
                    <onclick condition="Container(50).Hasfocus(401)">Skin.SetFile(HomeAddon.1.Icon,,special://skin/icons)</onclick>
                    <onclick condition="Container(50).Hasfocus(402)">Skin.SetFile(HomeAddon.2.Icon,,special://skin/icons)</onclick>
                    <onclick condition="Container(50).Hasfocus(403)">Skin.SetFile(HomeAddon.3.Icon,,special://skin/icons)</onclick>
                    <onclick condition="Container(50).Hasfocus(404)">Skin.SetFile(HomeAddon.4.Icon,,special://skin/icons)</onclick>
                    <onclick condition="Container(50).Hasfocus(405)">Skin.SetFile(HomeAddon.5.Icon,,special://skin/icons)</onclick>
                    <onclick condition="Container(50).Hasfocus(406)">Skin.SetFile(HomeAddon.6.Icon,,special://skin/icons)</onclick>
                    <onclick condition="Container(50).Hasfocus(501)">Skin.SetFile(HomeAddon.7.Icon,,special://skin/icons)</onclick>
                    <onclick condition="Container(50).Hasfocus(502)">Skin.SetFile(HomeAddon.8.Icon,,special://skin/icons)</onclick>
                    <onclick condition="Container(50).Hasfocus(503)">Skin.SetFile(HomeAddon.9.Icon,,special://skin/icons)</onclick>
                    <onclick condition="Container(50).Hasfocus(504)">Skin.SetFile(HomeAddon.10.Icon,,special://skin/icons)</onclick>
                    <onclick condition="Container(50).Hasfocus(505)">Skin.SetFile(HomeAddon.11.Icon,,special://skin/icons)</onclick>
                    <onclick condition="Container(50).Hasfocus(506)">Skin.SetFile(HomeAddon.12.Icon,,special://skin/icons)</onclick>
                    <onclick condition="Container(50).Hasfocus(506)">Skin.SetFile(HomeAddon.12.Icon,,special://skin/icons)</onclick>
                    <onclick>SetFocus(50)</onclick>
                </control>
                <control type="button" id="667">
                    <include>DialogButt</include>
                    <label>$LOCALIZE[31057]</label>
                    <onclick condition="Container(50).Hasfocus(601)">RunScript(script.favourites,property=HomeFav.1)</onclick>
                    <onclick condition="Container(50).Hasfocus(602)">RunScript(script.favourites,property=HomeFav.2)</onclick>
                    <onclick condition="Container(50).Hasfocus(603)">RunScript(script.favourites,property=HomeFav.3)</onclick>
                    <onclick condition="Container(50).Hasfocus(604)">RunScript(script.favourites,property=HomeFav.4)</onclick>
                    <onclick condition="Container(50).Hasfocus(605)">RunScript(script.favourites,property=HomeFav.5)</onclick>
                    <onclick condition="Container(50).Hasfocus(606)">RunScript(script.favourites,property=HomeFav.6)</onclick>
                    <onclick condition="Container(50).Hasfocus(607)">RunScript(script.favourites,property=HomeFav.7)</onclick>
                    <onclick condition="Container(50).Hasfocus(608)">RunScript(script.favourites,property=HomeFav.8)</onclick>
                    <onclick condition="Container(50).Hasfocus(401)">Skin.SetAddon(HomeAddon.1.Label,xbmc.python.pluginsource)</onclick>
                    <onclick condition="Container(50).Hasfocus(401)">Skin.Reset(HomeAddon.1.Icon)</onclick>
                    <onclick condition="Container(50).Hasfocus(402)">Skin.SetAddon(HomeAddon.2.Label,xbmc.python.pluginsource)</onclick>
                    <onclick condition="Container(50).Hasfocus(402)">Skin.Reset(HomeAddon.2.Icon)</onclick>
                    <onclick condition="Container(50).Hasfocus(403)">Skin.SetAddon(HomeAddon.3.Label,xbmc.python.pluginsource)</onclick>
                    <onclick condition="Container(50).Hasfocus(403)">Skin.Reset(HomeAddon.3.Icon)</onclick>
                    <onclick condition="Container(50).Hasfocus(404)">Skin.SetAddon(HomeAddon.4.Label,xbmc.python.pluginsource)</onclick>
                    <onclick condition="Container(50).Hasfocus(404)">Skin.Reset(HomeAddon.4.Icon)</onclick>
                    <onclick condition="Container(50).Hasfocus(405)">Skin.SetAddon(HomeAddon.5.Label,xbmc.python.pluginsource)</onclick>
                    <onclick condition="Container(50).Hasfocus(405)">Skin.Reset(HomeAddon.5.Icon)</onclick>
                    <onclick condition="Container(50).Hasfocus(406)">Skin.SetAddon(HomeAddon.6.Label,xbmc.python.pluginsource)</onclick>
                    <onclick condition="Container(50).Hasfocus(406)">Skin.Reset(HomeAddon.6.Icon)</onclick>
                    <onclick condition="Container(50).Hasfocus(501)">Skin.SetAddon(HomeAddon.7.Label,xbmc.python.script)</onclick>
                    <onclick condition="Container(50).Hasfocus(501)">Skin.Reset(HomeAddon.7.Icon)</onclick>
                    <onclick condition="Container(50).Hasfocus(502)">Skin.SetAddon(HomeAddon.8.Label,xbmc.python.script)</onclick>
                    <onclick condition="Container(50).Hasfocus(502)">Skin.Reset(HomeAddon.8.Icon)</onclick>
                    <onclick condition="Container(50).Hasfocus(503)">Skin.SetAddon(HomeAddon.9.Label,xbmc.python.script)</onclick>
                    <onclick condition="Container(50).Hasfocus(503)">Skin.Reset(HomeAddon.9.Icon)</onclick>
                    <onclick condition="Container(50).Hasfocus(504)">Skin.SetAddon(HomeAddon.10.Label,xbmc.python.script)</onclick>
                    <onclick condition="Container(50).Hasfocus(504)">Skin.Reset(HomeAddon.10.Icon)</onclick>
                    <onclick condition="Container(50).Hasfocus(505)">Skin.SetAddon(HomeAddon.11.Label,xbmc.python.script)</onclick>
                    <onclick condition="Container(50).Hasfocus(505)">Skin.Reset(HomeAddon.11.Icon)</onclick>
                    <onclick condition="Container(50).Hasfocus(506)">Skin.SetAddon(HomeAddon.12.Label,xbmc.python.script)</onclick>
                    <onclick condition="Container(50).Hasfocus(506)">Skin.Reset(HomeAddon.12.Icon)</onclick>
                    <onclick>SetFocus(50)</onclick>
                </control>
            </control>
        </control>
    </controls>
</window>
