<?xml version="1.0" encoding="UTF-8"?>
<window>
    <defaultcontrol always="true">52</defaultcontrol>
    <allowoverlay>no</allowoverlay>
    <backgroundcolor>background</backgroundcolor>
    <onload>RunScript(script.tv.show.next.aired,backend=True)</onload>
    <views>50,52,53,54,55,56,500,501</views>
    <!--
   50 Big List
   52 Sio2
   53 Icons
   54 sio2 advanced
   55 Banners
   56 Icon episodes
   500 Fanart
   502 Widelist
   -->
    <include>OpenClose</include>
    <controls>
        <include>BlackBackground</include>
        <!--VIEWS-->
        <include>sio2view</include>
        <include>sio2advanced</include>
        <include>fatlist</include>
        <include>widelist</include>
        <include>fanart</include>
        <include>icons</include>
        <include>icons_episodes</include>
        <include>banners</include>
        <!--VIEWSEND-->
        <control type="group">
            <!--<visible>!Control.IsVisible(54)</visible>-->
            <include>WindowsTopInfos</include>
        </control>
        <control type="group" description="Side menu 9000 group">
            <visible allowhiddenfocus="true">ControlGroup(9000).HasFocus() + !Window.IsVisible(traktContextMenu.xml)</visible>
            <include>9000slide</include>
            <control type="image" description="List back">
                <top>-10</top>
                <left>-80</left>
                <width>580</width>
                <height>1100</height>
                <aspectratio>stretch</aspectratio>
                <texture border="50">sidepanel/Back.png</texture>
            </control>
            <control type="grouplist" id="9000">
                <left>0</left>
                <align>left</align>
                <include>DialogGLs</include>
                <control type="button" id="0">
                    <enable>false</enable>
                    <texturenofocus colordiffuse="silver">images/buttonselect1.png</texturenofocus>
                    <include>DialogButt</include>
                    <label>•• $LOCALIZE[33063] ••</label>
                </control>
                <control type="togglebutton" id="14" description="Toggle Watched">
                    <texturefocus colordiffuse="$VAR[diffuseselect]">images/buttonselect1.png</texturefocus>
                    <alttexturefocus colordiffuse="$VAR[diffuseselect]">images/buttonselect1.png</alttexturefocus>
                    <include>DialogButt</include>
                    <label>$LOCALIZE[535]: $LOCALIZE[16100]</label>
                    <altlabel>$LOCALIZE[535]: $LOCALIZE[16101]</altlabel>
                </control>
                <control type="radiobutton" id="98">
                    <enable>Container.CanFilterAdvanced</enable>
                    <include>DialogButt</include>
                    <label>587</label>
                    <selected>Container.Filtered</selected>
                    <onclick>right</onclick>
                    <onclick>Filter</onclick>
                </control>
                <control type="button" id="3" description="Sort">
                    <texturefocus colordiffuse="$VAR[diffuseselect]">images/buttonselect1.png</texturefocus>
                    <include>DialogButt</include>
                </control>
                <control type="togglebutton" id="4" description="SortOrder">
                    <texturefocus colordiffuse="$VAR[diffuseselect]">images/buttonselect1.png</texturefocus>
                    <alttexturefocus colordiffuse="$VAR[diffuseselect]">images/buttonselect1.png</alttexturefocus>
                    <include>DialogButt</include>
                    <label>584</label>
                    <altlabel>585</altlabel>
                    <usealttexture>Container.SortDirection(Ascending)</usealttexture>
                </control>
                <control type="button" id="8" description="search">
                    <visible>!System.HasAddon(script.globalsearch)</visible>
                    <texturefocus colordiffuse="$VAR[diffuseselect]">images/buttonselect1.png</texturefocus>
                    <include>DialogButt</include>
                    <label>137</label>
                </control>
                <control type="button" id="90" description="search">
                    <visible>System.HasAddon(script.globalsearch)</visible>
                    <texturefocus colordiffuse="$VAR[diffuseselect]">images/buttonselect1.png</texturefocus>
                    <include>DialogButt</include>
                    <onclick>RunAddon(script.globalsearch)</onclick>
                    <label>137</label>
                </control>
                <control type="button" id="1501">
                    <texturefocus colordiffuse="$VAR[diffuseselect]">images/buttonselect1.png</texturefocus>
                    <include>DialogButt</include>
                    <visible>System.HasAddon(script.trakt) + [Container.Content(movies) | Container.Content(tvshows) | Container.Content(episodes)]</visible>
                    <label>Trakt</label>
                    <onclick>right</onclick>
                    <onclick>ActivateWindow(1122)</onclick>
                </control>
                <control type="button" id="699" description="Playing">
                    <enable>Player.HasMedia</enable>
                    <texturefocus colordiffuse="$VAR[diffuseselect]">images/buttonselect1.png</texturefocus>
                    <include>DialogButt</include>
                    <label>16003</label>
                    <onclick>fullscreen</onclick>
                </control>
                <control type="togglebutton" id="20">
                    <description>Update library</description>
                    <texturefocus colordiffuse="$VAR[diffuseselect]">images/buttonselect1.png</texturefocus>
                    <alttexturefocus colordiffuse="$VAR[diffuseselect]">images/buttonselect1.png</alttexturefocus>
                    <include>DialogButt</include>
                    <label>653</label>
                    <altlabel>13353</altlabel>
                    <usealttexture>library.isscanningvideo</usealttexture>
                    <onclick>right</onclick>
                </control>
                <control type="button" id="598">
                    <include>DialogButt</include>
                    <label>$LOCALIZE[31026]</label>
                    <texturefocus colordiffuse="$VAR[diffuseselect]">images/buttonselect1.png</texturefocus>
                    <onclick condition="Container.Content(tvshows)">XBMC.RunScript(script.artwork.downloader, mode=custom, mediatype=tvshow, dbid=$INFO[ListItem.DBID], clearlogo, discart)</onclick>
                    <onclick condition="Container.Content(movies)">XBMC.RunScript(script.artwork.downloader, mode=custom, mediatype=movie, dbid=$INFO[ListItem.DBID], clearlogo, discart)</onclick>
                    <onclick condition="Container.Content(musicvideos)">XBMC.RunScript(script.artwork.downloader, mode=custom, mediatype=musicvideos, dbid=$INFO[ListItem.DBID], clearlogo, discart)</onclick>
                    <visible>[Container.Content(tvshows)|Container.Content(movies)|Container.Content(musicvideos)]+system.hasaddon(script.artwork.downloader)</visible>
                    <onclick>right</onclick>
                </control>
                <control type="button" id="599">
                    <enable>false</enable>
                    <texturenofocus colordiffuse="silver">images/buttonselect1.png</texturenofocus>
                    <include>DialogButt</include>
                    <label>•• $LOCALIZE[582] ••</label>
                </control>
                <!--todo label ?-->
                <control type="radiobutton" id="600" description="sio2">
                    <include>DialogButt</include>
                    <enable>Container.Content(musicvideos) | Container.content(movies) | container.content(seasons) | container.content(tvshows) | container.content(addons)</enable>
                    <onclick>Container.SetViewMode(52)</onclick>
                    <selected>Control.IsVisible(52) + !Skin.HasSetting(naked)</selected>
                    <label>SiO2 View</label>
                </control>
                <!--todo label ?-->
                <control type="radiobutton" id="602" description="sio2x">
                    <include>DialogButt</include>
                    <enable>Container.Content(musicvideos) | Container.content(movies) | container.content(seasons) | container.content(tvshows)</enable>
                    <onclick>Container.SetViewMode(54)</onclick>
                    <selected>Control.IsVisible(54)</selected>
                    <label>SiO2-X View</label>
                </control>
                <control type="radiobutton" id="604" description="View Big List">
                    <include>DialogButt</include>
                    <onclick>Container.SetViewMode(50)</onclick>
                    <selected>Control.IsVisible(50)</selected>
                    <label>$LOCALIZE[537]</label>
                </control>
                <control type="radiobutton" id="606" description="Icons">
                    <visible>!Container.Content(episodes)</visible>
                    <include>DialogButt</include>
                    <onclick>Container.SetViewMode(53)</onclick>
                    <selected>Control.IsVisible(53)</selected>
                    <label>$LOCALIZE[536]</label>
                </control>
                <control type="radiobutton" id="607" description="Icons">
                    <visible>Container.Content(episodes)</visible>
                    <include>DialogButt</include>
                    <onclick>Container.SetViewMode(56)</onclick>
                    <selected>Control.IsVisible(56)</selected>
                    <label>$LOCALIZE[536]</label>
                </control>
                <control type="radiobutton" id="608" description="Fanart">
                    <enable>Container.Content(musicvideos) | Container.content(movies) | container.content(seasons) | container.content(tvshows)</enable>
                    <include>DialogButt</include>
                    <onclick>Container.SetViewMode(500)</onclick>
                    <selected>Control.IsVisible(500)</selected>
                    <label>$LOCALIZE[20445]</label>
                </control>
                <control type="radiobutton" id="609" description="Banners">
                    <visible>Container.Content(tvshows)</visible>
                    <include>DialogButt</include>
                    <onclick>Container.SetViewMode(55)</onclick>
                    <selected>Control.IsVisible(55)</selected>
                    <label>$LOCALIZE[539]</label>
                </control>
                <control type="radiobutton" id="610" description="Widelist">
                    <!--<visible>Container.Content(episodes)</visible>-->
                    <include>DialogButt</include>
                    <onclick>Container.SetViewMode(501)</onclick>
                    <selected>Control.IsVisible(501)</selected>
                    <label>Widelist</label>
                </control>
            </control>
        </control>
        <include condition="Skin.hasSetting(cpudebug)">cpu_use</include>
    </controls>
</window>
