<?xml version="1.0" encoding="UTF-8"?>
<window id="130" type="dialog">
    <allowoverlay>no</allowoverlay>
    <backgroundcolor>0xffffffff</backgroundcolor>
    <include>OpenClose</include>
    <controls>
        <control type="label" id="102" description="Profile Name">
            <include>Heading</include>
        </control>
        <control type="image" id="101">
            <centerleft>480</centerleft>
            <centertop>540</centertop>
            <width>600</width>
            <height>600</height>
            <aspectratio scalediffuse="false">scale</aspectratio>
            <texture background="true" diffuse="images/logindiffuse.png">def_user.png</texture>
        </control>
        <control type="image">
            <centerleft>480</centerleft>
            <centertop>540</centertop>
            <width>652</width>
            <height>652</height>
            <aspectratio>stretch</aspectratio>
            <texture>images/LoginSlider.png</texture>
        </control>
        <control type="label" id="103" description="Profile Directory">
            <top>60</top>
            <font>size21</font>
            <include>Heading</include>
        </control>
        <include>profilecontent</include>
        <control type="image">
            <top>120</top>
            <left>959</left>
            <width>1</width>
            <height>1080</height>
            <texture>lines/LineV.png</texture>
        </control>
        <control type="image">
            <top>120</top>
            <centerleft>960</centerleft>
            <width>1900</width>
            <height>1</height>
            <texture>lines/Line.png</texture>
        </control>
    </controls>
</window>
