<?xml version="1.0" encoding="UTF-8"?>
<window>
    <defaultcontrol>5</defaultcontrol>
    <controls>
        <control type="group">
            <left>1020</left>
            <animation effect="slide" tween="circle" start="1050,0" end="0,0" time="400" easing="Out">windowopen</animation>
            <animation effect="slide" tween="back" start="0,0" end="1050,0" time="400" easing="In">windowclose</animation>
            <animation effect="fade" start="100" end="0" time="300" condition="Window.IsVisible(SliderDialog) | Window.IsVisible(FileBrowser)">Conditional</animation>
            <control type="image" description="background image">
                <top>-10</top>
                <width>1050</width>
                <height>1100</height>
                <texture border="50">sidepanel/Back.png</texture>
                <!--<colordiffuse>inverted</colordiffuse>-->
                <aspectratio>stretch</aspectratio>
            </control>
            <control type="label" id="2" description="Title">
                <left>40</left>
                <width>820</width>
                <font>size36B</font>
                <align>center</align>
            </control>
            <control type="grouplist" id="5" description="Settings">
                <left>15</left>
                <centertop>540</centertop>
                <width>840</width>
                <height>900</height>
                <align>center</align>
                <itemgap>0</itemgap>
                <orientation>vertical</orientation>
                <pagecontrol>60</pagecontrol>
                <onup>5</onup>
                <ondown>5</ondown>
            </control>
            <control type="button" id="7">
                <description>Default Button</description>
                <texturenofocus>-</texturenofocus>
                <texturefocus colordiffuse="$VAR[diffuseselect]">images/buttonselect1.png</texturefocus>
                <font>size33</font>
                <align>left</align>
                <aligny>center</aligny>
                <height>70</height>
            </control>
            <control type="radiobutton" id="8">
                <description>Default RadioButton</description>
                <texturenofocus>-</texturenofocus>
                <texturefocus colordiffuse="$VAR[diffuseselect]">images/buttonselect1.png</texturefocus>
                <align>left</align>
                <font>size33</font>
                <height>70</height>
                <aligny>center</aligny>
            </control>
            <control type="spincontrolex" id="9">
                <description>Default spincontrolex</description>
                <texturenofocus>-</texturenofocus>
                <texturefocus colordiffuse="$VAR[diffuseselect]">images/buttonselect1.png</texturefocus>
                <align>left</align>
                <font>size33</font>
                <height>70</height>
                <aligny>center</aligny>
                <reverse>yes</reverse>
            </control>
            <control type="sliderex" id="13">
                <description>Default Slider</description>
                <texturenofocus>-</texturenofocus>
                <texturefocus colordiffuse="$VAR[diffuseselect]">images/buttonselect1.png</texturefocus>
                <align>left</align>
                <font>size33</font>
                <aligny>center</aligny>
                <height>70</height>
            </control>
        </control>
    </controls>
</window>
